87400136
80559635
53732059
35041267
75917186
83709342
54844034
81066366
99387234
99723581
38494309
4157673
57198166
58016630
68931754
89265952
24272618
65961333
21428982
57438814
91417075
67658986
66118610
80314733
7787724
97174849
10616214
87918049
90526639
4464037
37016963
77255567
45111347
54846930
16266901
89985883
52261067
28607731
10757225
58266526
9468804
87237452
82318018
17318099
31164287
16746471
26248714
70221340
21111329
42791601
2860793
77863350
71580224
32569131
90926417
60224503
51743530
32515857
71962881
25279776
39010311
91442868
76371380
7664281
4171717
13419045
81738160
14228292
49168087
79704670
19963560
9176348
88062133
83412780
39203000
94398864
79496944
64740543
16325856
63249822
72906735
62231965
84760756
85310233
47789847
83709623
89153150
97575997
42567517
7955601
4811402
58069298
96394124
33798047
45131127
63925647
66430894
99187205
44249296
4458420
52183147
59981694
87500771
41744097
10736434
26714526
52834830
31690167
95452555
55745525
95602137
73015274
39539253
31563989
19868923
81825646
71375900
86267675
29860901
41755276
49116475
30305940
94551127
84912778
2947261
76146748
4778331
87262372
32503374
64195483
28984159
90976643
74799373
87441122
56728628
98581977
67262113
98280728
17263345
24562567
12113360
78700077
32226050
63050283
10178632
34848992
99770081
68442748
67020597
43743859
53108210
78829074
24409273
64864215
80979856
83515625
13985084
67415280
28073172
5764297
46081170
45283071
74347689
86371107
40848663
29551891
56340291
44635851
46057553
98894251
13940012
38521165
68942935
79169288
3205242
29845860
59150565
45142636
35636542
75503498
60468566
50804629
44275662
29791334
35345235
58996414
41472675
70858218
34515086
15498343
34007460
54344777
82929845
87124427
17870648
84365053
23406794
36315982
95532686
5103584
89261807
26145142
77793489
88516807
9410197
71402458
30681958
27727917
62824656
38727985
31014037
58887577
2195637
50293191
38577221
23061880
33069456
46771851
51580086
30195321
95740694
17275287
8917316
9362803
39199474
43853643
93643609
57230458
44251820
16356056
23420042
51916936
21387397
91435774
73810384
19737459
27497273
32585875
7912721
38319401
77111232
17210595
93407805
8852283
43675957
3815981
13984125
27074788
76447095
1282998
2206439
52409611
68756196
98197264
84563579
95342818
76770522
92729413
28074510
78495474
16478517
27806574
86814551
4483419
97635377
92513712
12291114
70469911
85462802
86647309
37738425
55597233
36189638
78964402
98895620
6281925
4341372
69509369
91982563
57975575
13511394
5644535
24759557
16439855
72086280
80091295
80199840
26360687
9401973
92838756
72072294
8792159
43995317
79898776
92322586
54678423
18795830
2454090
25625283
36359527
42597734
50193103
96870995
19766470
59660148
62483290
77406524
85556792
40874825
92386062
66183394
91501343
95589413
61884397
85977680
72528058
80064455
4782098
14394491
96451330
44086933
73529470
10582169
58631049
82483283
31380902
90510625
53178910
43971847
62635831
58895327
96266024
72357358
24357022
88946399
37069320
18531838
65122475
89206278
11323726
6573783
93670521
72551077
37924637
72774258
54742679
29360946
2126518
43656928
2203445
10135474
13503949
98125062
30468280
44559057
42733653
80675531
40794133
23498386
43282520
81773069
57017065
17273030
78906942
61659424
63407784
64607983
70565405
8560109
85221852
80040517
82793222
39370799
18367767
72075906
73985849
25512165
5600357
87356127
81658220
60586997
6792928
13403685
43661220
87390544
52629291
45979529
1161227
13832125
78286831
50206775
5353821
41321837
15973398
66382123
35004603
89868030
99583867
80366676
35387539
51683035
76437170
39012291
80465973
10868416
59204240
48789656
40252457
30889380
97947688
87907003
71203297
92052133
50023424
24691533
14683690
57963104
86166256
2359054
52697470
41209169
68344622
83898033
96740769
16651212
74706417
93226403
13021880
88207063
11759531
14996453
30507135
27536338
5135144
92767222
91901777
2802067
19784011
85993346
25092437
28140673
11848651
2187149
94105550
81328634
7315535
39232406
13353166
99045102
43021909
17193684
60783923
98030824
95823191
17596558
22187065
83353659
53482937
44052893
58582395
25858817
35868218
34794324
17145890
39984601
78293114
45343355
32685795
20631741
56428525
76815731
86095991
18077256
63993083
71747691
23493333
9753434
30030437
21285228
34272552
28044204
25642666
59932035
40130846
43607706
92479040
28426061
59803659
81774663
87959130
39675038
87090613
51112481
38571424
95254520
37737539
91065448
37174297
18134352
28710330
68252737
71902869
59588451
64563353
98989430
56889232
44851442
97927596
52946569
30507188
27017815
6479760
66222929
46797908
18765749
51095870
56504783
74634618
56727063
62673855
53021813
21132266
81029578
44186205
76476325
37018600
29631623
28983729
3823929
26348305
84302563
77097841
54076222
31133269
73288933
21990052
11701205
5031427
18628020
73142786
38532781
92504402
24252742
10022901
89133990
73676116
32996764
39939128
25554636
75813146
57791486
68748098
39999421
50572690
2291625
78637614
92793725
39636568
29031821
23679865
88674942
49866426
1909947
10698474
83863455
38292842
14048378
17162170
17190445
76618798
4303072
72392512
10499214
99148477
59466149
67480195
61621066
40221011
69071735
36064197
23451705
2066009
88792685
93684878
73973413
26742019
28581797
86570482
82828210
44428592
18439862
66889163
64994735
96501931
10971025
99817498
82507132
84447778
32056069
33353083
88572142
25602136
14443464
67185860
56554008
30449105
86088067
11243355
54371638
47725819
51725423
39822727
16441940
16008721
10430044
42577504
28543240
41973782
78833772
36274463
91561007
98135336
94815282
38288270
45565012
75073738
83618249
74346869
91265223
48924362
59995698
63634139
42682415
37102278
7000659
43056046
88649718
50828265
26445937
86705785
73483231
24861088
69950916
82756607
2756768
95966511
12939592
74267771
71469069
13515879
6765311
13653950
39930159
41386583
77633461
75495927
88954576
93069111
37816426
4345397
96087021
33399828
35622709
22838041
90624468
97644516
31849026
46987504
40863242
92865215
7477145
42419653
19539768
90118196
15431477
43252849
74741335
84486314
54941904
32987333
82514827
50497980
61671829
95109993
57706943
59502485
89866020
79787148
62342389
36982249
18862614
81941580
3216872
36632157
96400601
2794871
75018032
97371512
24951190
91326648
56332625
90752878
24683423
25303084
70959988
40266267
82600617
73728919
46732372
43834439
54373719
62596463
60753171
7610773
82659605
16384216
34653570
2978785
72506995
16679356
84888867
28884314
95231582
60383431
67093684
88677315
82768886
53656867
54384358
42746396
53496851
53463378
36918161
94096413
75566132
6360567
63832507
58739310
50575967
80624774
44688918
95760811
72746467
89741122
8148045
73732536
23897940
23273465
89824786
22653683
70912486
15873246
40616560
32488772
18150235
58513660
84145635
10731193
4354960
62608155
56654123
95226967
56716777
92848897
16764411
51859881
41734025
52600713
55503306
71978309
14138004
82166045
89688807
63241722
67260753
79711751
55429163
57726649
98223286
88314846
55733365
10394109
46768627
71675194
86704413
71625201
74079075
5825921
53598959
40030711
49336250
7720282
27458530
42916580
8279272
39340164
6272630
17231069
22435095
83739060
36897434
3642972
1736106
31992504
35430165
26444979
6503058
97946927
92999089
64203516
63444032
66596031
98537500
25887589
73965291
46435853
15046930
53498530
75586677
82340238
72372923
99586907
21379641
65938750
8142560
1104890
63370931
58854531
17590679
75682071
14793139
12916871
61230705
22085192
99018795
55761863
61804542
92579190
80152303
1701493
85513765
7986266
21249858
73156836
84306128
16370197
63148461
10371207
70443112
30890159
24782316
95867507
22895713
45974475
4839631
41043117
22339845
60831360
13742134
34216966
23913693
97996405
95966764
13680166
2549796
12204126
16823290
77377918
11966549
64604211
93561161
87974573
80971367
72352274
63114755
19182256
47078697
51890815
52808405
5990449
8533031
26408817
7317438
54958450
37055237
22764560
44413067
96870890
69029818
58564641
60514278
15438656
21387508
76794882
94806954
44924221
95977999
50391335
27668451
96705225
6781595
61422977
31005211
53137505
12925840
95479433
58350378
60505578
29602888
90878889
80267775
36766953
77626649
99721632
18426466
68542346
95683608
33266288
30051384
64685395
65676865
40357872
94702581
17059243
29956605
72277334
40836699
90914634
60988933
27770790
2888219
8386072
38395248
17283467
40385268
7035531
85420285
80933797
80729622
64263371
7346586
20390662
62318702
48499504
69279260
14201762
50989284
23514531
70261348
70215613
76278662
33458717
38039183
56881913
25029644
45941359
82713940
34850746
31944687
84188010
82724252
80323013
8356940
8484359
45593576
14696182
20049735
31151383
93065466
50388166
14293876
51472050
3967655
52584542
10551283
38475143
4005480
44195521
97136074
71345685
38364825
59928010
50313920
69731559
97949984
46039122
6732206
18757555
9312027
41109711
17537431
47837030
85430696
8715349
7289267
50528576
82005771
34380892
84140930
19449235
20414990
51492614
72321964
91936018
33692321
62198950
26758618
78312148
85919762
60732370
36444424
67148349
77237478
56859170
87260644
23704104
57514405
96293617
85025992
50041879
28840537
82490647
29981156
10556118
85156766
63682802
95542863
66449968
90644395
77565179
61364268
52145870
66122436
12533201
56351655
78874705
48388243
84719865
24313402
21899961
18859313
1544288
47366437
33346814
46342096
34955264
57605818
84258533
63354759
22971551
71587212
28966961
21115755
11681608
56102585
27409611
51106282
54935388
36657126
67871988
25127286
56224101
28385376
24683426
66144977
59696373
13091513
73272353
44761224
55583474
38979526
51851336
57000840
79476579
42089321
82288432
74900545
28638928
76445363
89910416
77508231
7910558
12268444
42837694
37216785
74473111
52365304
2382550
61312470
79876273
82505839
93869417
98623566
14341286
6778607
28844826
87995701
31970555
98084789
38040751
95399207
73883657
33178426
46151000
3068629
51511674
21683511
82463184
57816819
16173570
81240392
74603157
28967642
57481066
33771055
76989632
54313917
45251271
81984594
96277060
41780791
31342685
45608443
74283731
8664040
78719838
89418032
29237883
37115294
79388481
18611251
91053044
77396379
31846731
20269975
67939720
43755783
37088638
43255472
34271791
74574934
61442688
2973467
85304051
37045954
46020797
83986473
81897937
16313163
77542902
93388058
29343328
74679164
42193895
35213908
57154819
7666122
84391232
78715842
98644147
95114516
72331570
39417088
4905136
83472786
21144360
46440038
70333186
96987015
17671086
78486399
73698757
86743419
71701557
25845068
11578641
42190300
67095307
64622911
60486537
89729965
42464799
75178338
71806800
86078597
57100467
82378477
27165818
41297479
46159973
46571914
93550207
18294881
48014875
37714554
57055129
36225936
79601453
12482783
22109462
47591854
49744695
12624206
62525337
29748107
97054973
1158699
23043190
70045213
42433414
58267926
57014444
98540776
40810272
44435794
11014676
19274006
12014840
65743008
66601961
59975074
29219380
15754260
8367818
48982349
75062918
58874067
7065169
67789541
63583262
42517856
91220396
78621095
98899444
62847672
99675009
13707239
82413870
17485637
2281580
22934904
8171337
11379441
4916931
41240428
51241817
68073645
50168788
23198594
70922972
65204260
15759399
92530677
30238332
83550768
22134398
84516353
23644946
54408390
52567265
13768649
71699859
24326715
23846081
84695483
69166050
17254555
73359245
80811147
65903429
84430330
43951391
19186126
13693671
58620427
51151399
26494548
23853860
76477388
63372902
69943963
59373845
76031845
71526419
85677126
15773162
34044239
73989986
96415488
51795734
8272059
72065842
33847543
26388749
11226703
29099857
15697176
28305883
81585403
10796486
46540712
68782624
7109227
79562983
81446753
36136179
22172609
79495129
29590604
77813058
76710125
60683396
59246863
74826168
72334074
10306204
69563882
33954556
68072502
83695761
89785048
6629852
5669428
74921805
83430292
58261094
3576815
23967677
17103962
58773633
65328469
90762481
9176087
53193649
73952090
5225782
46865174
7885877
8913665
62099360
3688621
70282856
98929030
74663899
41291958
21426130
54474682
43870549
19716126
12836210
2358306
87250464
59791258
48185467
34932559
60614208
6582066
80024007
50517357
2147818
2530696
4341122
64052669
38473660
8697534
7782674
93923756
73522098
68103268
79047708
73153579
21272435
78994233
36932589
6078647
32374869
44249336
41234225
67779447
31668646
32737381
59227101
96697281
64384524
18699257
50403390
53778224
24380192
10066091
89133309
92550407
6849643
28265234
13658524
41409833
57241799
71081161
19832931
74656270
90704815
54546577
76192351
39976793
12164358
25170260
42096384
5222857
16996810
45566030
58556568
34971724
51866522
92631763
55130896
24226030
21712866
15760870
37868846
30333318
4308390
99704540
94517222
66614574
2416898
30888193
94122138
63964542
30502265
86208279
56668718
21503729
57387288
79735917
22165402
30127842
95949379
27808149
76747462
85312905
56172491
51694003
11971192
46665690
30646721
67529783
39965704
14940438
81214079
8651372
68472346
57097923
60789039
58944543
65997869
75236793
81813867
10468693
25513152
45557210
24344266
63232720
37426895
61490690
72641937
28268486
59343860
99498461
27291872
62890776
65230226
12135772
22128569
62017513
76244751
69553406
12718462
20054841
21063653
17141711
48397739
65670848
32779578
40272648
49352831
93243884
99849668
86655255
97635699
64900863
10151274
90038176
66743302
46814174
84783086
12611542
24740841
35295369
16515165
3915352
6580751
83002695
38431539
4716876
43668310
91584144
92109988
77977304
53214384
74945857
79712352
19851250
51713483
39051638
19958659
86513816
84513568
42861092
30586903
42427496
81992336
61836484
42732285
62510678
88813497
23284410
86172732
25372572
37144283
62166175
89443997
97832123
89798142
3890932
37630076
46287497
93347537
61615582
74286682
47326340
41906078
92565890
88433475
19945287
72624908
65494966
87866559
40480137
6371839
60804828
19043488
89500654
74100596
46074136
79200784
18313423
74824586
39560507
89193750
49959678
88530926
7824166
94648547
86251518
91221950
6583074
65587469
11755450
27044189
54510090
96249060
4777943
64009275
82086728
81537982
85912678
80967965
64888151
76755353
42238807
95211872
29316564
32496907
95782153
2310602
61821433
26252508
58843895
17505317
34538214
56290332
22368598
20857619
18768508
48153689
92097649
2454328
91617402
25963363
1566207
70181463
85866374
45316595
8237034
9511360
71815018
32138974
24909037
82416861
68458242
89538185
64295951
84287700
42652916
67228810
60116492
75725376
43289759
40223783
39156526
21635376
34011145
52325528
52815568
78075244
34238470
76955349
63677531
30117134
1590540
52631234
23374407
32731181
63549641
6787144
97142439
48882397
91012085
93909798
8605377
85189680
30150841
74992394
3237209
99237749
87903490
19674512
42450263
66194454
76251565
39427200
18851675
11207117
1885079
31124373
59326526
10995391
52081149
95295496
39227571
61980781
93308008
97297373
89516320
89714097
16768827
9062726
82315379
92290032
53146095
61422764
56851123
29572926
62983641
33066816
92144090
62928318
6272673
44454394
63481258
7390123
20128369
66966014
67554871
35074999
83529569
46558256
52704143
72110128
34295681
65814579
75387675
16938791
72908154
92959609
60735427
67895858
93795482
38741207
91367980
25678641
58731363
54113041
16333018
93004758
98870409
43136712
44418226
27181633
97901674
55879583
60542522
43501235
30574541
40271697
52188364
16604768
39801450
1952185
10904552
3982758
33868543
80756435
13564476
52781401
95218293
90188793
4239924
20592726
60772572
64072170
40937929
92908499
23949107
58635915
78307009
62095322
1393007
7868964
49308581
23350266
73106098
53170902
55798104
2028257
63458409
17003633
74948813
97698625
46077871
29468397
76732476
63611823
42893842
45393214
45286681
40564504
71379774
5014610
62466740
16189229
25070699
79541369
61323705
24103169
24338663
32654560
85186808
47432152
28155074
23926324
10261032
55134279
43421252
69994937
76538298
2846689
39460317
71110280
98282680
94782125
76168344
45383200
96168468
8415570
52919521
28517998
12937169
7216690
36827681
45866020
80628932
41777914
16122029
73110355
54105172
16632087
51359074
45255524
73247732
93980503
41831648
19153470
73247695
32698025
5331097
9520109
59201289
6044185
17334236
49930335
70417868
94874742
19349914
46490775
71825274
31847929
38478130
59351524
94195670
57817818
42486460
82588043
69596139
89247877
69893529
81691263
73814815
86601674
41615589
58787018
20086534
40375336
93425689
95819163
19202526
35382380
90234786
2813431
75648051
50892837
27497300
86860795
3192859
63266121
15639125
20991283
66017688
2554273
67500774
61145009
15817079
99636954
19342919
26458913
57262220
90681213
27988086
32722473
50617810
29184039
94618452
57026911
17635431
86638363
41520602
69586067
33963609
97788458
22525194
31188759
58694196
4304579
26286327
81417308
86768253
52753030
12397908
21899880
66905630
91197461
7595550
21789904
25267920
47310330
97326791
35804782
93955251
22480787
89761217
45130285
18918230
17165568
69883412
95193495
31377248
11552901
80316587
19504273
27813855
42415152
2651157
3949756
55769773
26925175
89286299
99715429
99629660
79819084
51555461
61244383
2445565
94834030
22930171
66482816
55407292
97433548
23160591
57073742
23561318
1703414
49294129
57161404
41403114
12560494
71014011
41830503
18977691
26312418
16199263
53372653
29520009
86475511
33209868
53723925
30740374
16695213
94266412
95815495
31275965
87758995
25581269
37465125
89822385
82902533
4430648
14271721
53512601
36559313
64476087
19506510
99321493
21883699
11176041
50863215
54917801
36786921
69471691
31497774
88115286
90656137
94708763
34308103
28408667
77400361
88433463
76258445
80053801
59004847
20225833
96633507
79976629
37939405
27079310
3438145
34419966
88701343
34210950
2916711
21660226
3067624
87799864
78258996
27860907
3790142
35206841
19270538
67701814
81040846
85927793
8592094
3840596
71053066
10931020
30450334
49830907
78297721
25795474
19836574
56984672
95953309
79296163
84656823
89160111
27305982
58349772
91497110
59492859
82110613
68363796
51780546
3019175
99804231
18489926
23390413
60147310
50713320
15070435
41065146
77993824
42666003
48992340
88123470
4080946
9186820
88304322
21337310
87113662
7582913
22668724
56661174
32393616
14167517
51460929
25539381
46707857
81444489
71185555
99343050
98948200
55780802
81093225
82915278
29339049
8602397
89925835
2912802
55078450
72785108
68564729
59639843
66551998
69197411
43464938
18619104
39460862
36870208
30303527
60911641
97689619
77755924
39683592
31726847
66730581
90109184
74888629
36730955
49566180
56707662
2542491
41320512
73376643
28365633
79821702
44827587
55267184
9912715
54341405
99584143
24609921
28479552
2242044
23300913
54240138
40865599
40893320
56296095
46540608
22658862
50412647
78793530
3046815
13241682
65949534
28545040
1075330
61722813
28068376
15608066
84259480
54427079
87290371
55511348
26397562
74488385
68683595
38122141
34571557
55480314
78121720
69455068
41556888
66993570
91181619
69616599
46986010
81934991
72333105
3320312
88969497
36614552
16625777
81613366
43910370
39332151
91135289
12530249
26459493
26412714
49842415
24521712
43982243
40171139
6105971
14291646
36050478
38686147
61596335
68134662
62042576
35629938
74474820
26727397
67767565
23848721
23201734
49323485
84777760
48945996
35587834
36053401
43021993
20653959
89606356
4878954
90608653
36182862
47342539
45162721
77454728
18635813
96468194
67593356
43069110
36442349
43203341
76941378
89724760
64948939
60404443
64469451
78075973
85615905
18806847
11974499
43638582
80764616
96343880
25218981
23366630
17017651
55130473
15906849
7212798
94270117
48923558
71578522
6312301
4047140
84724860
16240051
10685272
35137105
27804233
66248546
2103661
22224678
74064962
2009402
51671115
34101107
69556520
70655671
8543798
3801516
6012338
31300787
75944082
83216621
37876020
90105611
73595530
6332168
66450274
3779524
32717986
64150076
90090962
89195157
40098503
60891336
16450603
72907025
81727960
44423640
33734623
97053106
50484845
37599177
88909610
87830229
25567444
53927225
31367247
32213336
87839477
20899986
53651176
99986282
25512674
29225789
74046769
70115180
48187925
69206436
62713570
94483891
2016826
23426904
24225283
97993756
76638419
22291935
35093444
5576597
61348248
74600735
92823049
34532235
18481704
8561484
98872162
69550426
43890651
55011215
3703701
45506184
30055557
56779947
62319038
3190378
60982930
74000088
22484502
58771135
74641648
31458758
90504359
65925515
66301933
33329012
53794410
25098300
86754536
15620810
94026491
84889604
87270857
67181999
82444673
17334752
39818927
91498063
20226569
52254798
80898486
67376458
92659709
45804157
90273267
90375080
5076799
91955465
75206855
37945723
46736863
14137231
27459901
31502722
65900102
82542015
23205909
81866517
81431142
97931408
53828267
94955143
10745187
43091734
93568806
39326185
83548666
61383850
40003416
50426254
23860972
16770417
76961663
50011509
69744438
57142913
43551185
15531945
69613817
93757922
63273124
78522605
28544970
11535906
47891684
58393527
34510949
86042227
80239262
16632936
22872252
93867819
57785312
74556586
16337863
33093554
82651492
88245834
46594973
67271030
12682046
93060867
6602982
59335421
94763805
24656037
74470284
82760237
96022058
63387098
83361115
42681525
49360991
11886723
68359980
99382485
50081676
66795985
22533769
71506002
20352117
92868920
86736101
60000872
94461422
92518803
63537642
73030279
63116753
16502936
93556301
43023385
59813957
17641839
15511212
17586657
13467845
78606205
93378674
10259463
78369017
54861652
11364856
23589532
93115490
88894472
39822538
29338315
98503114
45851938
71445218
71215839
97189394
51773971
49137957
30542368
42990329
48054669
12257540
56658877
21389249
70640681
31168349
31231670
14082193
40423462
62784582
93584111
26801022
58212243
31211350
67453167
57029752
80717270
58678047
84436704
10144483
95372881
2018483
67161179
32541090
88957839
60270725
78996315
24158089
61616723
36566031
26104176
34318228
60119940
58521300
50043943
77646462
91942442
61404932
7890452
43544489
84498675
40443501
96633514
12522761
53418050
52977992
37679040
79455274
31589689
3753668
17252330
7536606
76527835
23677045
23600809
50644971
28251373
72002796
14903436
35131202
60296139
14668919
65734157
59692189
95487644
42753783
95645976
80412924
8924726
73040056
3228643
96793619
15431631
74884463
32236574
98390320
59495291
9469797
42375647
11821280
85186711
1714902
78427696
14187339
54315871
29281158
2679004
14268034
44182609
43982276
72673568
51416851
12252851
30126407
18962859
98975957
15780881
20580377
20050981
71181625
44243826
81101194
46156728
57793596
77050678
43558318
42676100
80387994
68594347
13844566
88936949
47692275
10413210
91273709
64568536
18890066
49409093
36388910
74033109
93512281
75412745
68918361
68284497
16345763
78197691
86476887
11811954
83753239
1496295
33828119
89331105
59589275
69349883
93425723
83037927
37035188
54555993
52832606
42076524
22705155
60432079
59105481
26228399
83898035
21719831
35206379
93170624
27042694
48241719
66860778
12820106
12191819
6347773
50061823
9789028
11961616
73432079
6374635
67797141
80758801
21708878
42749256
53630393
81843343
68370742
12005907
68110746
72992309
40271927
19926997
41349415
38593368
15482333
31056850
40917841
72086738
74707372
6736578
93338109
42111061
32270473
65785204
5715861
85415383
61500757
59362664
66871396
87735165
59874183
95363654
67322458
89035124
31111478
80048454
32945229
47351720
32539993
31357829
82276880
14165439
80299915
23802816
31373623
34890503
71846344
62135050
97545438
32351051
76388537
29960968
51493508
55844807
18847640
3154476
36159561
77955465
5043881
66874115
76296005
65468774
35483382
38501927
77039909
38658937
97974553
33122865
88285365
20199343
74061644
66093742
63704941
79476614
26099066
4513728
11752378
51252596
13171866
77550505
67697703
6825272
48335468
11883486
13200444
33287144
72518724
91747875
62262034
11567909
37541183
16938464
90612501
85269288
26524829
37908059
87019802
81198028
3435179
27874017
18803528
99494128
40449338
62027409
30623339
47883811
47237157
70603943
42911084
67769358
55973889
57840510
35804426
2032222
9923174
84371179
34673208
98710268
86046601
30113230
49607655
75696289
41899027
1762302
57905283
83186763
35220925
12267136
95736978
24970000
24945325
89878816
18613868
12651634
66870233
18750875
8927377
75412012
34961330
50345541
17743887
66951752
68347605
87527158
25506669
34362154
53571758
21063560
51081289
22242035
94382385
65594624
72057138
79925715
82378081
78210156
92163208
41128087
12454497
7990876
90363692
68744155
3715186
44659515
52751080
46869036
8861071
47731753
56980993
67562061
56375640
12833980
91219626
90759432
8566478
78078765
53075723
67154208
51197348
87209865
42505910
6057416
73775298
98328338
30542764
80148478
32068092
69816822
64568370
65602054
14335195
8760251
14381979
79994312
80055416
30751216
41427073
93893310
76559966
6820538
19670262
57506206
65760418
98068146
63854077
31182629
85166166
41241311
57747815
27294839
98869325
8458760
22184891
75180187
37874215
58195800
35154827
80688685
22476043
52969520
80201853
97427291
24489011
42617699
58933659
30863862
25896828
47719714
68629465
36640648
61747373
14324209
63715858
77839205
60017930
4109882
18395593
19549349
46484902
7485124
57632943
90007385
90496635
38135880
58141837
66724961
67315954
89475991
34638184
86796756
24287562
49129287
4989525
52894825
72066576
25896410
71095736
20070055
31487088
4603189
57571697
40275552
79646400
47883827
55088562
37848407
50840392
85404206
27530454
7971999
78042456
63740890
98372971
92989940
33892912
96895673
62140776
1185976
63820787
88517756
54774580
35497783
73816711
38520011
41128984
41649253
80307716
74126306
33282856
68323518
7773951
72814610
84187082
98660258
60160891
22006600
2789397
59413969
77890414
40729213
41647337
22006857
25888182
8593024
82110706
58222741
31698546
12772656
82650780
24474584
7863502
8132963
95010373
26358485
29397875
92673925
13004369
26784434
7257903
88621575
47338303
91456587
62488906
23230000
81618075
26966427
48185266
34742358
91846980
28701767
42055099
50903374
48217146
56116550
94535830
66242091
5004597
13010190
1953590
24837681
85010797
46906429
55581969
97452743
59040377
39779956
47491794
38545035
12289834
64447657
34284206
79689892
81746485
30802342
47855405
7653494
69989880
33583527
76121847
97376489
64167296
42176261
55902782
63638068
40981149
81088059
36185451
6018578
81598763
9146341
86348756
81670724
28816996
17710456
38855598
15112777
44959413
13834732
97283784
47531566
11709370
20432528
70788834
7595508
59094980
77378991
57016749
74003454
51811875
35817966
67123808
6277605
5856761
52908327
30114351
69984968
36573184
96042698
67889120
47472427
78283062
8610491
6981334
61390193
61925066
71160167
15790208
36801728
41314820
52540878
43957850
57458823
7391817
10724652
66878566
37990198
7946691
26346777
54920914
36084496
8067694
64617675
19599413
52626026
82433077
37427667
99598518
22157471
36614970
12000659
63454114
58220871
18556593
80987417
66185891
24125047
75505645
49115613
40366287
99537660
88249461
34338633
15173533
39385198
60021153
71438760
1234405
78804254
34525458
60434945
31794110
77079164
9186441
48137622
48170822
53491241
59824128
38479331
89659463
7807760
39255029
81815286
5577522
45062681
50060413
17045766
21678734
40384117
6841429
18842725
48983330
37326518
97828021
25586130
78671165
83342728
70031425
4694580
5222837
97131555
86939948
2705693
36026881
66048148
92091698
87120947
7600985
76370665
91446257
42143672
71887082
77137517
77848335
51647426
45555054
43538120
29256990
67562852
28235197
83730994
36339960
70690632
21914827
65812927
73344110
16267893
20307225
64145807
99416297
79411580
84413227
33481201
75531312
42034576
94461392
83901457
98690030
61167323
31448034
8465997
22883381
12516273
44625670
37753044
43539084
86178558
74092917
94095453
29522964
59504516
61120256
81220824
72507528
81542109
6654225
54874682
85244369
74016663
41467356
31041604
21333507
60518440
92972062
50055637
85418710
13828376
26244185
91494945
48450900
85693489
18734650
81261017
13993505
22704626
9394112
49762761
77289810
57277512
93307092
97925872
77004676
98594890
61739421
14924403
93597346
53239471
22859764
9829708
63067393
38895333
41077441
76977292
33194042
75045294
25840544
51779021
93447023
67935673
77599533
88259819
12545715
89655358
52890470
87997491
70785261
41201002
44431770
71884821
63830039
1323779
76593725
39709022
22603078
71040215
23670123
89443238
84211426
30247739
70583523
52748075
87786298
19039946
3625688
77504273
48951550
12127575
13749647
63699974
61477463
93832355
80956739
79213077
91091204
22229260
77684720
23357185
22343794
98645377
57263890
51538323
83374974
14489810
32677243
7306391
26350309
38695112
4602848
98332825
1145205
57763212
47892389
22645614
84957828
62883785
71888259
70189639
7436173
1075221
35359753
35294702
50920606
80658840
32056703
45035240
58504068
55925000
32696881
48539283
92159615
19255672
79316858
37515560
69562827
1753028
83808009
5391768
4994219
35537651
59270622
56504561
96443892
51615813
7081409
83494402
63940150
37956513
89529856
63688421
56227151
24220202
38055462
60599838
38387088
65856793
24821556
55097423
21113322
57625926
96852204
46525871
65829879
37957669
39862502
82773956
83832076
45295579
30232651
13246941
36733042
60715198
4860782
99439546
8509582
2542924
78612366
28464723
8871552
70702812
79191013
9301193
51413100
88510899
38509510
66739495
23984286
42296985
37389402
50399061
78448792
38051807
28796706
24623174
86473024
91359961
75161981
55323913
15087850
95537587
11447166
95012920
30019933
28006534
62445337
65659982
85485129
62494426
8572984
5683986
45581703
77516549
12423652
9733019
31998708
25159740
30365994
35311615
29902486
1996895
26261953
26027259
82543776
17138211
95994084
91416141
44260035
82286769
18093660
94093601
3319712
61323617
86358788
36944280
21419247
7689373
26196488
49228506
96988281
94698529
81468162
47281854
28030424
82666915
97825017
75331847
56782088
93661238
79948199
81828069
67962380
39128561
41794880
4563964
75922348
36804701
22777742
89558676
92366266
98082617
54307845
23722942
32051877
89681500
47244074
16553669
33300466
66831056
94370296
97628210
27541107
60354574
26369364
79468175
69737973
88609527
59995943
64994615
41104028
93084287
19021717
72353812
72779064
48114784
22582440
96163501
55823147
45564775
1723324
77023761
96912110
49876344
92436219
25696270
64052961
36791363
1859947
7727056
27103152
2110186
74472358
88456881
19779176
27194267
69775800
40472655
14371936
70571973
39570029
38805960
15421432
56304856
51573586
21205693
8447453
4168485
21710616
44868195
48058567
83765166
5295185
53548231
67243621
55010197
25065995
52833138
35716064
44772843
53265144
47754873
3911741
73135318
59833507
22996797
49943679
25137750
51369942
27179821
57267799
75571747
72491568
91094638
22821399
25860591
89078845
76634909
20693416
89730273
44190927
51579171
7682267
66048394
75657373
9862229
69248058
71899258
77467739
73652478
55230465
65937193
20731342
41729351
49824327
26550989
50660772
93797802
14027362
71065569
69997139
17812968
95805731
32264901
93122931
15816038
20600347
34798846
75736148
51796404
15486038
35270233
17143170
1722452
10610257
47822300
81369839
11851733
33284264
62493329
54821504
56418900
89033996
52991584
77325268
14971781
68175913
22550161
8098930
28784764
92409710
43758547
70188235
6130798
24688527
10781756
99785729
91652631
12036819
82703246
18105437
91411448
9991557
91877042
61281643
81903284
29843421
5649645
32165639
55467117
95842782
23240597
70121230
17463285
12499941
14095721
57840332
45081885
7511600
74682426
4903890
51118527
77627249
47689606
25791829
57321081
34930675
68168948
16446375
29309235
28331276
29923582
60024097
36447325
82575820
64917497
22003122
31010785
97444445
2606399
5054014
44524031
14230058
57077907
30130103
98905883
41892570
34212447
44659265
57399594
46296094
75534545
81717200
14824747
63037224
89112916
7453872
99062427
8006257
25837245
67830911
41968892
86173638
65949449
65024022
18818949
6012805
75091046
85757795
82888726
1848463
15002627
47106627
52787861
24550250
87467280
39700688
5942219
52750040
33814748
46011404
4233629
34827613
14039877
46132820
90403565
85195317
40515003
25298987
29918957
14289316
13423564
17194676
86399334
63700442
75308277
36979667
31970470
70779993
33114870
82018238
36203133
69060950
60724620
65995672
50275900
78575580
44608952
1563361
78824794
69587423
29703486
83516557
81953174
65739336
28720741
39020151
51410123
5671945
5782526
5417846
51358609
23682467
77012913
42566618
54586706
87227375
65045414
25755626
15284612
3932824
69723184
63709745
20272768
65797025
70536652
37680733
12925858
22230758
94046468
54249981
83122724
72110281
45883933
96101699
45150737
29501788
83998788
48698428
99851051
48181461
37273646
80291937
90077241
47168141
86282539
73023838
9156008
37081268
59064728
16506127
62792294
27533946
80071361
38462171
6327344
22972266
56401095
42482174
49575712
28801522
84417193
26810016
74755605
43235577
72428936
55092050
35753572
22201576
64641274
63314321
79021977
76499578
79823994
18627695
10690460
55210215
88048865
15983206
46644794
10992801
3673712
51775447
43191493
51724918
99852755
31345256
19505817
45724526
77885938
68547898
7995342
58433568
8573897
87038717
90409252
94729307
54451376
66680911
84889899
24970865
7072517
36194918
47086841
79787467
86578041
15672430
11358336
23151574
76848702
26197783
20196903
23075312
61592332
97503051
58212178
60499617
50537870
43621870
46900444
63307359
96974231
1150964
5981423
24964567
56333893
87350567
72269639
92399512
37680879
36173735
39602139
10702466
54684738
81892020
19378139
18865019
96980475
53006156
80161636
61250705
82881889
97152662
96341584
5915932
57852783
97812872
97372254
24920394
98572962
61868972
72968664
82533357
52570072
87699481
27365351
15882816
58486684
44417972
7052696
88664358
33299149
55777091
39100095
14678496
53979112
18761501
85538712
8885944
89509225
98802865
65530476
51705270
67932791
61222350
24183386
52713431
63410868
91748022
78829272
32778562
46988759
13161206
5478245
56883029
47888416
77554102
66550306
87508295
26836924
8871803
12364784
68709849
10157848
16882171
88213846
73875846
59912880
56395823
14773473
20953534
21103059
27133310
88328468
72744613
67876714
62022098
17786565
30637665
47227230
72922028
57332157
37600056
72187812
60896122
23385528
66617569
61557798
18306450
3604202
88547483
92461056
62504042
85054035
83512671
64938580
19921847
58004613
29514249
2589181
71043606
74724327
21392837
59370164
70260017
79262541
8007227
16903372
48909843
33169813
3235707
81204203
49860972
7614859
73686292
47679813
36286240
40221813
11186776
53032317
81046463
81229079
47965167
89993518
73154838
3886961
25909231
44631967
13713350
57982978
28173333
35037299
60953251
62781068
35825079
72816175
4535291
24459145
39584094
48363510
77737047
60306647
60114127
36069594
27758619
8444698
93623982
20365453
47235241
9305656
51012293
7179577
39484657
71562467
77726810
12842563
89554507
28509794
26900940
26678836
43921944
5073367
95660829
13777419
42198098
51329549
45263178
90014286
33367285
66115467
81691008
46694171
71804909
21376110
88758751
39712715
53621909
46093266
5967921
38812008
99379393
73227560
84476163
28861385
47957679
76974029
49333682
14647711
60821153
39791510
54180376
61484859
79443947
32776862
97812550
62248528
73136523
42416528
50952077
2647153
31301708
52137239
94287580
24387180
16218575
37360265
70947529
90093114
83263818
47524808
86212171
58770548
23450897
61423277
77754705
29981837
44334798
12637497
55082125
7238749
69327795
45720192
41025956
19493656
19427333
63226141
17342085
6421016
42590087
70675636
98225108
44039497
30973168
99508117
31915179
61733911
62094704
22231875
14364690
38812661
92569221
26536688
4618282
86402105
63247755
48775550
72157868
21981541
38509949
63143249
16935915
60652801
82276427
56449305
2376582
65568680
44092935
35903279
21321749
73863313
50610127
77867185
7247378
95266320
89760545
60726420
44867003
56714026
32527922
47509253
89555864
84500202
70199477
75057640
46554602
33677681
6796885
32549860
8544864
49345493
85384648
13654995
33645504
2681902
3651251
16659524
40592395
6264377
65214048
15610967
13581453
52030172
26347141
8575456
14556183
56654722
77915845
6839188
17323562
66389563
97420124
7838522
48464722
92421584
61113015
91373715
14785791
52100839
55019763
17637772
68229064
12288748
68931795
42366789
45481703
92273058
47754404
12164038
78359138
62211103
84708940
8815974
43309685
73659331
78088734
26208631
16827748
72117782
45911881
40374632
35985538
54766208
46143607
51431445
84662779
92585404
84787923
65605113
44166469
1555657
80118754
86331471
10937858
18675452
7792045
94339826
84972540
34754222
4159331
36856663
93317923
7271375
39410657
23145375
8351093
38734385
7742557
37721974
95349539
48235613
42391961
39588546
70505249
54851390
72051887
24509802
79612757
46710692
3301248
35069715
5483723
16186101
70820811
16872689
8710702
34963324
31998930
7110275
57160886
52488338
59390211
46132531
48718046
76586382
28868337
33721140
18574459
55313849
2611283
49498861
36631855
43108471
83629146
49405515
64803220
39793192
7351633
71750965
51965863
86647958
82179058
93201826
84921848
80548059
56521400
30933449
92068851
7107417
17247401
79868606
74512362
95509878
67572690
17534530
83188496
81938713
58195651
98797237
10682047
32478754
66036401
32003412
2026283
60459443
45513596
16558291
90366239
76194217
95559968
87285384
29136663
2609398
23241322
46432328
45587285
99056659
28328617
29942938
15700647
85268024
47945735
98152210
47849384
8470028
78289632
31917359
32050643
86672588
7810132
41738766
78185892
85091215
18604184
36643997
11739954
8503096
25856849
60849385
79816773
59305562
78188523
12542121
55726093
1584502
88357306
9039830
48376352
73555828
9568297
70396432
32351581
97684315
40519624
72850619
7386959
58823205
48410712
88170607
51145723
80401072
80526195
17250526
30497281
35519231
88340290
16132302
69855451
64484980
51424815
47478855
59515999
50606911
58128804
64068482
50716022
34689568
14418463
36912224
71380685
12233977
64861785
61157544
58634908
96245207
48150717
41292886
88193736
38944412
87491819
64058441
99905295
63807686
16433146
13405862
92645464
54957592
46310683
80638601
31896104
14334496
29768095
92626785
96679030
63275992
94199613
18386357
87382088
28310901
3293775
41230039
21887319
46369264
49972669
41671682
32605366
8193526
32831388
62657490
99145130
12801576
10368202
83331999
57691890
12494758
40522370
33719780
75047566
75106592
33813376
12490462
26543491
59644155
31826911
30145471
53090692
20748648
31846099
45340579
18108309
23015542
10332148
97199665
82076241
51759582
23437599
82008440
6008698
57682724
56076304
28695766
89211049
64223263
42093612
32816514
1943331
14798422
84844669
65339685
76649503
10821460
71326863
31951123
12743492
91025736
96011174
91817035
42918282
35569579
97786871
86218987
28676405
14654436
12106147
56652240
44363321
93325624
55563739
77964856
19654804
49910447
58131536
70055599
90239798
40458772
63286837
75511936
39429181
23871405
72290573
73262018
71803506
83086977
44803860
4347186
93980367
9120283
15109333
65373438
5969546
79998085
42837689
89728815
74664772
43533512
9095233
65343269
61097023
47267405
38474235
69707483
90381513
60811344
52705971
88389869
89208829
5859354
20806765
6029243
54875269
55807613
44380910
37801859
40183765
85836083
64900442
42323328
99172328
64840445
94096363
7604858
34375638
53629130
75889208
34537546
65301512
94738806
43130755
93687858
43252591
69505779
22255032
53182065
13262772
18721699
74294402
6596923
87682833
37591539
71173084
22997398
88734561
85695276
99749947
9025306
22702093
33717812
86440893
70328288
85644556
44197709
61500824
23032214
11557234
43107074
86352822
73181327
61395488
13014472
11483294
81792632
94025530
44769844
70647882
5735221
3078444
94284743
10121011
87460713
24950203
26421388
66148176
92330702
57126244
67589454
96340465
16379559
25153725
52814699
87961049
50557980
85167050
54011319
4707837
40048660
45340686
61480009
52478002
49705243
18825086
99176007
33472543
9219854
5563866
14428741
53908458
65602597
82592691
5952101
63501838
54199649
29003735
59794678
8989571
25600185
41484934
57519792
59429571
2202676
21676133
33559125
71316075
97513944
76771922
75363346
28333579
23084486
37181543
81346042
69597009
50974327
36451805
99767827
57143078
81343873
45529830
3663544
93667581
72464375
75924878
57938313
27411137
63234439
1422050
21030098
8892464
80100141
17796630
25774263
23996524
79464480
45368277
89559038
66364949
1851076
25688674
55993943
63402059
8363209
77174698
67815331
62244309
10052754
95472023
22811194
37706312
98624933
13115207
61950880
6584596
16521871
92461005
70730350
27733685
86787235
48652894
96357837
87758583
26818298
76553103
51776325
23736087
54740862
35922803
9803419
65152908
96347005
58012518
83484003
75188846
87086775
8949609
27870164
60647713
59323547
12338110
76870774
30616803
10906593
72969240
99972902
68617412
19027023
36416902
67073414
8002857
59487056
43194683
42495194
60005731
21600997
37043383
75679194
66996759
9428806
33994488
69858194
83469186
27385815
35608442
63941430
85147697
77810131
97961886
52173872
34481439
50626778
41459653
53948643
72666005
19721407
21047396
29853167
15199502
88742994
64933023
34194965
47712973
63021867
35140158
5939511
45444023
90734103
14664971
74813855
75287445
97920249
67018947
97602815
33366284
29006925
75884570
40397657
17333874
71997563
77961214
93622901
91015695
82021977
45496294
54615801
51296263
51604454
34458695
35143489
23754593
42170355
87586927
10575225
28518980
31110180
13781014
11983943
94346558
41475786
12421836
69486059
16838157
45240186
19716998
9178186
59838383
80418868
42025617
98460093
62961049
20253944
18570427
73908005
48512569
3508142
20227052
89551508
36992708
69374414
69106581
8373752
55863698
8378162
33318124
8327019
84042838
54286271
1888702
60212255
88308053
47056797
61188179
55026476
42824467
91099262
39472957
96735768
89590256
55296567
47507395
21109348
10427284
18783076
12121546
32464733
60796380
59240740
32710441
49921000
28174923
96988683
88424673
65482557
58907383
15654237
98896536
92885997
82200286
82425560
29814660
24545587
20652718
13087376
30197566
76061452
28726712
38829274
55603151
11221387
62128715
37254874
11081349
7017777
1349837
73849957
46045807
89579225
8940682
65477143
71368949
33261984
70818213
33048649
95849937
15174991
61750078
35058935
48901001
99779352
84264508
70400869
16797327
5233955
76782901
77842339
85326718
73674530
78463418
5335743
57806807
68352733
44105005
35429264
28877039
5645204
63497029
6744078
63859626
24959532
41481576
17543079
44881661
72017661
20297426
13186311
7408629
46730468
6838853
79314989
8983652
98643878
42695669
76519041
55755347
16817007
22633588
44558427
53971968
91218079
44068707
47168535
37002196
67467786
27649099
83882583
81192668
13930252
6963735
9449180
79149683
32436646
31902287
50298965
42293303
22102869
18045294
51229779
50352528
43578739
3372246
44787965
9531814
43556339
12995132
58590846
82136898
38789871
19910797
17378011
88685409
79489207
26136360
28740636
55028505
40998106
91555691
9810647
11804144
32769613
8116259
34886552
56989240
82175633
41661785
55780738
80345908
97170068
78301490
21351196
94302167
45296765
82987134
30127517
6522382
39709252
33669802
72828167
91507827
77849316
65790839
26996784
60919790
28395008
75231264
23960265
30199967
28124354
67597418
65842662
15166808
37118398
20488670
72800196
86743508
68348273
46780810
69695509
97797685
23049532
24221475
84435779
50279045
77410635
45809742
87163835
22675770
50047598
90185458
45044804
35576302
96702675
85215805
40621396
55532496
54358740
87543361
44066444
22586904
50811590
22366821
51118598
24661264
84720730
63189922
48405644
52699971
60047975
51292675
52598102
38101258
86510484
98911715
69150566
12776153
71403118
55743898
20959259
15976280
31802514
85177627
60699364
56398184
98345993
17350496
32363457
66292365
56164464
79008667
36850284
53962193
7907026
69353035
37552099
62054099
23192326
13338469
15327270
78930151
96613306
71964783
20275137
29428819
10725294
59219336
55791681
1311632
72322263
59923290
88891321
46613834
7590935
88708871
17723292
58228309
67051317
51802764
55580853
20007803
44693830
97661422
53420614
13497020
92786861
22528226
29044533
1582379
27260231
76453670
80357661
21154347
23269250
56080462
89615425
4715476
99452678
87426782
75533001
19029418
90729234
15344328
49639149
47439683
4496465
56560210
95122880
7929579
73622228
97969843
66540984
81962452
69041819
77615167
53952445
53088264
41589200
51413620
52689407
25062822
91256151
21164627
38362807
83776751
53524258
80298525
84508287
31633153
32317628
12486347
36302184
55639330
60167347
44906341
11682913
79341355
68714047
72594151
48591884
33882826
92489042
35374680
97541890
85474941
5772321
39654920
72303639
77951333
8435369
49507772
19926958
55766828
55444477
95300776
74672678
13749030
43009446
56026124
62958716
72427690
43009813
7270891
97687770
3707459
79822301
22274645
92415486
70372573
29950813
16783654
55033850
86368376
85796664
89905715
48347567
31727901
85838087
39566135
71787906
65669981
66128105
39408150
12287612
49973076
54886206
99728252
42605309
16231478
18251345
31632762
89351049
80547109
89890018
25049716
20920452
83572921
85600577
27196415
34773719
74819604
64541155
49787332
55173632
45491991
54752934
27323095
88143145
46461970
55628721
22147628
19293111
68210208
11987218
64777958
88697948
98725603
19050362
22982760
13018847
18737110
25903430
84620255
84856587
50357859
43111160
51245000
4789419
63607811
44071200
65617612
17145677
78051953
77812033
8271085
8661605
52353894
75018845
99311679
8790265
78824954
85451691
92875696
82525235
39938029
92645912
83515056
77087780
64055989
96408022
22405131
29516423
76724070
33338916
93441654
60489355
49082934
27714819
92281054
13623040
93992672
11678722
98511199
36738017
57804513
75049148
38887002
82839405
9379317
86878679
4479374
26835289
37374906
64874915
45577244
85597372
62917998
89351699
60628438
20809801
18473531
79054183
89183769
6371912
10896730
52783969
22147465
96651023
54676036
50619714
37941663
67399440
20244623
28954958
90437914
42867919
8650977
83829158
93720635
7963472
87085258
90616478
76081403
22505624
60476649
31754582
90057656
49529345
14806954
73751406
33504253
67648840
10326677
50763895
35726712
47833541
56132624
53991247
93215318
80322179
9101756
69848877
22872704
3695214
14777386
76323268
14374580
6102671
60484181
61598734
8941857
7045215
57318868
96693432
54732063
54344856
40123292
63662124
43317327
46567924
68161864
66218548
69624796
18765987
57913863
49680288
35736144
56031660
8478627
33568378
12776190
59086458
94090692
89455854
12881016
60111414
78882997
40187095
1930200
82966738
58051380
75600629
57929478
93967932
42544871
16535150
49910409
31339959
37027671
5579701
63502846
59005842
9986735
86865972
13564605
46104543
84470476
82902577
14665962
88004474
54872732
90281245
72531936
61238333
63294524
23904706
32741592
94643694
67281683
2553296
12666940
71939684
62294394
22772206
74659942
82800589
87327495
70526297
61323680
10064550
46506363
65982046
65601514
82742714
50361062
69659681
21446229
42649080
9136945
54158025
49902691
60292183
24948712
7782521
28672462
40087922
20474671
76929116
76389057
11241564
5234418
13001567
11666973
3395256
64862994
74617895
45075522
88481244
66029122
66778366
85164385
73061288
22749164
33943074
12307399
82328476
53657624
81608151
89663374
31292988
56650435
87458092
69414114
50775547
58117099
93361707
30772621
5267291
94772371
63371490
55288771
11426649
47411434
39045158
1040176
71834412
90444898
85918050
18991275
47357267
28712600
20734014
14853187
16250149
66469141
88468456
18740364
81885247
93711577
15236738
28024507
98214949
80671269
39462820
70643535
65641657
5741918
73778641
52942157
32575479
31318405
9030020
68728847
40588037
78388119
69377652
35536980
3684269
25199408
26058559
4175366
68660543
74201382
15543077
64262871
32084841
28345687
94243911
12443591
42202748
40784972
34731191
69390613
47128034
3367568
73271049
6934276
12545913
36954197
69769695
77083499
92328720
35423303
77296899
9255223
24920312
42190046
17538948
92310840
63971764
91340744
91268230
20849428
4579000
14771615
69125977
34212549
80107806
55684271
64781636
34584043
59537229
89030010
45159348
20363169
45729713
22935303
93913086
86206833
26883078
21948803
20156327
73020090
49586907
69848649
80870111
74763048
13113638
64356935
23709900
98977152
47035473
45179311
81021171
45046762
43822200
2521044
21547406
32346656
36132871
99570686
75780091
87972358
46324850
85494077
66639714
37804437
68342714
5940563
84745035
22562058
74815736
48799203
51183835
72062214
35008934
19305509
62478091
21232081
53474647
30672183
5448236
90163476
67192757
30365845
21089369
58078951
97102206
7928507
9060475
83674190
18712872
18317719
60642336
43162426
71819592
69434749
19358680
4677083
36224616
8861535
15216716
7643229
14541119
27420530
15694300
71102040
38975097
65512932
53191719
50085599
24469686
50689788
71185371
22533086
73942912
17721992
28009654
52643726
24153026
20888648
6425155
96082434
37202951
17207711
63887112
54633688
62051080
53275377
6876503
41961026
13946860
24515598
22560697
67073950
66678726
92375546
40047535
84906830
89052517
37731751
50503126
77758613
32968104
20616283
31597676
36893046
93231902
67204085
70166542
19893375
46007529
38943231
30447449
89441592
38361826
30096150
3695434
74949592
50861374
6641684
16167474
98938488
59209749
12606012
42294367
5653775
14727722
95701544
66002647
68866373
44499497
29274807
4492019
59635774
39566573
15689084
47057627
69067972
89819336
93786332
90572676
53404684
50028892
83264344
98529185
99856430
74088006
38280393
46159650
41924613
68888147
15099404
41517221
23421901
73047528
99962424
48467932
93295167
8400030
75883696
20114433
36203550
88200780
64732469
31804741
75856922
75416792
5167644
68058982
39087722
85343762
10349073
39280233
62343608
59802078
16550989
40522849
44190942
53981703
30743135
10987554
66077972
84066534
69683144
62017788
69826897
25812988
91476527
48401741
60436898
27363866
20309098
2702733
7290648
54868123
9251470
1625499
98607900
25243799
51271675
90625897
49847048
56546749
73546702
69091385
49145952
47560030
9791691
84231281
51177195
41558559
44689295
21594181
29092523
17831957
84072893
79343242
38797541
64967638
24334961
62525236
60737774
4649174
31591978
40211251
58545792
71222163
96198700
64661251
37791377
51983558
80899663
93266285
72034654
69769672
62285017
41984333
99745960
12215705
10478085
79758265
84418055
95890471
13087552
20486856
94029216
67155945
48342101
61913266
54686438
73028639
18627333
4181824
12910063
62101985
59429813
83548416
50950268
37827384
81154401
27268064
74654287
50360597
45400680
8180140
45902417
52363216
97952512
33056823
37010588
62405739
56723420
82962062
59531749
70557305
25950800
98275583
25725742
21853070
83513650
35142949
14361544
8667562
18097035
18105170
65141586
24590967
25332803
58952824
51796280
22358232
12008616
83581734
62925530
48943266
93665228
8474528
33649599
24687183
87512913
62113876
33019566
27325310
35238929
89696697
74047229
19161259
86557519
27306323
43068159
34428677
41477845
80040863
2654675
31152374
52273473
9720363
47746771
67204255
93876955
99987805
11826579
84472783
4949657
40573027
50380200
7967006
59106200
7358130
37161258
12048435
25644088
41042059
40116405
16121431
82119364
93936762
71376179
1462867
51064416
38029003
98561178
26980569
10361858
1570935
52382170
53978800
77565825
66626827
93504075
21694780
2595277
98092248
17864585
15117209
49727392
2198175
85913532
15131027
13971844
55495822
30886172
56827262
33632134
68898077
19712231
76502128
75871748
79823110
4168709
43520550
68789644
34831085
26228508
34222785
94170009
5482680
5933416
99951706
87909808
33909543
87954857
63383302
16362567
72060896
39634547
29480948
13848873
89628911
40280589
66539806
29696139
74015791
15264805
72544299
19471614
65122044
39598038
60781063
91388369
31773377
42077523
31024082
91043606
72091439
45203289
73430086
61682599
34757370
28975846
59430169
6621763
4827756
30421835
79101506
67932157
83734165
45485678
71414103
16182172
20926652
73716510
14800319
81899313
66460222
76695274
12787474
99949970
53591149
97336791
87610509
87092019
26717170
57066563
64464130
44679631
96605593
11068975
23129528
35686468
84301544
4875078
86165723
38810179
95774199
18323797
10404597
20046518
6457353
19955630
10698649
34770531
82545868
53403517
95057206
58017751
56258891
97445866
4781024
27334999
54637894
8200575
78742958
28977813
26028052
7893089
85718598
86343936
46320732
38057148
95592503
28329098
74870013
38246030
73311695
16021149
90639675
82812484
50319120
40504769
52975367
9954589
54454103
37699287
55426250
34373581
41713504
93461847
42256080
83284870
27319921
30397821
77171339
21565218
61852416
93490937
88405308
67430390
91605732
13439758
58583926
7441496
98393698
13017753
82711009
74511652
96650972
8387608
44177760
29052176
17276072
14342462
5994601
64334151
33728586
46136251
72569523
23642054
32644161
89344420
32575723
75965243
8060593
75308296
5697266
89407510
50581769
45300952
38697857
86460715
53535465
38840002
38682678
6681178
48659404
14205104
32593191
19500239
48092657
80682035
69543511
80277512
95377638
92302643
72565367
24610891
24444791
34742413
90858059
18855719
99855961
4615206
6382418
39271469
20312022
14422783
14753475
57550278
57801800
40066621
92316830
87107268
39378322
26149315
58030786
67157977
76658308
81907753
44505473
20683878
48247976
70704767
33765116
85482339
81541522
37655972
31457474
2324783
80721274
29840208
17826270
25557078
11283539
62027536
72710779
84972941
29970610
85033866
75944246
14405238
2893267
62329893
34727900
48166464
19907016
56655805
34805053
38579720
18053806
18281247
67115031
54262779
39330445
15364841
5179707
25255525
21906654
86320674
89222324
75909713
24142312
10352242
88881555
71765727
65751457
35817819
38348018
48725279
31054188
44643587
24778587
23777971
96348866
70636039
54249438
14418919
39107340
75512259
50123907
60496826
52013374
48696519
44201425
29508880
58244839
55286865
54992810
15112110
89229675
76118829
29174830
68726981
41464526
70237492
98886537
70186726
5413739
55726497
29795851
95120691
20045028
86394633
48310582
5494128
49620664
31486573
73838691
22375623
89656571
27349234
10084154
99859689
14928429
6428388
57180056
64901570
38701334
62178753
83103641
82628058
79000692
41773075
21215794
80578524
79687822
95158487
65462585
17662363
70264960
85758064
51760767
98135889
24026171
17020824
38276587
10347542
69799633
64933094
88322929
44119014
56100433
32354946
60950341
46142575
35325861
30148590
30945014
67643657
14565412
83997513
43391153
24149961
82295554
56664680
3408458
45001384
46221667
28272995
93038529
27848901
97225697
40475621
37424417
9476274
73539865
17384832
58487638
25049270
24376274
23765165
35953870
83284703
25583792
23029000
8575229
74956466
31970153
68966495
17019408
1910224
42263454
94858811
79650633
86559971
66522745
70505104
38223307
93870680
77153541
95458717
52473632
83637377
33455768
22285034
80623447
64422475
78696527
99215353
64455636
34073040
73817106
26758332
91145177
60576234
26734866
17844565
68076380
16610587
74918393
49425819
67160013
52426480
79734290
76605124
30499846
75008869
83170920
32425367
92615624
7910567
67287004
20559615
27628605
54963991
57973501
18396003
43852768
65664893
3291188
54028067
5739492
41485154
88009636
28659131
5549198
70748308
92570849
44907677
62653686
85199634
34568942
19712550
95083571
34936794
18574387
39193924
3673206
69931537
59247912
83845686
9217716
78718776
92395830
14434905
80160272
27248429
61017599
86581323
36405445
59903122
97152092
90021733
53335942
25770352
90877820
32966735
68026059
65479707
29027884
68894983
43548161
41236772
19479167
34291791
36488108
39146607
27570681
50770691
32724587
32474791
92032554
77446533
11263489
95771276
29262594
2364366
64771290
67954515
77898223
54362835
16107030
28648687
60652610
35588495
1966464
91466939
40391248
67076547
11754994
76136788
74955745
48553972
56826021
34709792
94846009
85671645
3734879
39527482
2077128
35583976
23072590
50789302
48659233
53636175
14807832
62355023
5244368
23121975
11733422
7482642
42581626
79274881
16168868
27717700
32032626
40133314
95958750
94025037
94964731
39628319
18134580
39945386
21957032
69659890
35336541
8306820
50629961
1775399
69576086
58796114
84120477
4172732
58350112
36009225
22166087
62168245
23644095
75410735
68622297
46151841
99782490
16449327
19254790
37923749
59816619
14123796
95623354
8141459
45255646
50323384
13334973
35228548
88590696
43302793
21943910
94081264
71008257
17212036
90661987
55812411
54518838
83061219
3448792
5407629
91794128
19141353
35403955
69700045
36375279
10600980
64167153
96260741
42006548
34052854
43246973
40815743
56258728
3387234
97420729
46474337
43580019
30544292
44169215
97858479
35676959
80563679
99349479
73448827
16060278
67722513
28126068
42160509
24389975
95912384
57911198
98803586
70035577
20416301
63488464
29220174
89035000
14367693
95978181
56212156
91944027
20957502
46483000
97138737
82195757
39687131
33223062
47591228
15161080
81006946
38210484
27180355
10037810
53343103
3957327
74630068
78203504
23192801
1693499
54720564
45493942
51836353
41829419
36396152
56069940
18753828
17251390
26709808
41250004
27422051
49335720
45754364
85337294
24194617
64257676
38144253
33612068
67621013
20376337
70511294
39566491
7912885
42578538
47553370
55960480
16120918
37893885
39541993
35398037
1858903
86760334
7729998
3346242
12471781
84959009
98842171
1212837
37639023
16609722
7701876
44231069
11601268
39511994
60448720
31668392
33518932
59271047
60021431
31631545
96819035
93700377
28558419
62682112
84493452
61521355
90696119
82808899
3821413
96084064
81214217
25899591
33278874
97502259
24453447
93046497
20700007
4783881
84219084
75199696
80475071
24271847
20947786
63015554
34338287
11222915
71772225
83928871
92523866
13603524
69094918
15577408
60008535
65647138
22740921
17402513
23301593
63951011
48184598
81633974
96205361
10522014
40315715
94395291
59410637
19116461
31696970
54335588
13706473
44556794
2134725
75714874
21262160
22804007
6952602
58245395
20907198
43117577
32633958
41703247
2612996
82563501
17605874
69974428
20684522
90104011
5301502
44462179
99208094
83412324
41527579
27083911
23374791
89377464
84055146
31919963
98387245
88256695
70374583
13909332
8816430
18596745
79902685
73333145
22986453
97807734
45285357
2283648
8183516
45068617
62064557
36237328
12206508
7716786
79786457
93651464
96246575
62464350
91778373
52721121
29478598
60286267
98239938
39013791
57731211
60691260
70924570
27058914
92269387
18885429
41896296
68668214
86000902
27385284
78186804
80065515
86186432
1437512
62995415
36316712
84689603
25611922
41254429
34235711
57309724
25304903
51757114
88539744
83002359
26123929
10606706
36338831
15748986
65575271
41257846
33857782
10364618
50248206
99103498
4850660
58459138
78273827
55825319
88894366
80176956
34165992
2517673
25942728
99298421
16496480
41681827
28862744
84651817
96895733
31671932
75738119
98389609
68058550
81671035
33161149
93789863
74335810
51439317
22301120
76521979
45458865
30376600
82665014
20001607
6618235
66397068
69899295
65913120
94457922
5302909
8370599
86783575
70363553
58747219
76392016
44254998
35898024
9542107
77346959
70579330
12967364
30829113
44256565
81120707
2572392
36845445
66962538
21150974
83222618
77594208
8823269
30940416
67537160
74149762
91318540
71945678
73935745
21488099
86751581
77418001
98787809
21756807
14787456
72187156
6002367
68232894
95566902
98421018
74805798
96462012
72788701
20332517
11493102
46704422
90846546
89510547
76909170
52201730
45892016
65961743
52333068
74858568
83998025
37731368
95754687
66412304
50563073
28265645
39218081
28532742
74473879
18488939
45446675
41722293
46374532
75592619
55750070
78216037
89136406
91614430
48460805
43781617
70306401
71170872
95978893
7925694
50122951
97984816
47298429
64324356
89371637
10477571
89131072
20630557
16706038
29176919
46499162
47729561
51724785
75530132
19258155
48576217
47774899
94127963
63686736
9160223
21699289
93562956
99959708
73447999
37048459
23069314
59558268
81260933
25565244
77388324
92615003
60405858
88823450
7304303
31637310
38790527
1617335
87184843
30619257
1912566
7672006
41023937
23319504
53803178
72689693
78502665
50981810
85068505
40761079
95705378
67024048
33749652
49537190
97218432
46295268
24993681
37573961
55030704
51445422
11272709
44908888
71020115
82747137
29883247
5805986
71018436
89867946
15513885
57477349
3446394
92988236
48613053
18578289
48485894
44384682
71760785
79920448
38910037
16813298
76135783
93869058
14155407
60502403
70455825
95157808
96757761
1843386
21643426
80727254
74510794
30819067
27683750
52602892
81411955
3054468
8606151
64818809
9936051
85160689
12786125
46946939
49794709
85280633
84098746
97438774
3625732
97958425
35350300
54370819
4126787
54880759
63797434
88749611
37911260
39217624
11084481
19254386
69914116
63340050
75797189
99083384
3220074
71780860
32883057
41204452
23549390
93545067
68301195
74113243
88886978
50275082
26519624
49785298
29115999
94643161
77097761
22831278
51843263
56258151
84634957
9446999
51225206
51758945
38172736
33893623
59516911
50820087
19392210
58568575
52811622
3668018
17100395
8230497
62328410
69648078
45458512
48789604
57278597
35078021
45613813
35242532
66116850
45152984
96907913
38181037
81995681
41090759
10636248
57534845
28509503
31199532
56399617
12135966
81388785
92236044
12669904
5963736
6904047
51183638
67703527
68382613
38462577
32472502
42478543
49802097
81140926
82535507
92372063
63631957
67696079
22285597
47240201
90180902
52022021
30191301
29680709
97391634
81184717
69836524
41471912
33066959
82982496
53529213
28212454
12032781
32967312
9051993
36954962
33997449
44445477
37000412
18833522
48316384
10884522
59385364
96986898
1793448
54502898
7006805
58493589
19833181
85496623
49829820
88442518
28666682
28259391
2398219
86375413
27073820
40127152
11081693
78388341
88583198
37834841
90517796
27061654
2575793
49378361
24908714
98558200
20185999
8966689
64057441
80929304
93782697
29279230
24250609
87446599
16257752
73062100
62829058
26207949
4810038
83542224
99831806
80833538
41563142
9024859
89274427
81775528
34405470
34316084
88103571
76593738
16610366
19955609
65385871
11022282
46367856
53729166
23426327
56979286
42054016
2187847
84432668
83690902
70411647
57311695
7358246
74554604
35482440
75161709
14667778
69458506
11458739
82257016
21260491
20573785
43966132
90531619
57527816
1935313
12489446
11179029
62476704
8565721
39793317
24728115
41260989
44157354
59953615
9621015
79458783
7706301
38180641
39335665
82186738
90107915
13978037
95770172
42309592
67274548
4022359
63510628
9479966
3261200
23649394
76740451
81796344
26364732
76410091
46433116
47673481
35767038
69937839
88908145
26820414
64771557
72927783
47896341
63598355
54845799
97805757
30461370
64287023
75548736
39651548
27183326
32911874
29609045
78171636
65898157
90768129
68484784
9729542
30744256
4423333
58988785
28758495
69656564
46076760
77197465
1414484
57648898
57160089
10110477
94732826
59805843
97187653
25868244
30184958
2916023
19891099
48212725
55406512
57045949
49220867
48587291
5203853
45161139
73500148
59802079
62132962
77371373
72923758
12430392
9308163
45557728
68520907
11251075
7667207
59877291
91756646
11890347
33804061
92460636
74475954
95839040
87935970
91756591
88047497
25021054
68041995
93280471
55459138
90033760
8556460
46061357
51302233
36476073
26517982
70389886
90344593
11765417
83108029
48021528
76073241
7149383
17854090
2201075
73777718
8451847
13185909
31634732
56285736
4983647
33872778
57779943
44382883
73936657
4754166
87190492
20305733
46940280
52022146
33867314
89803431
15220431
66060463
73762097
97807630
55015023
19817431
36142339
52899462
42377769
42735383
36030439
44682443
32796935
57305471
98966274
86647227
36590528
49270384
80311461
97206312
83249428
17048288
93002997
99203554
82783365
8162122
80600507
12544175
56994678
78147011
71597547
95220074
52409015
90219792
87021227
44496752
40673365
22738090
16068641
86562174
25764094
11963067
46462449
41548023
25486562
52946925
87862972
36800201
10180633
75843792
89258579
68182822
51889720
60825377
37578430
67923049
89299114
59321387
59254929
71948650
64071559
79471677
65594907
37773901
34627745
82271322
22311001
28516485
47973715
56339166
8829829
96378743
55748639
12216064
45929628
66042251
72488630
84504065
44975960
45367673
20045415
71739459
77028893
95240580
12940525
40859132
55039873
34592196
86036605
25812708
19036756
48093485
6187353
24988897
66926214
43054408
76691282
37889450
60083194
84831333
28692018
75971777
31296001
93155336
71120983
92067292
49342988
47610401
13494332
74779980
77484674
60309727
7127496
60147197
56089600
56078886
62947283
76760277
26874141
81557599
26704299
11931103
80329355
93606664
34405406
26052980
38926042
80792171
80248675
67417679
16034945
53569478
28467480
44127736
1423376
79273840
30564486
8458340
84443848
22015352
96499234
54161073
19077491
38821369
62680610
48363453
33593092
62006468
85843897
83747098
76807412
22363728
1726256
35514321
35543126
23231104
85059262
91010754
66473012
87492418
92536761
88866738
30211735
55080780
75571893
99236097
52165528
23612025
32453042
66973832
97765415
46352116
41556933
31286745
41526514
16388482
46205328
12047458
18831552
3127105
22808826
33253825
15680409
34801217
75256137
41477631
16782323
18661591
6340455
72865044
35502232
23199116
32909073
92676968
46206347
48870102
92763827
21136546
11586322
21906628
29982045
35693064
81811288
72329868
81778295
44727898
88450383
20862362
49753933
51133938
41309524
53809851
84172077
46630603
52761795
6045104
75538592
54983176
45947717
52913313
17225049
46365597
98983969
10208754
10321809
15330686
9443937
52347172
77916928
42877087
98439165
18836306
91524120
28938278
25536273
44814098
57031567
8501436
37121304
39696634
94961976
28451121
12911853
14692263
3148897
66736608
86137923
4156223
87535172
44602206
30981226
19515365
50243467
93339323
32529075
22301224
14519517
76774715
34625383
26914492
49916597
76468075
80220845
35943335
10414838
56027253
21415347
81645011
73072613
53416633
1888244
46079801
37285803
92365260
97994209
31137003
12073148
19810781
92159579
53602391
15830964
65136126
96031359
56505995
42516828
74275709
80986705
83174982
14729335
71650191
93182173
4846504
65832694
60218919
79919861
42276287
68877062
92355516
84723016
37767476
65567570
14296679
63968291
84375606
22731803
72383651
16255416
3045472
29276308
46955554
15677763
14023886
56367165
20766897
73015972
8896495
67382054
16906704
42845631
5432504
50373783
48946597
93507112
9222767
87146676
77407818
97152648
82867034
31527924
56478058
76066497
7511009
28858440
45421894
81977182
19921811
89101574
14584732
90791322
5944291
71158548
96519881
31431336
77612075
81313127
8555383
52476392
35317039
87797186
97843085
5990256
39384408
49841115
12583424
36471272
61074736
73181509
3999429
50671096
19332570
63877206
47808949
70144711
12121411
25418813
73538491
96422869
38837749
81476091
32831909
96296840
70068653
45705515
49786865
89772536
76892581
22738996
8507457
89003209
83496707
8422241
65249010
8501464
46230990
36961699
81188106
18189270
24044304
20700526
14294341
23811052
38386061
43947805
41010751
25583939
48473902
47329961
15132329
14488670
15397747
46908105
85624518
74578285
92964138
67155196
16869262
59118412
17998780
80437647
35072177
58853634
12444893
62717505
18005557
66430569
38823128
36344159
21234090
61256743
60382606
73908638
48894386
25757749
24455141
60501195
49468016
32519648
54248924
83349540
16340623
74633837
23761628
51772536
54144537
72058418
70811796
81992928
26777726
90667396
20778320
45825994
35696579
98760197
91977486
85158909
13878248
80515776
66288097
82472501
76050723
85923296
87106739
6166931
98100582
12111280
85990396
53245126
62437637
13765115
1447366
20672054
53180868
8411659
83180143
34684667
24849965
76474994
99734162
22818697
79165370
60373591
4746237
6870238
91611389
76253364
64770239
23384808
79062095
4848933
7298028
87468682
76322032
19249343
76790236
91990551
25429189
74533121
35031175
83424230
89233113
18348341
54301381
43532308
97214967
22510478
98360323
58910164
91276531
22995541
50378103
5551155
92358340
5270031
87729566
84500641
48352780
80403140
79626825
6984220
55804556
50823392
52857741
34949730
67418597
20175340
45006241
6100269
65945957
89618810
74604334
83436149
12651562
96710820
81633518
75087520
25480079
9852799
78604610
87620920
58600089
52340608
95018584
18603679
3875858
10810315
30372186
7934410
93980170
39179207
75455639
94407973
80295636
97436971
29526934
21342039
99042200
47555839
84273566
95015876
8886856
75076747
78719623
16095009
39650770
11156541
83558142
25169813
89482164
79541913
54611415
39499648
87866837
80015242
90471885
5678127
19405255
55467494
42198578
81676767
88632719
46851330
82522997
56848875
82575849
52120742
66789216
39497018
68542559
63980303
31363108
18232535
89944534
87693022
90925725
95375385
13818683
71425286
99654737
32085360
98189807
74649990
97364021
71997044
94839931
77864380
54296435
61586083
28441874
19478539
7316955
93416704
65121524
7579237
55405999
47985899
99347116
34904071
17097307
81363566
11192205
99690608
98573084
13161198
16255211
68985448
18298112
35682470
22613761
13280066
86474457
62117235
64925063
74279314
63141979
20717016
68583376
5650606
14163627
66816276
10982378
42286059
85816001
41635471
94133021
83692719
58472153
37196370
85620844
32932712
71984418
27038794
50523025
56303679
18959894
93757243
96592115
31941554
47970633
35454424
34992397
31802155
60080290
35230155
62847092
1040153
2821017
7764358
20551030
46314354
37860113
93833303
90182515
9455288
70803162
75403631
89168943
94679683
61562572
21357506
76005233
31972234
80477623
56421914
7494132
42875923
91873802
91052721
87127554
8761667
76625524
99753349
97159784
66522139
43794017
27357636
88745914
97866687
49387946
2114338
46521236
99104987
55290423
44031282
90763026
36656898
60591644
76147276
45721702
56653991
22230466
1391749
69912078
33551274
18130343
47257895
45648578
20584791
98531942
45061010
17031484
66755673
48299117
83335566
41723787
98485096
8452719
73189522
83954058
69690987
81971659
46569606
13973476
82683937
68488581
13218029
3597802
39903190
4308140
60622586
93632807
54883342
45515199
95047264
16322461
60941396
84707537
3956367
56396724
45133227
93770583
73169575
5854963
97187796
1796322
79114831
54397959
15227989
95175223
83102632
83937251
19995997
8309648
49273580
71045251
73284739
66637184
2695818
69877902
79105495
36553601
9625184
18505919
6413525
89129368
34904104
36955670
16113320
78892239
46408711
97048348
23804233
61522107
91980723
91374396
94001278
74988619
55511616
51016292
95302222
57673573
96554407
55006292
48819559
8111810
20867538
55458316
66156568
93178936
3265290
16038377
24566140
55235405
5304230
38048875
84817852
13772698
91736359
23257050
15992302
31951017
83157980
54352957
57410997
86753580
44650710
39304327
80527012
56780189
10588204
81974647
65929234
26430561
81738130
44647559
74685186
19938984
42948994
86244668
11603487
35299524
18441061
9731604
80817774
8257288
25976508
66493674
90293245
83658332
63063508
80803097
81528197
78753118
49483509
54076238
19009625
61137654
86930961
97692278
10393984
89996718
34440547
25356954
92307254
12033346
80697708
55979585
78155489
14037653
68294247
6611696
89317753
7506577
47824448
32763559
37053438
78880759
21037386
53769355
16279181
81421612
41566660
70539412
43694419
7531128
87896837
25221392
25591752
2245697
51700053
65626955
92926861
49371644
85767801
82840345
64121240
73204671
54143529
60547993
2467052
9090749
23858379
27984555
2570688
73159070
24977179
31389075
9511874
7689090
62238988
36933877
60954414
95045297
71581915
13602396
92026905
11196665
73157273
87602026
17493437
99604531
31420673
5360425
39598882
68318822
36714303
10739521
61306942
47704157
39887874
99506185
41933314
18344154
28375309
51110139
79936327
74795918
56813226
88862464
25025498
76317061
96517340
14334337
36742857
15808772
14745915
97425846
24580272
37654037
35090826
86440119
23478401
79882615
19183844
80605932
95447944
42089422
90115548
22011898
42154330
88707340
4198998
23309477
92485421
84119532
60536995
58455801
21350665
22439497
73934889
30490245
57090323
60231855
50956675
47598776
56228179
29272679
4468663
58452428
20639933
18835617
64648080
99982944
68871262
46404924
28697117
25293858
84392678
71022148
99657519
2948617
12336530
58902269
92381827
37539796
59073695
25867136
14121695
16228128
8268798
23732208
54055616
22305534
49525387
95392888
66167013
80769812
38735373
83649253
79664944
29084513
26763549
33094472
32971226
5275050
14493132
78029082
18794281
54759980
21220517
71630597
31985687
67929548
9746411
51872205
86215579
69160033
61632886
84407767
96823088
4856337
11880461
95870423
79357203
97707695
14339386
74704436
5726315
76855744
32946349
65000449
89974872
21004100
3960545
10414240
3386072
47155226
53505262
82236026
48988436
8579164
69740588
4575206
52692040
43339310
10724318
48614909
84957255
1919173
23885945
88749534
59917080
96646861
61460538
1241762
75982182
19534798
58461165
89345779
30941741
7224999
97731256
77312781
12324334
9038996
91269380
85402274
22217971
16197309
59385249
51009151
29763736
20631105
66624672
15597530
97668125
72640811
79907940
47433987
30480068
48693676
74025325
26828086
37198890
44027936
4635655
53886673
31231382
63630180
86242555
67603150
44088882
31738114
18505558
67120125
36353816
23737800
55830184
81364838
27583857
71579231
30486773
88697362
5830205
13796672
13151897
6518800
57652073
9758781
69950147
49734391
21144507
25835453
10548913
96739663
65209122
99650786
13476353
20092895
68795998
12361072
2493873
40552886
77450264
7230912
72674567
52403854
83783440
70471251
24001139
68073776
33040766
1189527
38119796
94992476
40508452
92257931
23215387
34714202
58546512
1552754
8561187
64277070
34243958
35831339
15196744
53289886
10268236
41622891
73928177
65133302
80112557
80335345
46914665
46292125
88233193
63611145
61537720
31392339
96650926
79671462
71576321
1844374
26381916
30754507
99969726
59445084
96476022
9941783
54908583
39976717
13991677
49739798
56436393
86547725
88401733
5974346
48535516
62591430
77216140
11140434
40943022
34523866
76453434
42436511
59858136
62087941
77469945
56153356
97781318
54174586
24054027
3920393
37670407
88532528
74716123
48004581
37353463
13263177
90549287
16897177
55332150
68009150
17045277
59184870
91183625
20120411
3796501
52883474
44824378
6947169
30157507
27938846
86412879
99112600
90279621
77147882
85056537
43091473
45732493
50768153
37617752
17807311
20330458
59586415
69372793
89722078
92865181
85414118
39777798
52265578
97437222
67770912
73425371
78450239
46580068
33051629
48805071
11878803
54355996
79950871
23344209
22470946
94802879
56211092
50509539
19301839
57644665
26268625
16361495
71185054
44461745
68313480
62925308
4827902
97750839
40819266
87282690
76205781
81200052
72893003
51924347
85271536
99261539
97361054
52743401
88388927
89667134
71077504
4273199
5931137
56544112
65920705
14864354
72973780
38196001
77202021
11128463
5851964
27066901
29467633
47989336
22166379
32056039
30240449
29877946
92543580
83623609
66487952
67369861
72843779
77716455
59891031
45063300
61646317
81834651
16603300
39586757
15146467
52434628
96462539
8192495
10923851
40038676
45037145
58828420
89456083
48919187
85860940
98108709
62716797
29473255
33692629
57138302
17880596
11499433
29045473
96457963
45206357
46375075
2789958
37323494
21623862
23568033
96094433
90493526
34158061
65605065
53102936
44592679
32000157
70259205
19997901
80980466
31083311
90866238
77611294
11226828
65519643
22904655
61220544
56504934
11044118
99230344
70466855
76389940
36128220
74973711
19586737
26001895
38960171
61489997
71561883
36141633
10941541
78478470
9735733
10667849
66358890
42377010
8865220
76526749
96710957
55802835
88343633
41139690
1828669
3670423
17322866
57253965
74848519
70573143
17200224
13960629
67013893
10898915
87325237
23711410
8199974
53664982
78455594
31754309
37045583
1503722
26867971
86676226
1323866
71260952
58826278
63248606
31918142
88503399
61469503
1735304
21593859
33577312
46980267
82912861
31317540
98228599
45916977
83048749
41340393
76394264
20475374
41771775
14792106
48770575
78871488
68366374
18361247
86227059
76158399
98268488
41754899
76523554
13240755
71125799
52876342
98303966
2972004
11695283
56585416
82238276
18588482
58568490
22943523
70222234
84358812
54291137
45472485
45081466
25463699
12089841
38328879
82147877
26603076
87277375
79042705
76610298
44912529
37607465
4365956
48697509
28547397
96539373
43079605
46134448
56348504
38313683
95231384
92870933
26239411
59581592
43887326
52749154
58755111
1482756
71313054
56395512
72178150
81920860
9833810
56830929
11246820
36695185
75102308
25911479
98052909
49523992
24261540
48944965
48700318
10658999
87948353
75656930
15885504
74846601
41867472
12987517
6558329
72069057
23492677
56886892
69550474
80319243
77929516
70382904
89908021
5662158
29692378
16488987
96631921
68761134
67108557
35079988
80162850
35135283
28137279
17011650
34537758
62210344
3946753
92188429
97999151
14195375
29985263
26737370
88452707
6204414
25385019
9315438
47119408
3551523
61188509
95851291
33931644
69314161
34528875
30649921
38009119
45584680
48730307
49918760
70267916
6443790
87164764
61833192
86591250
69519106
28043509
75448901
72526582
31250010
74812318
81111561
79656761
68330981
14036480
29643856
66212003
2278574
86462512
98739604
35827410
47355985
25868875
24787811
56551819
91113728
66412136
98522926
36702828
62094866
71965480
61857664
33814070
75340403
72570520
60146958
33420983
79986623
35283850
69959934
10676433
72212877
4428040
20963730
48194488
95789616
3590448
62418790
11392024
4571823
22237924
5424559
99740682
24325194
77410559
56605209
23781651
96329838
32775293
22097631
48403289
71793335
4968514
70336703
40690246
86396569
31056629
13597664
71876373
16628176
80544269
19678434
88315854
43623780
22398314
39375462
36230349
11282090
33851067
92471125
49543033
81980163
56957177
28637333
43452332
97243686
40972742
83831587
85243331
53979548
70362154
38901373
51103321
79734644
51057339
10021956
55145272
80628302
32137237
76682945
33383951
33458084
58791150
11996778
40869380
11884390
96466463
82529591
65159830
17594599
38059850
82487924
97440652
26229978
44668982
67957363
98724218
2672817
97280264
33784162
5292106
48938643
14477422
15229694
99303653
64995217
61342688
65256674
58144432
61916326
3906326
29563923
77243189
91111555
56112139
20510843
86652090
2281139
34610987
1516351
37629408
25692742
22981010
65570462
68087951
16434968
90194866
52779981
60019626
38107635
67407869
28837731
56109827
44242535
21034520
56176218
36638612
97748466
20591969
92428157
61801955
15558086
48972563
99141641
73510489
77045925
4054083
46482631
92502852
33094411
91860935
84566706
24938879
46998884
86478239
23072913
27212209
48387629
18778504
78865321
44563923
71008308
10513422
48386629
58169175
21525320
73666123
39668382
89791654
45045488
52552208
46964142
80822099
29796759
50895812
12721233
53647327
54505357
79678866
49698828
61672290
61899475
26823736
54740345
80787101
74455498
31950843
37434511
24983217
24808181
60942958
91738271
67198952
65878225
21571209
96800846
88905797
31610047
50004907
7397551
58554494
62820337
59496367
7017275
32079933
96120541
7796113
17007291
89906939
27089396
35652591
46013358
66940376
21158430
28510355
19443752
3923490
36444638
80979816
94951150
73280035
98925469
15919797
79921206
30658979
23117638
46307839
56938697
16895482
43134939
60197761
56609183
69152301
41606477
36502381
14539252
99230238
69642213
84015014
66448715
48247337
20869323
11748527
10884082
49655495
63499783
10053868
4159419
69822041
31946915
23445613
61139047
3410546
75469113
22561649
50183897
26541233
89959965
51531497
25720327
75387455
87174103
58907560
43205521
77017586
36031936
79956342
69387201
77489863
58269790
7794461
28837032
47266154
14476298
84888494
24922158
21284984
73647606
59645065
39283622
56390370
31960004
62128573
41761610
48751998
79576853
50515826
35447010
52474875
31189231
19478550
7452627
26088615
18913507
88386390
65360558
11623294
59194786
82286709
78401173
85942158
17207179
90440615
44449290
25914288
42532009
16532943
63543280
19518001
95505288
61853532
1020494
16042843
74234621
37670094
2881736
80300067
61129089
7765687
47348512
1931000
86831513
80831253
5548592
6161035
80721333
22475932
55562132
1675113
14799446
23191041
79368806
52660927
4894567
54689989
35466098
66542051
88398300
39199549
81653466
56766989
60801160
67141943
59732760
5671740
30926592
90926753
97099789
14650233
58402604
58921274
67491595
37337591
17699951
55502310
6288881
3142297
54111833
83999509
15494702
24094494
99261206
87544157
33846119
47433061
15323230
9594864
32706767
19581187
91243881
54116335
95587194
39852938
16179462
2997778
11234955
2808062
50058864
74830711
35296655
54334277
5110898
78158278
48711037
51162082
14987473
94668200
76790839
62324202
17155375
25904502
48451487
22430352
88582154
28366822
4951927
17923927
52021533
19688180
13916959
67185711
57134296
29752932
80548410
23413212
54953810
16294741
83300703
13897997
98156002
5228661
78992683
89389435
76312570
20011834
85978037
99968917
2607846
7921348
6728195
7959648
23341036
60426968
76125050
3696845
47203679
44060857
29335259
35163397
94523995
46698170
93786165
20311777
93672671
19994951
1095390
3936351
2775563
22457680
71224528
57693374
55477903
52545568
29370176
76375426
41897414
77447441
97197560
56067567
16036953
55385337
86654242
34562802
88278839
55007677
49211356
97712712
14115170
73043898
62661453
76462797
8504358
89611490
93562904
56750919
10857827
63819880
28544954
31686434
93791043
2070265
43797380
73759442
95356291
44769767
24248208
30104059
55264520
2416681
39710920
74771791
2251907
55227541
84756594
38745776
41392048
14529621
28325929
99278263
99878644
65007713
16203604
79468039
53628492
74203254
24700769
10678602
12270148
63640255
9746873
74460405
53356693
20382408
31511587
71285587
67877243
67385320
82003678
15311563
54342674
97677827
52179877
67100342
86464775
79263719
54273501
25996352
42026198
11218978
39074396
3390034
14827840
96763195
42328403
44451346
77841737
57992882
92469858
25642645
64767826
38429680
7462323
5394840
65875524
85113247
30600735
56239210
51170559
5614009
82831712
27325631
34926655
67631293
45763583
1089726
61629118
78552442
38359650
16664569
64794553
79223110
51168485
76647439
15920130
33289071
88956695
60061802
38311976
97116769
92167983
56465175
80337714
89726827
81780877
68597140
61765015
51044416
55504160
22135878
31707730
8743194
37662164
58484062
33934271
95241820
90383082
43779209
82202463
28332962
72181487
71080158
82724907
91683843
96086278
31317144
72214348
56325016
22196789
54243238
50928574
29810151
80633734
37944359
47735812
49166242
2769426
31712871
64537520
76499653
17354486
12490495
41289153
72492698
37666402
97046543
51413935
55463415
7099148
68713699
93942807
99158975
38401088
87161632
79111610
58963650
78447604
88378012
33357607
68762606
16309906
32738542
46838385
35091280
82139915
97593787
31170042
12264824
23271748
36024697
20485226
5398696
42095485
62162232
80337128
23956134
7059753
77854767
38795683
51201728
83601532
93862960
40179061
39428412
18128665
76394963
52294227
99236235
36159468
6226618
60611255
65406934
72656721
97823186
4335138
37431419
7176687
23153537
23797168
35220458
13297485
7778223
3847577
40002237
36341866
91318017
59985709
75037509
93959634
99169132
49816363
20524332
50069010
55902933
47287676
39734939
50124249
91374574
6464059
51567796
16155273
78418132
94016619
39825989
71491170
72672658
55602008
13221664
9678914
29062736
43806777
54623451
21647535
16258192
97672297
51833430
72441458
78960015
63564584
20554789
7804550
76504537
24864499
53230033
97481374
91748809
82797797
16357529
94174247
38624792
72177207
66686442
11711319
54730485
56099395
80317025
68320654
96662812
56090444
46438751
43816126
29739216
2194739
74980799
98835718
18877944
72583669
93716504
62181827
38045660
54149214
24431860
96195199
60178933
91864610
67798541
8992990
77977340
77559501
90316309
42623322
38077510
36254514
43219506
40590612
85104879
30327885
12241576
37109199
3193152
11245656
74338438
65347485
7754123
32351784
96071491
47150677
61107966
7251491
53218421
76728019
61152775
95155159
34750429
77013857
85379531
76040172
80368826
52023102
42001177
67266649
84997070
88184639
96983707
84108988
91111727
42878506
65166736
51427700
72219821
51967136
44186682
85222335
74847398
53286310
57899505
33497645
71503164
42998877
52836228
79442924
23283358
92970863
59321922
59011344
4997766
35607273
83047919
47338498
6949779
56515987
88382597
19769114
41742067
82957139
88014694
4451745
66514246
72262337
56582536
52088970
85177210
12268172
12840943
80958433
2731789
37058945
95031985
8172427
19202762
90022677
14651704
99141254
87410408
67927976
55369717
83062088
63862294
32800903
99789660
6668526
68244476
18742101
75962672
33303875
23110369
37064016
59995860
99838419
91214049
10548829
90308008
20320217
41029920
63968250
75072658
60805733
24783632
73637676
21444543
35448161
47465822
39952518
54672326
83913509
1392596
33565861
54071885
49207960
12883256
34618913
16340443
14409583
64739406
81245182
10230236
91837152
33304588
27339167
57246775
59365709
64862178
97746222
32497119
82514616
36956131
54826925
88596086
71354422
11571642
78850762
5125014
54524608
59674918
95728541
36697872
21425284
4536290
18266046
57918878
54111744
22069404
4371447
99894904
77285397
79722231
69165924
93289534
70598470
49015748
34743264
34681250
42743880
13879666
70010143
53034795
86738017
56578605
74247022
95271324
96801719
61464526
1019937
38862666
9009780
30521847
61367321
39239115
55968717
66034322
15902289
95982966
31813911
37432798
14340272
2911487
13305815
73487890
58483144
92700363
78911934
21318273
2854855
20040247
5350164
48136238
28679065
32275743
56896191
67509718
42307861
49862467
80986849
43546222
72375207
40180353
65460537
14409144
2835553
38495466
78631570
99328398
7825057
95400415
90492154
30302388
58186306
13149571
97450826
1004926
10647421
91467650
9209452
88565506
32250343
32211830
86696240
27362546
4387477
58917108
41451307
61817596
48906149
16606660
9636048
94559012
91772229
70021057
33419161
76945236
20304951
63950921
37167807
12134637
62969526
59286392
1760196
69773621
29592721
37650029
26476359
65745341
93586316
80098252
97905120
67357035
74892451
88911388
74425386
26371025
79042967
36525343
87069675
92409081
34839836
84048511
43610426
60312209
95260883
90347125
89796546
66980078
26198392
63037547
27613169
71316840
96352348
22761563
74081745
14023568
71786696
83846534
5669857
32577511
39920251
55616587
98399914
72531886
12392290
75505421
40054349
42531509
43914925
39683187
67398594
40521138
9450394
51609393
29904295
72700052
71716333
58652501
55654696
79562112
27597520
35902051
67994251
44569176
67208990
48952205
44048882
26448122
37274846
36606637
85722679
2561023
6704873
15151248
64637673
86535314
77025981
19100651
10365981
9609080
78076278
98200105
3710198
77939650
28287892
32384252
96252259
74781841
64919751
24282302
12351522
89766891
43395315
2592961
49172163
56714102
49577396
50803368
17140930
11403928
81609553
1801202
5164609
35121873
2749265
70167483
52575990
99051505
77254933
4007279
17914124
17774026
89581679
84064300
55564322
58268757
91845270
77980537
61917102
92439650
33191175
73168271
85806260
45874408
76666947
58430828
78829008
88310739
38545031
5454874
22981886
33305192
96897899
85917312
81056245
64380735
13550556
25449735
45960496
43781029
2382307
14358442
56097264
4651731
57133594
62610672
87048684
17492609
55625651
35332048
13427291
91944317
11737076
70616190
14637499
77149098
84656335
66111343
92405958
9086987
76238978
46366043
11585236
32253980
54877950
18846530
76641623
54681043
49978431
12842491
70057947
54659796
19925001
87881305
9916801
3223619
30681921
31122327
37568676
33295864
82836529
74371303
65717313
24410396
1213199
68174155
21986434
80254830
75317100
88045748
58539450
97147916
19402086
63451287
29846805
58838219
71179031
80818378
70994938
27413674
49562271
4525151
67401283
6024805
28819199
45201557
45125857
12182021
37666904
43807496
29620900
4026554
69591918
62658813
42466693
63080784
94710187
30569977
27678443
19462763
23880227
38348103
46823920
33505797
46356925
30260018
22063998
98774493
19958021
6227468
85218417
82084333
92505515
47030608
68521035
74873347
7022739
34772932
31929983
88861833
20337441
98232762
21344978
2990752
63969340
12186916
18786372
47433446
90288928
93620468
74805804
17509412
66269693
99092080
69832687
29192272
50980031
36810744
83060972
70709964
29808687
89348842
40522375
46995046
86526008
46997972
13603581
7789944
90139249
8604414
81737738
66662595
66648665
94757824
37865813
1950974
83700011
60308988
95398480
74502882
75707439
2597218
92976583
26654745
74908647
37018635
14437942
91724106
66558975
1681851
55320834
9051338
91456766
26564458
16013742
70355530
48762682
27854217
21700559
54755835
19001075
76612346
81045536
96062144
81843825
50719846
75721613
87595463
86852676
89772385
33398216
26069312
40923449
27891083
35438439
24801476
39140482
35480508
29206989
33092891
37154535
21528006
82373939
46868107
33301714
34965239
85236942
39159044
96287520
67643500
32099478
83815259
93486594
1996335
26407492
16667297
71846078
45124249
2350427
46675687
75013955
9990478
77380742
92804342
12765934
70855822
19397668
31099212
4564486
68456850
77236742
88174329
17099352
50187078
81642183
69489203
38349631
28846696
5314431
97558951
40382102
38396752
43263380
26834651
99065144
82345437
29529415
4387622
88389069
47243662
61712991
86031792
61733561
32389768
44031905
39498761
67452559
52359096
45823827
65165073
72018578
93688008
89512794
35693762
19555162
50977985
81798953
40227632
23354240
52171571
79343498
28886589
96162820
35645533
11412284
47889668
1054571
44573052
42085596
65148253
32616661
71174991
24985977
67884912
55722604
82588484
48646289
82603393
36435496
53379901
32327299
10486903
41964238
12743419
11118037
47680634
71646267
22226057
44964169
27363185
34400560
87936070
36573081
50983023
71469705
66314086
79016366
63923733
98842264
64906496
80621199
30582301
10102983
38941371
11964094
52298891
74889142
37605559
39440437
76896993
91262166
46406632
38082603
14022886
21452319
64377388
1614614
17048310
56740715
97631336
16051579
27017252
73106763
91885600
30784424
41978553
34995471
47169014
41171820
28131408
3379945
92317806
37464793
61928246
5737742
72984815
2501036
83817748
60642856
23363528
10835929
39900991
51759840
34377942
18326386
66913702
49550342
22188712
66600553
39044486
22677139
72474298
24477680
55226350
15469182
55584665
99282607
56733424
58711683
41205544
36629246
40082703
24625203
19393156
71685411
52455907
22387487
72067385
20519773
20576241
34345569
7828858
81437309
80062951
86478492
93055165
22332572
99030183
8479996
67238433
39874725
69792381
64226400
7994731
57323779
13779973
26627593
40449648
32958189
42326514
63860770
59796368
83790112
12929357
91499432
13209537
46764333
88146097
50783320
36953558
81927524
15496919
36824336
65741106
11107153
49806528
64901535
66591113
99996665
69054525
99574417
49525383
38668652
95533704
87938213
37618874
63250637
53386733
37080686
28443360
34274218
20274665
88119317
79478413
28019745
97474869
32755564
61820060
68767802
48805436
87355342
28300343
21031206
18296618
67284539
78171085
85390433
66968360
75291520
40025340
64166670
93225779
12128705
10218439
99189872
40265589
14208794
94004313
72815982
97954021
70322902
82381828
88865495
96633937
57513479
41995088
81205866
55899813
56109266
48391876
16606030
46799539
96171116
84401095
94889610
65759725
61588011
81910988
40678936
79780466
41747739
76817037
7879675
93466555
69456381
12315237
20510637
35876911
93251559
14691248
2247534
77069845
93133134
68677300
59874765
92740614
43718160
10650633
24085161
58814141
21228188
82016412
43645766
28829978
82242543
92422204
90029599
14302043
82394031
91213365
27836718
91350790
80683921
27383274
97906907
28437095
53575074
88698458
53878397
96023163
91539084
20068881
42291603
91773102
20016517
34590860
69509219
63368697
91261603
38437820
86722636
37903375
82549335
57113617
20269049
83603841
69103241
75360323
66880657
21185125
67526245
19186529
7179781
98295664
5980743
45992162
92088164
29455421
19096970
42026934
53813935
40850931
58992784
44020816
40542673
99698229
35774488
54711117
96438132
63914837
16248987
60741683
30036627
79881226
41049771
24114472
21468677
90572071
66250076
35510079
18669143
42008927
28006891
79845250
22676840
33076177
15541730
24857049
65521597
24590306
81977558
57052902
37907837
24023068
85639922
20303314
89401756
11802535
24190219
10361709
10659578
62495119
67860857
32710475
37095691
52140844
55584706
74743370
69631663
67207996
85825646
71119445
35066269
11884509
18803996
14727471
55679482
2725594
42165049
58676521
85270095
6155841
23820274
4761238
68256837
94266244
30629440
44520250
76939361
95287069
13599058
35793788
98010222
78302533
29842813
49998395
98346154
18815107
87070338
10705837
60744661
85133991
4586801
90917921
10719818
54598798
40038131
20195708
93584738
53341228
21299950
24035947
95275519
21130277
47845252
19203695
64726510
62031200
29532712
58062564
98707865
54825901
34868228
41199848
75132259
75447929
89879355
1855031
87007235
67509208
55203742
17045687
75954299
55319734
54060000
47280718
38194052
56264614
70398754
11499488
88919216
46091134
38027652
64621441
93917230
74084497
11838058
24259658
33987860
60860802
15456656
46943385
6278130
6337565
41323475
12616035
96226227
54141224
75412314
30587473
51929959
75577306
68483742
36061152
2726439
71467588
57438038
9013298
33116770
77824403
8398900
54324243
1516172
11167380
84205238
12207628
99433189
72987941
46979993
5056168
54328732
27087184
65757922
47824701
46432195
9442479
9549376
29903014
36841558
50639402
99443043
66166471
58670889
92726633
64495579
98685229
6200422
2822778
86463455
18564152
84707960
40805444
89090003
23137292
97827814
54221274
25409854
73478397
53068651
11247484
53693899
56879472
99365304
41701812
66323960
69371607
40234811
13517594
12611648
77643217
17246502
47082188
58696875
34772786
12161833
28112689
40178525
45639558
32030610
64663344
2210719
89799375
2138535
40558627
54734931
90441928
41440488
89267107
86885224
54926476
75718489
55201847
3141226
32732168
9302968
26239391
74489957
39610469
98018247
91708007
4802890
53415978
32773776
68282231
56031028
61747815
67408637
77553682
33784906
36469871
81430301
98046248
70367521
71668765
93574365
92523340
22662702
76566550
66912958
2051918
63970680
60229177
63300147
57066359
47214776
31945847
3288298
91788540
53803499
90752587
35948132
35678441
45386486
72610824
49925044
42536929
7905163
14190711
28957867
80432713
89838574
81918509
6216906
45596708
58944469
43109159
13872930
94581305
77430270
75420313
5826176
49110576
52645719
22775770
85107261
24096231
85695766
15708454
95249914
12508279
37583195
12754551
62868005
92947015
19031135
44655220
58977179
59974659
63339270
10175327
57587021
33959184
2732961
39424442
26890812
65455794
60905091
93222233
56293945
90330081
47872540
84619377
65172958
10657574
39152921
80319126
47375977
76939215
64027836
92681346
77373927
40012866
82506162
22030497
23456650
45232058
49448156
27700110
78925107
61908915
10241905
31981464
45371720
56681525
69901364
56309052
24809422
1512157
72387383
56242471
83354458
58679107
11409065
39832787
55466210
77993190
62272904
59635297
60774021
14035185
87391926
2832153
62946281
35136521
51895222
84879402
52456568
24419347
1262483
70312428
91554022
5841275
23363092
82254839
85302892
35515429
2206612
49066592
9288231
5815287
36751696
40442699
7944976
63008723
31876042
25550733
68255369
13359543
64528513
88100492
72829434
21401417
95810206
2596380
60886084
61654785
53967796
9153638
88617532
72042864
61178088
67612525
66422069
5697150
58498004
50855148
84377028
68762069
99602766
94052842
40160382
36131420
99939865
88488631
8912704
67224683
74702729
96922049
87833948
8310723
11621885
12207516
60647730
52685446
61531343
64306047
85769970
58378559
3489091
87276944
44020951
13541773
70329120
79538164
88529726
93461195
73292340
76048267
27767319
15363336
20206143
21992048
3653423
10019066
8787712
16042914
26493514
46484900
81271975
71589093
81240937
52451652
15070634
18746424
6410280
14680147
79186066
63068472
73644044
52678174
53874127
2833296
22685434
90847234
77925010
56754166
47969917
57169601
39898691
78865149
94327793
75362413
61612310
91918286
28336343
9448021
21755936
33938898
79239305
16642701
55618699
38238764
35135353
81501448
65794996
71205790
38685934
45869707
48536130
72930141
69316836
34813520
52343559
4931151
85072111
99627420
73936741
78848491
6441071
15336837
64142794
30548247
98450129
87147676
18361376
12847013
20677155
62840603
96653394
66311930
92950144
3442617
91103331
62096363
94056777
96141364
47876692
80492412
80890352
72672181
30552000
91377835
26650970
34955427
30416073
45855722
76602981
15227947
66345749
45766422
75232600
32558093
10769066
24886660
18124873
58266273
50364749
11967806
62873379
33320882
85446509
56520335
99538558
61636341
77876087
72539305
31412856
56708524
7922400
76223450
69755160
70590686
13630859
16029991
53766577
31567253
47790637
80373612
53490107
43201664
48870867
35648675
6303207
37501175
97132924
97640380
79302284
4928096
56880345
36542432
1941260
39446270
3446172
51168555
80018654
71875459
91303469
46277243
65661133
74051217
70900019
82178447
92434799
31708506
52866073
68167019
24906097
35012086
41647850
76266882
78694594
91148864
56112125
48464987
38668716
85451547
7975957
51008573
40159477
71324936
83455466
87522237
32605915
79800631
18410650
27745705
51488741
56431415
74210625
28832450
39734176
32633420
52044019
22860001
95662343
28124688
16824564
92225267
90084050
61078721
39458326
26500180
94204624
89977731
6497270
94601412
31232174
19948694
46308236
9689345
3219293
98796807
52363231
21095767
89787853
84154309
76552604
24195469
19092878
65129985
43891999
86446046
98235042
89328443
70028228
18805339
48471807
83869735
79456823
56299723
64880708
71465595
92938368
66202775
86862092
88050280
13891399
19220367
5724026
63689792
17726059
13995179
84524930
55553195
91614598
82066704
18003605
92333790
51601761
42518974
13030373
15648678
75330200
54549539
60950506
62381559
64202919
34976230
71961605
93830561
51473179
59228821
35908570
51595219
19331653
71798861
37315537
60939062
94305703
3938184
49853925
95923624
92244622
64175203
63918904
37193845
61825060
48320324
81210586
45374907
23402634
69774332
3900336
94208950
97721859
26159704
12242473
38962285
40232663
39773346
40463253
41880036
78746138
1819041
53625120
34573475
78942971
93894301
78559106
23875177
25194176
16148429
95257936
68267770
26360316
20593831
59747004
9890145
36713816
85230323
60622359
28051746
93587156
1792092
48412162
27157832
6591106
1861113
77139100
72081080
49453375
87784717
76330663
37687934
46481214
32040332
5229579
4422019
52864585
62287458
12452148
66592636
41352149
22329850
43418759
77819991
57438467
1705408
11706903
71780827
6470513
30419298
40025633
17797702
79237514
4464736
46285801
86168521
19347308
56119845
47436738
62179866
60903323
53135766
87922692
38704380
1070665
26262610
93035840
86267513
27871442
73674288
99663601
24973664
54465520
78907773
9346258
62444779
86952612
2632855
29190234
79467569
41048940
36914953
77702776
42588916
72543675
18237175
40946366
92366091
67851699
18029642
34077417
61021305
42243179
81136162
40330875
20450379
9652268
68589982
83199981
13903684
29585746
84474661
68833563
89079532
89010252
62245788
35287021
83642560
13671705
71921712
86538310
33134012
30824068
38638624
11929909
73185181
5100034
13364226
98023941
9311806
15786154
75433641
57598391
47890551
32449251
71005626
75862774
27183069
32636755
12631845
15691565
47352005
80985305
2250320
12176229
8915679
59640372
1818743
52827024
49281235
41200412
86432486
46350644
78499126
11866788
7352443
8279362
78474808
99458312
78912272
60112100
60223547
16149841
28764599
55039447
14945392
40876620
32546209
40498244
73156966
89050177
91792547
18133746
52264969
91183284
34902205
72018449
90071748
13632283
68685992
9456332
95782277
65208973
73987796
99948607
36896433
55988159
13438578
30849281
35272675
46638188
44642976
51400092
50639708
73078051
15605056
44030365
21002778
63249599
2796267
24482886
98620415
57643275
1145807
5429071
85360719
24368189
32221153
17339044
64529017
32490474
80727129
41465055
71820199
45947238
97535531
34250955
46417749
1017125
32441257
19635782
22236589
45101952
57426687
91783075
48134700
24555350
37934215
75832368
48908941
46014126
8810788
70636916
42810836
40430872
47289342
70490056
94311277
13649004
50241229
79918724
36896827
65585822
33061667
73901411
68501081
83500457
86250785
71440537
45130658
71276535
22101917
69031020
70138984
82286031
74129631
65472329
75463912
60805395
96817062
58559502
68008358
3984073
38696087
35851498
86349165
72544168
15646066
14903707
80235814
79979141
28202113
75518807
47391423
99156011
22836337
25564016
90045503
25002675
37331733
20982176
41027105
99361243
21360790
46143497
45344359
4969503
67490343
76954658
88140984
33765070
53391290
55387458
27778730
87458106
44927334
90343401
42982891
67576107
13157036
51613451
44916205
49244840
77248755
19182523
2416385
57737800
63126382
50554333
35616864
78432994
45672852
45263835
10301159
82235884
29142011
80875884
97073575
18702565
43694559
10695960
24145444
63071501
36492424
22563931
2881024
20659519
16133170
86222147
52112236
41341056
20680697
40489281
2164232
31213209
47901142
30334059
87694690
4846525
28264757
57124321
68643752
26805206
72310339
75562299
72841368
37809441
94982498
85363097
55378653
79437799
46366568
47219382
9347412
62056790
84957646
11498320
62771770
79200240
55632726
14382155
89432608
10672215
31593076
98733694
99629337
48916173
87178754
30079639
72848634
55255707
28218107
66415370
91396191
60431392
15961198
72081266
15657975
44461709
35047991
37274982
8682155
49716969
24746823
17547733
14465230
67943383
25121958
98801325
37690878
58899613
63911149
57070431
33390918
44233820
46368744
41703578
9523752
79719138
26698206
9157533
18859950
84212244
64626907
95731741
62727257
65820561
74130820
79342204
17716968
17403145
6214186
48636041
50517478
82892108
47886162
91375405
50108079
27078054
32124330
77197850
3620333
27689270
63119586
18477283
83697975
65628441
28085868
36751077
7654772
38315853
16901904
52926635
45836612
76865064
88932842
65216002
97237623
11981122
85632722
21625866
2720604
36552355
31174139
99799983
55462491
1436266
75262134
67578710
41266369
24113815
99814148
59455860
31227711
7469819
27314394
69658956
20981633
83141329
94472095
82591724
99762701
52113105
52228645
32407620
18705557
90547290
29568192
70001368
96420042
85175856
62036702
21639971
12735737
34841329
51018313
94027126
49153765
14860042
24730684
25200514
96847741
3589387
10194548
37206738
59552354
79052529
45521228
2202233
54941273
48697576
55773579
50249613
24386471
93515005
65678646
2229080
27279194
18959400
45182504
25797265
90929959
14162488
37684489
46065586
37350701
12724738
1062125
28165369
39983353
73982136
1180665
99902642
88953236
4039752
64002859
20696066
70743721
30509408
30434581
75932518
46766975
96536435
10357217
59138088
22373373
47799626
80023461
7867475
33616067
63788815
61214758
76779176
94414475
88434186
16534735
85494218
27238648
19046076
17278149
71866645
72501927
67546912
33429374
40219064
82131983
35138787
52624760
3196350
11545870
2095735
47194128
89826298
91129705
66549113
32698358
16848543
96149174
46295482
73184275
71825494
24621748
26871876
56574214
11270007
25372312
45033576
4285542
58631694
80875375
84843423
61664109
5130141
62241152
68739296
91412865
60563597
65275020
55535251
38195784
33085814
75388625
91850621
77728926
20735412
97262885
73789584
36459917
8587966
56696215
22093609
66981561
42306427
18520391
98594559
32326235
56079248
34374846
19328680
92003840
13019514
73702729
80156240
92991124
63392034
14000224
13458217
40825464
72986510
88579927
24568314
2458805
45101420
58169163
75391108
15885009
7566861
44543281
83836266
90902784
19993518
72205684
33124786
1851035
3898335
78124435
82977652
19320186
49110643
65521348
34532139
24972576
73409525
44045718
23841748
11793327
33762420
58814541
87711148
88190538
70583142
93187372
85643470
1648380
68830176
74246687
82740648
82297415
46604101
9630806
50671360
38909938
80991395
68939910
54799288
63897786
89570925
30630863
95640252
60491183
96042650
17560222
2361621
2611552
28779354
52645717
7636771
50756172
72454706
33748568
87894735
42680534
49231581
11336599
92122972
50777925
77419432
87930735
33713038
30834242
7361144
76871810
91904904
19701998
99467141
19375371
74310682
11434715
46985614
25307128
43141101
96606695
61360042
66502784
86318517
80315798
86551591
69431069
34644403
84845891
96242409
30323866
35023420
94392486
56157017
39204859
47791412
47033691
40383952
23255591
46559316
82809501
53341849
94148465
89318685
98742072
21531884
76750705
63976555
60714497
43940479
77437753
8010248
40718235
36683383
40925440
8201878
57885988
8055155
46296574
56868552
93827898
54535477
60816258
6466527
53526654
97459118
68992401
68836800
81885059
35526096
59107664
80398911
45244208
47696724
80195932
14672308
24461918
13747130
6951004
35898328
46138935
29597961
47837255
92591462
73542891
81014843
14402238
4859327
13324354
17792456
40652688
41136595
66229000
3956128
12729196
13420397
27417883
94677825
75104943
47435876
56012795
51872674
73446118
38242177
74645716
94675175
10622752
95349606
31483716
53748746
96506191
62606848
24267192
10067601
37771196
78344147
98785895
12873251
95339414
97287685
15433751
44122951
92192643
59910711
74106497
12614595
7648117
35291559
71940493
82803036
83021861
45373170
88165539
92889064
65874176
38978259
66332676
7608954
24418087
76432428
4206703
22376181
98264255
26317454
42582723
17865899
57554105
23083808
25103265
76723261
85538034
46768950
34324590
32689477
33626178
37741256
38677638
25288205
95970217
93115938
72591496
29377065
35916673
29690459
60531098
52485078
72771413
13353831
28034466
85884453
64680085
74670670
82996296
18975655
21937311
19087665
72330943
50281723
20918921
47431509
52992318
73959309
28389960
34659126
65244884
50100723
26051025
85710076
92488392
4874002
76063905
54918468
8130446
56162630
9210827
69068685
92312854
82514664
94250465
68727192
32711677
26217631
94516048
31722690
10757781
68423245
59073549
70502508
74605625
33026459
71889239
66306905
44803580
28439466
37236908
2972842
74575194
29810698
18147891
29034543
45010268
93556074
31336267
25509160
7186194
98114876
58424887
93817522
33883950
13292471
57912642
34561513
16118386
43623294
40125701
46920400
83540808
25576002
35468760
27537293
44424716
83039016
89534959
99465466
3812941
88296269
5789211
57587148
61997599
87103621
41609778
57043191
64285703
53885060
70780882
11229789
77635989
29156031
49953218
67117066
6427961
96427042
30165454
63643380
78171255
46139715
52667460
66403508
84605453
46412652
68659321
20996426
49808709
54981917
92389764
11177379
46218042
90349278
94403027
96492715
64727697
71076207
91956994
24013952
99314862
17977542
50876465
56945839
84751150
57255828
60559764
32941481
23345836
76451019
46279175
32398200
7709998
4180096
19144915
14454243
48153106
50436597
40715422
37889438
61930430
36696511
81864328
13238372
37244419
47918416
87069957
4877347
69338344
49612300
73223408
18554246
65666395
83410528
36601181
3574226
50105508
18046055
60064371
45730931
16447447
49605984
40601341
22522876
45644658
9326212
45514030
98107514
83985697
98843368
27983713
55199820
8794217
48858458
49143091
15844680
14719620
90521080
74772152
64181755
97546684
73862654
66868451
26541598
63755229
69641018
33388216
40686103
81641314
12559535
73613783
6648925
2961611
26832556
27881801
47496396
4535105
37268842
56593648
68308127
68477974
9057603
32695005
35236526
42253776
55190058
92864072
22153659
94189394
33465690
19108797
43678464
15677207
61374568
86203423
36322511
86380413
7436280
22487911
34234285
22408293
16366163
20275681
84038628
39259367
46987462
62396307
42381571
80883465
26387039
72063314
39369762
77470127
93120153
2479356
69504012
33942485
53622466
50054347
87431782
2888279
92867226
98218870
26926445
33378983
18493784
45735010
65718079
90823649
81811604
92136221
56039056
79905112
60360427
48501903
74676533
78848052
70411479
85837967
96499761
42615734
98078763
64765142
46794005
60010612
97127367
61833512
8724223
82913099
64601047
7777153
14787058
96216361
67921763
73263882
31763149
37084566
82558537
15721574
9038270
70569349
67914800
51440425
93022850
11659851
29088381
96330363
8031760
96019619
7247841
32219918
53115882
26884372
16020069
41633224
90140595
84536839
3012265
86722526
64974576
47219747
7590945
40843528
61357838
43602580
60907935
53107148
81513361
45742131
62790252
43410577
6367111
46060130
84897753
45441413
77365816
7573215
20367520
53818369
15981399
30997191
58586707
61918834
57325921
23749614
52639840
61521026
94000460
46799187
13685977
91576672
80831713
41191068
99150638
11192521
37956735
85274853
14432198
2063717
33470701
40413805
28783619
93546197
45979181
82387471
46344939
46834940
72158068
52817087
48054984
21633961
36877746
52315496
49381927
56358787
74090204
89047267
41862518
90781718
44457130
1298371
16967612
96050220
10433567
31182059
14397437
76069508
71034057
72854439
18071920
59719450
38702328
67217012
28569507
31096166
46975911
84938259
68161154
69971084
70054936
71172606
88936034
9145596
26346827
7087349
85189212
37402632
28845545
95020024
82755618
93495378
41424249
44925799
50185813
31935942
61755113
21901622
51790050
90261863
29962714
25248902
45657798
78169541
67304249
25252190
78183401
97833710
11444001
37452987
84882084
67335388
3363225
30592978
81810957
91166334
95742224
18183846
1291681
12162215
24243157
71272089
30072050
25367760
38236456
22710851
10453259
56443677
97757905
6344822
55956955
69958974
17655201
76603940
27930960
85428381
30340237
27161130
28256325
8000562
79875779
57290338
46562097
94535581
68281710
19194050
30565324
22908656
91925203
21011964
53811550
76747891
15373879
29358416
78879033
81760621
89462466
21898637
35382965
5779637
62438007
27867227
29993764
45299872
4124343
98568241
61573207
66430597
27881837
48830135
84051876
36936291
93359134
1071595
16653417
47446241
51534804
12048705
31297106
67724137
26454305
98710532
44782579
81272305
11551615
26004376
33031221
38812190
11790816
25647572
32968135
3545090
66999526
17765224
57549971
6995860
38186756
37265127
97782451
95433846
51084665
49759646
17604683
20358388
61268250
65054910
59535754
25130853
41303707
68258233
40548255
47406254
21469326
96755188
91361562
62352497
61908655
56638523
55557114
25264587
13381913
47479053
32095428
37453923
87376682
64789992
31599034
84905555
37212552
16574381
5001932
24661509
15899222
44660967
64391608
20128725
2218858
82941575
22872966
7309783
49808924
3946282
95979441
68658209
29330986
36793460
95666102
36936860
89892267
26405897
22392795
48024144
29053259
37087342
68527849
16990764
68463432
12247102
41924841
36383379
25722556
70724541
33453712
48410945
62820625
2027796
40263496
54396976
15853750
6102828
16742440
54838162
1701950
4438295
23527495
71589656
2619050
43639864
82214551
86904777
3558883
36993518
4588360
18691016
97901581
43746005
20243351
72852661
54692978
30906517
82245844
78717827
9349265
1904985
96271854
86370499
70633116
86564631
74218321
99207650
5932173
10590444
67439284
12282666
86329758
62848385
49694303
59656926
98197359
20364816
98778114
85170735
41640837
92663914
31239012
80282159
19294793
53278557
46062109
70040031
86168320
26501921
98114285
18575287
50248056
64426085
11625812
62462554
46498583
27305045
84567558
81272541
48281315
14842200
6717002
56143407
56402501
13038771
1674869
30756910
69948481
43431183
4058951
71100626
93740786
44480722
6944552
57789726
20211462
52055894
79588578
33927738
77310499
73125458
25234121
38101906
27560194
14481396
99023593
74567645
44988329
76961227
49647468
19845983
78424024
63981140
74972259
75219136
41667609
41865594
50646028
93163103
37610434
88243835
14669310
40624106
87917169
7376758
50604175
3663065
47553620
11596285
99939492
15541157
5302287
2005199
2788588
50432329
15485505
70559119
18381560
56867103
37189691
84785027
1645504
19206349
19799318
40898834
97025756
19593518
15193495
17080046
21854911
97889781
33004431
37389381
9981536
92218735
89590852
52310595
98185919
26245578
61820247
14628382
87354116
65116005
62221676
2925597
17541228
34784944
92835339
36081616
26145072
87306937
63420761
92140948
12410614
15932946
82756508
21450986
59925714
55345303
68749046
27307912
90483443
32488214
6758535
92935004
60738272
64979371
32746269
83545439
36217415
45255793
21273768
72725912
48013427
25698857
74701900
94043737
71101461
37746154
59816414
24673023
29234991
14253073
75047135
18180811
34542886
59658613
74201551
7524051
76066351
98353708
17691119
48286545
22891035
8402873
29912785
72689149
75773033
58608955
66266607
9779240
58067959
37740554
74437714
33971424
22397966
44240872
87198373
12349360
95980671
64792811
79852811
61619268
11661705
44343472
30676685
88924941
72324369
97235709
86185966
77843797
33931195
66795623
88593406
38386822
72708179
88347143
23949895
49248792
79852319
31756212
62342342
6035154
5046806
63434270
21298093
49364241
58795277
13196571
89683584
49567516
82258231
98116549
62385467
70966494
54903882
99317810
63080549
99671751
95601756
33739144
18593169
99611493
17761204
86815940
90631966
47687526
39569448
19832097
65080628
83122536
93138302
25881829
26806235
5329101
60373191
48407012
46379501
33643302
57128176
36067921
79164529
22511959
81302594
13183385
23391894
32888619
69739004
70580209
75182140
66111916
78946460
39446562
14380655
74451329
50935354
91531346
30278708
29378373
88871284
14349111
18218059
81435920
48944052
16865606
92031957
73516756
87102953
15033281
97183115
96611903
19920048
99147481
58999374
64808417
33307302
62409129
98876577
84392878
23387416
86475574
51433185
81819871
9348636
90241922
16448852
14135528
63304604
19459417
10552196
63268404
14968138
88617839
66492930
23134106
6904605
48952025
57289628
39389318
35921117
7995832
35111310
71059253
76436473
47465692
13274607
35422232
39849626
64580430
81267137
97909220
10089204
17893151
41576899
58494637
41506087
76713508
34369704
56928842
61387523
46147909
31629615
53033240
18150839
60518202
83514869
79552243
62469236
54321821
9285941
34166389
79789983
52226748
52151076
20167328
24026470
45168060
17731157
1966862
48777920
6341280
49671255
93181322
77768423
1706263
33565115
45545125
61319330
80222158
73856572
88305176
66201808
43314824
18371105
14649036
57304185
73856793
38452292
38246009
3008860
31372676
45050914
88181609
12898225
68854299
79621156
78663833
98521022
68212480
11371393
4409180
36871775
36652098
87292177
38291892
20040627
69274101
94160829
32848788
83971263
69794861
89461411
14917448
9777700
68124602
6851293
3147057
73571540
41097847
60810734
42516353
55078572
65093351
27197165
19171363
14286531
82448389
9294022
73450034
99882372
54765558
64722375
52525064
63012455
64947122
62931695
7459290
16379251
65824052
12188978
60680444
50329970
89565519
2435035
46286002
99594733
42616893
75461095
22159796
30238680
20302558
35612758
79187262
35349606
30783937
50119177
55373020
9463627
62087264
39864757
13473491
6372999
48503884
29670926
86171259
95870117
9141158
69858143
56613151
51422278
3761367
44970412
18944349
61385096
67460114
59771402
38500108
74427816
8462407
97213059
71705299
9118790
29972945
65716192
35901567
68878381
57046642
52191168
41951121
37047582
59855163
70152000
85594042
71399560
59369412
22342444
84233156
78737846
41546059
19478992
61759293
63598126
19604403
57771982
50122793
61150026
90558315
96740162
24659536
69042158
66999188
1138046
75729642
56455231
97735718
27783817
57750244
70672559
42735411
15152528
69154186
72548001
8428902
91712742
45217849
68269579
74378498
10977956
8161371
84573892
45812625
42064903
99193423
86152508
38272523
12069852
9646665
96273895
28322501
39277039
48173562
93726911
11518954
41936563
51180100
75860867
30132397
55970350
43280661
52429005
36148169
94728792
84786415
10740767
20470178
65173983
21223290
24909971
30573727
2598449
83127579
48176178
54303482
42582467
64382580
38976488
9257654
36125738
38498039
53874564
71543434
88308538
71315130
58128697
5496280
30060722
20953843
49011764
86461291
37367621
73050337
53295993
52957800
15208645
47924746
14962047
15693787
92394787
16340633
53500723
75265712
81451614
31892850
9221887
52517108
97664193
98187383
6347813
56882552
63980114
19894349
82494788
6187289
96049496
51928024
49173548
27095405
32525043
22055624
5085606
39631744
2448225
54975173
39742105
97362088
92287573
48262740
35137050
83789425
73847866
24085704
13188985
83796699
40185686
3117252
39873866
95965962
88104407
99395428
73618512
77059394
49902943
52719066
13161134
21765613
48748118
94665745
29676461
53782763
23969127
70557132
40796762
6588586
94028679
58890730
16960637
86347679
7145295
56371473
38206916
22148932
54934893
70513329
70455618
26976269
43701955
48306160
73813014
32291693
98006951
1287435
33706481
15815897
57366130
66875322
79646431
40434397
9999476
53577805
15890960
30673459
49776630
44380387
25785020
95207973
40558812
85702994
83803164
76410702
96594253
12648486
14816693
26141610
25020809
9508852
49135464
87778363
70064289
94949691
68090312
59289396
99606736
36628684
74128565
55082062
40109526
30527831
26749889
4900539
95821511
42974482
98301366
80863019
98449528
29588643
75210554
11429087
17156456
68915153
1883719
53644009
33650453
20994110
88468146
40551707
84361120
3397137
34889380
32027788
1590815
93055175
30518645
21889745
24599585
33335359
59551026
43899550
97964573
7765324
77762008
67127491
27508430
82337638
52786434
46819370
51220686
19534394
24869645
31698073
31170485
2523506
99699962
22275927
81700633
84628070
69323937
21479716
98721371
20880945
75875917
86128696
27332707
73344535
65218123
12709102
54280743
87713005
75371317
43847116
63267592
71396610
84691656
48781906
94457722
56256008
41456292
94518650
5513555
74621160
98749260
5428552
6746298
88935339
8265028
28649304
14067101
43061493
98302776
14820043
6688952
85270748
3238999
37346876
53633862
32216130
99125028
60837845
87120643
5805894
65417361
4117746
52318623
12607295
62793437
54985480
9109525
92945763
7971804
62347432
81226130
19120738
53981632
29718719
96730061
28628399
9222312
68775508
9152221
12325166
16204272
17949394
11475039
29765076
56213015
18752668
47604423
61236063
41001580
56406491
22858407
78856626
98606007
41545097
53625685
74810397
67280417
17614834
85098495
57090641
75515239
87676447
23395129
32112872
90234724
87152362
25713591
4545355
86370410
83680842
22376966
6744013
34704997
18019391
83198411
96613313
22237435
19241323
52273739
99037626
7642981
52787653
80715252
37809496
8547781
64328867
54878123
6018559
73515117
30789961
20532189
50872583
17399658
55796262
65109063
56380549
33385337
81061099
23200358
31484110
78445825
78887974
44093599
45247303
34108729
25145358
17197697
19073986
37123095
86463598
75761921
85227683
19970001
66651748
30404826
85887691
52657813
64812412
78695045
19055082
29611987
51166037
8079447
53119259
43472926
55508295
41680822
8598042
48256320
59025883
67327731
46735326
91253500
38255310
88274927
23960292
88635829
59190152
10783592
1671420
94720804
91549314
22489659
54964205
67533650
81905501
57174959
40454628
53600796
70262435
69898586
16434697
10378940
57806583
72785712
85689574
11198340
61442490
11274830
87315621
64032044
2665910
87710092
16073332
87224396
83896750
8276866
5380553
93166081
47605552
16928781
36853447
24791639
56189473
97784479
37632784
79186479
56176326
72521867
47597117
23684989
90131305
86958550
46489571
66096473
28877733
24514359
97150777
50080540
6464468
43746086
37830697
43452272
99965986
38675050
61459572
55688421
25508972
94356576
92554018
44796760
97135557
97611684
56452435
47700570
90250922
41630465
54034446
79349261
65650429
49402102
8008718
91498673
67489768
32136249
50978794
26355652
94163675
45042417
1161415
14389157
25644409
35721031
47648616
72371682
20497970
71557376
78768824
64768966
77006681
13580114
80560513
56553696
28020385
84403808
75759874
31694730
66303088
25815142
14465481
31483734
26724153
35292328
23064725
10162243
70464801
70806207
51895884
18073678
46157664
72812958
47110459
93412155
78468841
81789246
44033274
24741100
15696157
98331820
65232918
77596177
81495859
62395305
31552935
93172859
77457639
13226088
9109424
13425408
86587343
78263274
51904588
63985975
87341758
56494308
12639882
27735001
97017739
99511263
42759612
55874647
32261958
73543030
4819321
80868790
11846358
53242060
89795276
50775317
28421843
95786397
18394789
60763744
74703836
49770942
37305553
51355016
45781598
93278873
69164379
43564084
67281445
61205080
90703172
31670964
67381162
85831492
88990441
43109917
68032744
36476211
27646675
13255278
53888474
26553876
38373345
40081242
55992987
27213284
21978700
93871346
56274027
71480634
45773799
50373141
16104253
72633413
55207312
7947520
96976373
85294861
66300135
81267583
46541045
49951566
5491801
91297866
88476427
77830658
34096221
75058671
97428017
70535117
32859851
81215935
88041527
77252343
81700531
81656833
6558419
83179463
50321944
27523751
53804066
54003572
20227683
17152478
80441549
79618930
94329818
14781383
60695104
71970391
57887759
30262542
91828015
54228256
98685247
40432811
2581363
48545334
93145528
31145883
96900281
58569000
38897449
14136403
73902480
32763073
6491296
32147389
84437968
70781051
72573124
82394081
91168432
61297856
32356915
4191599
70064269
37818278
57557923
62172647
69577762
95846056
17897536
86682156
13882025
4962880
44885295
82689101
94415534
37419462
68236467
87963137
94469210
13850022
90510613
47711650
15862169
1626768
69114194
95782077
65681268
22540495
27936919
40654560
18811112
77342436
78891894
62223930
1902394
65426907
35681835
47342505
87059650
22152290
92201916
94211280
88614772
29092911
59585907
32342264
52014546
25063126
7263197
2734736
63671461
40397702
92730758
41348030
75622390
2861752
50893042
42671061
42493379
9114458
79732373
46197393
94882089
8882380
49018707
61500575
37344009
67925540
45844459
65102860
99191175
98599099
92280540
34438634
26578530
83608454
48627670
24297668
13158019
93939180
58269382
59458632
45939918
76915016
98386265
57942687
32457659
82555997
71593711
70410464
96146126
14436748
87178123
8655066
45225890
53800757
10341636
31064332
38467063
99952914
17569159
16279306
68452168
69405098
15859811
48937403
16406910
74216025
26372614
25123561
67163958
87239847
39077140
84714656
71495395
95973835
8761495
82186124
54573449
96428001
77090374
62246413
73235364
50103899
76829322
1715136
37779173
46106778
56804996
12560148
54237656
9066065
49084021
90719223
43624526
54671181
44735506
4420928
97276829
76903115
91527595
3097285
99666459
10392363
23375215
22900230
85862050
34792878
71302768
45197933
6536645
46019134
46445560
78678350
39034213
87708115
75633703
20925027
18635504
17872401
19426363
34903624
81583926
31149400
99394416
63889801
9214574
93558121
45697864
32192158
68696051
92562911
24376003
48696916
7150943
72933375
63477115
10570847
74784255
97048202
69412940
92070604
57199996
55047129
78026971
60376796
82725654
53954314
53820644
33894672
54905758
44065664
23851007
14854984
9413816
51326872
43764448
79586437
26677152
85275783
63965941
8251735
36882356
24475578
5575391
51448830
49759806
31799110
13584124
20101162
46362456
6911270
89801394
26014072
64671047
43258889
92800136
50154825
96309164
85776700
14096729
76952279
81609325
74063525
60801555
30519539
61049309
13900017
50024499
55342045
34045916
67759962
56128016
68147941
51091441
94242033
66393703
81369634
73424625
65853952
12154720
75204687
99112359
14603384
46236195
57727167
46551344
52562855
93262605
51172354
14574523
31908158
98240538
73648585
62887670
99616958
68589070
38227225
63289318
24575489
58478459
24757604
53111160
55211920
43463333
35846472
70002827
86247107
75874719
71179202
81211675
23522549
31758049
49250099
81874152
54566422
71943201
23279045
44123192
9368031
2589431
79219111
27011392
89211614
50145814
12837548
48816798
41112612
53699349
71625970
93291182
36583093
91307143
73072237
19962015
42986229
18223349
97712765
19760519
98534221
96941366
68537299
70012956
78653236
67176234
27109364
66891979
31287828
37734557
70253858
27330271
89171433
18703056
75975929
62099918
20635299
80104594
62343138
88736928
33674641
48914566
28476906
57036640
39531344
57288919
95333553
43024037
37102087
26674027
48908147
80560908
2451729
96375183
35798284
89339865
73308439
70252302
52581965
55269476
45907840
53112474
62938865
27311075
39238044
78412238
34152697
28140888
91222918
24500039
57274949
28810086
12282699
91145751
91702332
5149999
68129316
79324339
93993361
3920497
34728434
69457537
56595252
1043756
74710399
64674333
86410840
72022920
85938191
16727954
54004013
67789570
63066440
18983496
20200405
64596387
3475193
12974910
12774341
21080183
80853410
80155766
98008851
34479196
39652619
69734958
3692944
35485910
56031486
5744430
33485158
39260788
82415327
37060558
74754001
88224516
17279008
93259203
17927949
5249442
90753532
92530386
13375877
73500178
5293969
91643728
25821701
50458766
51273437
61989189
67897572
66224328
76360081
3035116
74867278
49717812
17859348
51679957
61926091
8658609
96963887
60475710
61013477
82543344
39370579
42575488
86482486
48205268
34852053
48047279
8635702
60407826
96923663
11707181
29596982
2831216
48219488
65828845
14027077
59994798
85339875
35795110
91813015
54224808
57713609
79437519
36037491
26709628
78820001
90424993
65500513
96470682
96549782
13164910
4986244
60618327
31373544
70204924
76446026
5409198
4039249
55317934
21396770
60140953
87093674
46295402
46093456
24193901
58032206
99114936
53633537
70598285
20658727
68534739
24548679
68268120
85769197
47067901
79774990
60811368
8148610
96369948
36373082
23923533
55726571
26019194
1324734
55508211
37947044
1676482
18853685
86580859
10698051
77307578
25430426
42763792
52684500
65246049
60593980
29730789
1192578
42882864
77048741
87789295
31126258
52290258
72382316
36500909
83289138
25577222
36436956
56631458
74493059
61838088
3090964
53884495
96068738
19430770
11695999
91645813
47224986
93636799
11978220
60441101
69900239
50008316
26811666
39802078
3028208
76857019
93332387
76201663
97313487
4996249
21312957
27262250
13186337
68115384
20599528
50006798
55038097
28911727
95710154
7402367
73699163
85947085
10448885
90269359
13555303
46996989
81251725
97576994
23492838
58054198
78173630
66466458
46519888
69287602
49866972
57775107
98940540
96719127
38623929
99670273
35878672
36280924
19814624
9603256
14953796
13341083
51202492
33497821
43482776
57642764
53814736
75302442
73121580
44990008
80512538
96904075
61981465
78294638
15087151
54580183
68864799
64096607
23388811
75064571
17828770
72837636
87850835
72870004
25907433
48222241
71468365
79719225
32959471
48018002
49083862
53100394
29574389
80922295
44461917
31469273
46139785
73951740
11674155
48791880
29905576
30273268
51018052
10092613
38824202
59443723
86944546
59044882
30949332
66589628
22262388
36399839
68771621
44847177
43119732
25324887
60173161
84057666
49911987
49680419
69856922
37347838
3576733
13369496
94909186
37308456
30026202
29546488
36626267
57383494
32059191
53074106
57882592
31785599
61962815
28758678
8124456
46173521
2964756
24793976
49861122
28936884
90435604
11533349
40864286
56147467
34324987
51411558
56366200
83176258
70254169
99185004
57836155
65158412
39041910
8999507
23153567
42930758
94268662
51931452
41539150
65416224
3662427
29015083
25155157
20416510
91483542
69322451
52333358
79611789
17216995
64393326
7645279
43695681
90267887
76445371
20649048
30381327
91180720
66425027
65833399
59280774
82678922
14067344
11581141
89206558
74533118
76706006
31510101
21440967
52545575
91238492
21455355
24747338
55150623
71818889
58097259
93192104
6341579
53827567
98907309
74267008
71136167
97663788
38205034
69700688
74055961
6722402
98104628
67427287
25314887
14071260
87460435
6852613
77856420
31704017
54833611
17296035
73604435
4193392
87838723
58398855
87083117
22540512
89866785
9277004
24897193
49740841
38558927
48102560
49856826
39121161
20449122
17774867
22680442
38156415
79060558
2837205
63663372
92344649
83501387
81812250
27223891
45147025
55557467
8781313
27238712
2027210
57282048
15748920
55641881
76105206
22909754
2020023
82888186
90304572
26091182
22198264
95590223
33789994
5101640
46966450
85846509
84503685
83619446
33541873
48762179
28887287
81663765
44929625
95006871
28929305
63878989
62871431
6658813
65247568
14469160
43089702
39478595
70047682
32970205
14347588
10791862
65405721
34052205
98015747
65645607
95700203
90268027
89111253
60070760
8490586
28738485
67154310
58837423
69781032
98333116
48618954
23446212
52049981
3649055
95989204
45715519
19613101
72536538
80132812
55010799
13543555
63508826
32518728
25711726
44333572
5601811
73140459
33394702
24414231
16937881
67004309
41139530
87100113
71464309
77842815
24003041
54155331
16986497
50826096
16654440
20234589
90390982
77495991
66012002
17477643
96801757
41717529
71380860
2932873
79285259
25961584
72829271
9605130
51271343
30296355
89786724
46538581
51902588
78923441
82379835
3162702
80854186
85860046
26460407
44690544
20730480
79874750
51446483
9853592
7563382
91967669
33058615
15096389
84829999
76088805
91909991
35819028
79038187
52287618
70441929
30479968
56583529
90561591
53259322
99095379
20031613
52384785
52089775
81888957
29138632
16175718
84103967
50608201
93923409
40557988
81562266
88827441
5216466
69588126
21241838
98218991
44694388
82494233
98702690
50287003
53887995
33432276
45198474
93458452
47822743
91865738
58732673
24372710
94328934
73571043
15359612
23365287
73156894
66147260
32420411
77576982
54153370
79890686
63596469
65889570
94494351
55400553
25100095
68712800
45018367
66215066
71952266
36957455
31019296
60116526
6340617
35851497
53037422
41941109
5316196
20778383
95644957
1120377
9669167
97514326
92284201
59206184
24945827
10567260
4924506
31360140
68967727
32700811
51264596
33589476
92901129
12169901
32453217
57268232
42335348
56924460
58350095
67573008
58852889
9198411
71672845
37802039
59727970
47062138
76186181
44309487
47722721
58993305
71236042
8328713
22407440
56092841
31600194
66966011
92008359
87662473
75596049
69607216
56859402
4403938
71587511
18110852
65262997
12402214
68454805
4045549
87527212
6969453
37464494
74272669
75454258
90694985
70791718
15358958
91943489
68264447
87479307
62095605
16142597
81888795
86122187
25981122
6316064
21244530
34043546
78997197
73259264
25546800
55503730
51319505
31710139
20119367
35281125
78499876
96887943
85022175
72380324
58444317
26105969
48358190
77859230
75069568
6563484
19576803
43397904
62800580
87584698
82493579
96252772
43552568
13309469
78774863
56389926
66578115
52274081
39700995
86050855
12909293
11148906
16419981
79998881
39218989
74621040
76956784
36754248
56070280
20679730
46954286
69578779
6358792
5157642
72322604
29268412
25675183
71035341
23230050
65750560
73783417
80236996
70729679
3712103
16617196
88274884
25786553
14051522
88664813
14550123
19043915
96410561
78381389
59857348
17351053
48187164
91705056
16968939
58382528
49236846
21047435
3072358
19423487
76450949
5458016
82292105
66127137
47463921
80092882
29181535
75117434
19230539
74401714
15304748
33928357
6299946
27366664
8683536
74633865
96259040
77077184
80671967
33797485
80171435
56231772
66360458
92248296
45602515
63808170
66866675
36479013
6078224
15160122
27388907
74047870
51760247
92878395
72897497
39391836
18520119
71744537
55842884
98580254
58156038
20028574
94058314
98199526
67718081
88568273
56852905
58503505
65309807
9733599
79716192
82964755
50415662
62625781
64804446
81056518
94945749
84644966
75018649
15323913
11525880
29834026
4677631
70542085
81083342
42783623
61007715
53555092
92292919
12687859
33392227
32788256
22057623
56343234
1922416
38027857
76062406
96317377
93127264
37091093
30454899
44056361
57628032
89280493
25664237
27076215
38029596
38919909
46621752
8883539
31933559
34114643
29689370
26101171
85160359
82130983
42370026
33870655
17887677
92202430
13180815
9984823
89220640
46018177
69421537
73007824
67339548
5215469
37917612
76052495
31019775
19700676
58748528
61808491
39328945
67943208
96634508
6803019
50040290
63140909
35133973
29918612
91941529
38884654
87032634
14604627
40942909
65050609
52932191
93878315
85466897
71500836
37709370
23528014
7564045
28508702
86001537
3495563
11782684
6267706
35108658
45907465
82448644
35637718
53322713
56306234
5552220
4624867
52485231
29206814
95464721
74758896
45798291
24870414
38699641
75256813
12747341
62994783
97292539
23820027
39271604
53371363
51944706
63387863
47720189
77499986
59340312
31542529
76205531
5387081
27841304
3784492
53582724
48801785
2408277
69978079
2443559
61507286
90084883
43801087
19992524
35411002
44484236
66721752
88024461
86192944
44189842
24213581
44299015
31650271
52105801
23690562
75296387
20339920
19683401
65750708
85546794
38534833
35380418
91941405
40743558
38774289
4117930
31183000
3598935
52867266
90164493
21460038
91698686
60261584
92720033
31479422
11260440
60230347
78748355
33269943
18792217
88236584
79716973
62550706
26202918
10407264
56114799
52263018
18728698
64498859
32928081
97170081
24090779
84617317
35578185
76700603
87164203
54209431
40767272
51947623
39775830
92666698
79048291
33144650
71152733
64204318
53436603
7813417
69317339
32737028
43619055
27466186
16407090
66910273
36335918
23373489
95665835
52834774
79710376
21100650
18991271
34626870
6042543
56424107
20067269
65348240
8109896
76115328
99827953
15959073
51551634
40777318
57960274
85835316
28419801
9656637
56635082
36151329
20110089
37966991
49310632
97144779
3638057
79517112
14295780
12881262
79908997
25840312
10824713
5483393
90088883
9611298
48553830
56973001
42370910
93490884
87134900
34059318
17160889
69171910
2669789
65056024
13913867
55152065
75604340
36527262
87015880
31059688
43905188
46355961
57092641
11910041
32935554
97699551
65558338
95890807
10593527
51938213
1430087
49771246
96471216
8500659
26274704
2550694
45285525
17975926
35273556
51529399
99293868
89556811
99752324
72948952
54561277
88050149
40058708
9852211
26946888
15545859
37378798
65853630
92678195
80142063
80161626
86978084
44838295
60732699
70787515
8220910
2774620
14806762
40757632
70276733
60342614
56979616
61221302
69934869
65269415
94709680
66722726
95880328
21364901
11492436
59491452
23969508
60982453
53462787
2755961
47012167
87670431
21226049
50213511
8355413
2352110
65798391
74526765
66275611
20248803
72754423
43660889
3075821
34870333
70591782
73497628
57574578
18155360
3403243
92293790
45519185
39921448
3900187
77379230
86853744
28215628
7712843
20476284
59306490
48486553
49028885
82096214
62223541
86528656
94208803
76665854
91159196
24623076
96830712
11067027
43861945
37290812
31995887
86968093
7071982
41069505
80603016
3759440
40152555
39494330
13874225
58205979
17866548
89600113
45227959
75956210
52571631
90190800
56984289
5565695
37443507
19849836
22857267
55666807
83329886
61644918
44821884
56878266
89498657
42801129
38313453
65565539
39108032
26428516
7129454
98043139
4420781
97440278
5807157
88325307
98262828
81587482
96894611
80290367
42637987
76175646
74706607
95450105
78619175
11934513
86762208
71759416
6399157
57386771
98545014
4448974
7321087
36212472
76929440
66392546
96527124
76038972
98127351
15752075
32095477
76396414
61090117
50919058
60405505
38927358
36612900
40553897
64701535
25452501
66524564
44980455
47223231
79684081
69925594
42895591
78017104
49077874
74321383
54146506
8082686
25941820
67967675
69518635
76129953
48988150
28274358
36467584
95378379
44963397
35849670
13848490
31320359
23495841
70121846
1001717
10846673
72853494
49989159
18343712
3250819
23984651
36995896
4627868
97581083
9163322
97783438
71225544
44207317
42135657
90335848
78628836
63599303
89148336
59605068
11744672
28116998
87075502
16290104
78119245
32390565
63758455
57659923
97297201
24116564
35399938
67957432
61617824
57879199
92969790
95140085
20924375
58789746
93526316
65697862
41958642
55748142
53069144
2273197
74754325
42167255
49787884
27608907
74714462
44431686
16630718
74299030
14520118
82817818
4256633
11927557
94251513
27949849
19551160
71091181
54013604
39863887
66129622
61028129
6988984
50531056
67951629
99179607
22272630
13181361
87312134
86263769
76809188
15023245
49880272
96803070
66080894
33911128
68663462
77902651
11250706
42711669
56498927
66510753
89233903
6294768
29699617
47708768
88748728
54271619
50454230
95621132
44914667
39723526
15022080
57394109
76521629
94542707
97287841
6085201
88771216
33788105
44936393
76286250
37821313
84613217
77557625
11194775
29659549
85319582
57435158
92093609
24977527
87604967
66669151
42302496
2702393
91616058
85715706
84800561
90945842
35219064
35068110
64550859
57235610
66584006
40768958
72736453
96933811
4485565
68649035
27469943
87476123
31952794
5393239
52698606
10470837
35748280
33428898
87223893
75910649
47188990
56203843
33195496
26874606
92784347
22942852
93750247
95798478
73086306
65924116
4943111
23178607
40649137
34686787
1853222
8789187
41663923
74274683
34140183
85892814
5798191
36390101
56368197
80071682
26496717
31350951
81166055
55617184
95633291
58258042
93063443
20661266
8959122
29795002
52810271
6424621
48299682
42978742
28601897
32699116
79136720
30808220
83895933
14907431
30204507
42231609
55174748
4533008
58106907
95631412
65732925
44917916
28545523
25181860
90096219
87974825
31184978
20811944
21880553
33771426
58910263
81563999
47260348
55835194
27130668
58064239
76593760
42748251
48213729
40510572
85491633
54893904
91637464
34027861
18785945
81573202
56995311
21167544
37475339
32371330
17835953
46938758
89623164
2228067
13936237
82541277
48071238
16708227
74594498
63457111
11842367
87696111
87310535
46996777
58575991
24186201
76504736
33790896
32971992
96178609
5051277
10290307
86029910
56814525
58562933
20458737
4490731
20744861
66871187
97612765
64413371
23962178
6268388
98079934
41322191
65665797
29172045
17412217
82113851
5586428
41400330
92204361
80116846
81381110
58959842
76955805
3369624
16371632
90347016
45133357
52656352
9094818
44975691
44483756
33714813
22476361
60360144
43324635
37534531
58913491
21883339
51244557
24238430
44046840
89246418
93548442
14129977
35866797
69734763
66666235
24666018
98979737
66479094
37398535
4886658
70408444
55939609
3482838
84387790
11449046
28356196
52280838
16150448
80136800
97503122
38944087
3678122
94723586
87861969
10948085
92360707
95866037
19483288
4837349
55220223
60975137
47972823
56704704
78002132
81671485
92501772
26413490
28201132
29901579
50489731
6852262
45394415
88060086
2485759
70612288
27104913
74271742
25065217
17616065
56359917
98801558
99720163
27111335
26575462
90853341
47957744
99199904
45094539
79530340
55523809
17291565
82638289
29622994
40980894
49664895
83859079
23546661
46426536
27985788
12491164
9902140
94347965
95567178
10978225
61494773
87758947
76875859
32166464
35504939
85355062
65261601
63389708
37873169
58667910
50269464
60935311
2631313
55653302
23152206
61884330
27163029
56615238
86038003
68122521
85702183
13638583
94965365
10627757
13665575
5156800
69791115
96499742
59312444
56079170
70049283
22455686
49272987
90692118
81786990
57059726
74768179
79530777
16766930
2288245
91679829
29994383
10142071
5997546
85459374
85186622
3937852
5258202
9749879
79633113
70903961
36354195
49588999
4879005
67821776
52680073
2129310
2146468
51086098
39865962
62567089
85638564
16822288
89043680
85948482
41042207
37920649
90279298
71523051
13576479
81077934
9967171
35233630
43313622
97130403
91831497
49387513
87963785
85760115
15470241
14587785
59518916
53987911
60959031
44419901
98004949
71165037
51472640
20836377
2375962
60034562
64836724
97221285
76065131
10352941
33537093
18173450
31154016
99350876
61131178
7560088
75832803
35034124
4093344
92303872
88664993
38245497
2243300
45991497
14482085
78445430
88786967
22357533
96106845
51412232
61729316
58986239
35964071
77902003
98940099
84975805
93468706
88704745
36758258
9928115
94057174
38039329
28286144
94217545
88886769
99027903
94583600
81852461
19956284
32764441
9066016
29665995
65729591
86613299
84948543
36610172
46995380
58751440
93411310
56525074
39987410
96647481
42459188
89227773
11425864
85283921
9168040
21568184
62579577
31035828
37215932
2512780
58280716
35215942
82484755
83283581
89339975
68297089
85841562
62339477
14854023
89330585
82125256
24201859
51062757
71209410
46154434
5087422
79376624
11784298
62147508
77649621
36337211
70920280
8927192
39805904
68624521
39933997
62357217
36244758
71318845
43383772
5096588
15012840
58539101
1807491
23527226
84806131
48881745
46088180
94782555
34674455
99959593
97564499
86276878
42301828
22784240
79436264
25469822
98725593
9218966
33635128
56980421
55138211
46406516
22096714
38183274
42986385
17182043
37191197
36125526
89238933
87576341
16085888
46379054
97986194
49400841
53773088
52957481
8685816
4273315
13128473
10718876
23544803
29164657
56231997
4981083
66549552
50240375
88203641
27478591
46712896
67814441
91440767
28502018
12325715
62122959
81929731
52873429
26988755
80011834
85338583
8629169
92362615
71314576
77606209
47850099
79621534
4962640
5789494
11298589
70114193
46440919
80785226
48201711
79068522
19088965
86730580
97384824
97486105
93648627
55181331
50348852
7958669
31332318
59737446
36303994
76203825
6319414
75927639
48431769
65261487
23432466
31865497
68680280
58135709
86827335
39759939
21346804
91205448
9505837
28569993
15918421
21270528
76648866
23784518
95494172
12294040
46735394
34722953
61085848
4109229
46275570
67843366
86737241
6140671
73798828
95211064
56483449
42525458
28099333
14399293
90128329
58770922
8378533
8883253
60053960
77471105
83317281
64874577
13011444
68378367
80650312
83842771
57002001
96041919
36982951
82428539
29420179
63278011
1857878
4203281
24237259
80287390
85367961
17478529
7506983
69158323
79043735
68686066
12200557
28201821
31292291
23242672
36115788
42267384
52950533
5590905
35663610
8920999
41620164
12564541
29486961
36612266
43634694
90664959
88067459
50746507
55847087
55841009
50120483
17077589
54894690
17247307
59462108
32290934
66680599
79656944
7324809
17424174
91003312
32184985
49134520
73956534
25270242
60037397
54523008
27895135
71238253
58800120
84785858
83193157
72371310
44617489
57167013
36267639
43228820
76710405
85383758
61302085
75068066
80513661
88432486
11897252
19659116
52153914
16188349
84998041
66708144
25530250
72036614
98350828
76139255
1880387
96490065
62365077
89769779
27812224
38586820
76513511
71146232
9732533
72617535
64236817
17933068
1572809
58843617
27372314
99712104
83699053
15186016
56650012
83461110
7362029
98834717
93929545
48283728
46709075
72048726
18684456
88943519
17386229
11656448
4543989
65591069
73509041
52051160
47091154
96434043
7857138
6587276
64442703
96060512
25998344
6123933
17559612
73668910
70265584
6940342
85667137
43234657
72146831
34699978
17847707
54718981
86793756
45432022
49332452
20155265
91756137
35920913
76572470
5516641
31860866
30862615
53908735
82223244
70007340
5292178
1671828
52817118
94559940
41788165
37621747
51012041
55364492
27310226
79824875
39230321
62606327
97109884
18093204
96643264
42793367
64746367
38427402
45618498
4378483
45659147
3519036
14710798
67607768
15560493
43285838
89305229
8677995
49615615
60512145
88814569
59042735
31161759
14770914
23290584
81820213
49493499
23295365
20377134
13490661
59467439
48039677
84785768
85820133
10434413
70669494
52464083
43236421
43615920
70472662
31243443
31238481
20331702
77235216
76592771
34212769
5139397
66019028
14143716
42633436
72152383
70393126
45108339
59898632
96659039
89319740
83021698
35268082
26880286
87879268
96767181
87525923
86700733
64297199
53279013
65873193
61061930
47970203
46084123
8117437
15927138
67379806
2489302
3179868
72270581
50553585
29577724
85662722
50040709
51738705
38053299
35331401
35282039
25563811
14080188
36135317
28639866
37258844
54117848
53307125
59537902
76835189
60136282
35086507
91993177
74587025
85856589
61658924
64202286
98887965
69508091
86329458
99004824
13718973
62778795
49342558
51532587
81213411
86886672
62433506
38418293
56515354
27365885
6319152
67835491
89221727
58122820
39859064
63820517
46176558
81592168
39838900
50325511
60725287
82072788
98010686
95102844
73707482
36616573
82684588
82667431
46381709
98876326
56268200
2743894
81542019
35682878
61625327
99202148
33432941
60415290
66599221
81071888
44291772
57135020
33164797
78284515
10966977
49132146
17290427
27092837
32892344
15599829
79671802
39563303
27436199
73666332
58998821
56876813
94709496
16445933
11019470
25513564
37901479
83965563
55730499
61469493
71708871
6861903
2857702
42862730
41693056
37367390
56993554
83591639
13489231
84743978
29008871
42362546
3932813
1047066
1657304
80317841
58323610
57130760
75701567
86473184
33284952
66119017
99705940
52094238
88360745
12841902
37839365
43585224
95060943
16813254
76969305
37810825
62470710
92191150
43827649
42294584
61659955
90768836
8681927
53741382
18007396
90774103
56991291
98493151
9560457
11410405
10521819
9432063
82512340
73127400
66339913
85971022
71795399
23450937
26718079
58551323
14428624
45903275
97591035
64881696
34892750
72721982
95200578
36954660
9446795
91333468
84011241
69755018
27214763
79724006
62460212
51389691
13616114
83397936
16998373
23263603
11390875
86433678
85607133
70792651
31859082
72752222
35777020
71152037
75573389
57376837
94193228
54281580
83166663
91522005
12885029
41478518
8137908
50446661
32680247
54839246
93313777
3496892
18227965
41627891
66578755
23705322
47248742
52036265
47271518
61787812
12166209
40225174
74437382
22356655
72195894
48522797
20536923
18558501
49179615
22230970
10670404
8002084
92149587
71136223
47940205
88599651
91935447
13093221
11415317
23368529
90153172
39481378
66671825
49134451
93550208
97048436
21970986
74685629
34459347
48700192
98769239
71061363
99621613
62601626
57333776
98096264
81055414
63642032
90819493
38259692
57076721
66891688
65298669
45237190
51834091
5987685
59000876
68008431
29029183
64891445
32622880
55684892
54150354
40297562
98712746
15376090
28348146
7443088
38949387
72683529
53589992
3479189
26237745
87009909
76180028
77566328
78310062
34210036
60774960
2559050
32198990
70803440
91295839
75057937
48901743
97089004
89092825
98510340
96151459
33580351
60594402
67133464
24969771
86979040
73025049
7194798
83682965
40054202
84881160
51328110
52826451
82463924
73050863
78582805
76269100
98020011
99331082
82853598
5797723
30016517
56873636
86554634
88734852
63108068
22825248
82750587
69701157
85076745
13165004
81468647
10001552
27411929
39276839
45689782
91130923
63123127
39224035
35789053
58691121
94485875
11601110
9265184
20719548
12115204
79582587
31245293
59196493
17748716
63156092
89384139
7143887
95808120
2436734
38880626
42601368
50000083
87043332
88966865
45490465
60759391
41807700
21402535
82419390
59790827
2203467
53372832
18870258
27413022
37982454
22807960
51743714
16512232
47134176
32541267
57336132
28981028
78444270
39861074
26890194
26836008
76623978
67935734
64354566
60286060
8582442
68179996
64107046
48547170
11770268
56472657
84171751
26844291
84635243
44649471
80676185
36022930
85028992
65073667
67334374
4266126
14678680
66321562
5830823
23863507
51950518
12159620
2153864
23839569
50439277
21090987
75595776
8229351
4770207
82578959
5704243
35808475
13607640
67131558
63434804
28534726
65394520
22224204
79381434
43618394
19961536
1040743
75146818
16376281
2517574
45167108
87915400
13837292
48252707
76433379
85575838
1406660
98497389
11514020
7238179
63286983
86417313
88174671
52333394
62608379
46714870
94924967
52420396
10143121
56777725
27323382
60677753
79741818
16584689
92822760
91140003
47091376
56883142
89072960
18406518
6657748
9206258
76463441
2598049
87205714
94900990
13322910
89984931
54334004
70428180
31722891
35124363
88920568
61005239
28215519
59457773
83910773
94361662
74242874
30113952
57329253
22498865
26548016
97912224
39000654
89413691
54658149
90729072
50572855
48541503
18782672
67085604
20062675
21383445
54175103
86487047
48765493
64389250
11264661
84468246
18386210
61062151
59915077
83759616
37125188
67752213
67435940
56820258
78333400
60586625
33476401
28141963
12421789
31704984
21394274
52102029
19748571
49533513
92294640
2629352
23726128
88092517
50442258
46796087
10785949
78614224
73432442
26787511
61536139
2708377
44862013
85648441
75273327
73543098
50201219
9637677
93983449
4755337
26470498
9372623
82413425
25842566
68601453
76517854
40924017
43001275
2859571
51922085
33970460
7591126
26763329
46295983
74665584
96735826
30943559
14842672
48840362
60020585
92025834
54894676
77651041
83388904
41719522
82763149
18087115
99075148
8152412
7878790
96801063
4758168
30955296
71449892
94968346
42615320
92569042
77197275
14157790
15426247
80125780
77197179
50476461
40190887
29108914
68049280
42362509
73433588
44541044
38427866
54761987
63343245
9140772
74254617
12668146
9835759
70930270
25893805
62163627
67951375
56517734
21778817
9880609
58922968
83135632
31892114
44651612
19602593
50191028
49193844
93483911
27892617
28297156
92125888
76192712
41923915
63114915
53562254
58650037
25680012
23659326
54430937
41996667
54906540
49734764
16426927
71867075
53989249
86641108
14362532
5175161
72081532
61854254
25557979
86679331
58643848
57560383
63459755
22012957
6152308
86298741
66584538
60284134
27681419
9110735
90474122
20962942
68065313
95956359
11637875
22260758
45927402
73614183
2424826
36247922
94891344
90315206
41260377
54973711
24501008
7734545
73504304
10754711
47148781
36373558
45776309
10940625
25404114
35455586
72809095
7196966
44689753
44361348
40347060
48612073
82263307
88030190
81681698
49154047
25451364
80134723
66010502
87257298
82037942
72208943
15271325
41646291
48606705
65779691
93693002
54641476
35293157
64862002
12145881
37708982
52014969
20031331
42495576
52878461
11478786
10120133
23760390
76074983
40726905
51017604
71081547
70393370
86555092
97198701
58369123
16803693
36810295
46133627
54366043
90404841
4378106
17428964
66560467
71252500
7279963
48060671
3987569
55138486
42338943
12440445
15174882
45976310
20828869
85564733
94130566
20312435
56814936
96574118
93776250
36130236
74037894
86862307
50362867
5485612
41544636
47455757
67849692
7080767
16200388
88453429
70444238
42990710
49024839
24755526
94468215
3627547
35358911
36598533
33429653
45172758
48995682
46517736
94865314
89314579
48114199
79037042
75877933
49265802
76198102
26615695
68789205
67989172
48196463
63283833
7569391
21796012
3905413
23309132
72937056
12117045
78821004
42640214
84153477
49711395
75254574
30595966
76969088
60970451
5051642
75299781
91223927
61638620
19993773
51818021
26314323
66534531
29552271
19923576
67818935
61765351
3259192
6629051
38867826
28225267
7524537
86524858
25748752
77090167
47877305
98682619
42974376
19919059
70663028
34428501
6469785
96489949
27204456
90817480
6940008
30891789
33834776
4676697
7769439
47195319
16865597
59904157
87197647
45842636
93659564
91490650
39296508
25417559
2529242
6566379
42877164
11931517
40639357
25270246
44294637
73331606
42688411
47594635
29765819
94408255
28754985
29580745
83307181
20312834
41188177
29122958
70775945
46104154
80147296
95195049
84206896
43064428
57551604
87076641
44212999
79985590
81300226
36165102
12596392
75579548
1514203
95140883
94325866
20850928
29564413
81736882
61056021
37959173
2605134
81434859
25154109
72528359
63475964
66795360
57137993
7552476
37075416
42644121
64258182
25649129
25702683
3582567
35477171
90326379
87992975
36099847
5344870
82911450
45695541
4690119
69925986
70242625
77902795
91891522
1886040
7596776
41964053
7375427
84472405
99375135
62825834
38388160
77706421
2285164
80157632
84596811
93201796
98393853
61722205
95875114
21884181
16989745
4419167
72136638
32099976
74420583
89099697
2774152
55081213
20103435
52281403
31917309
46477614
95184455
90044717
73581236
20506991
5433291
32916571
80411554
42460066
15111880
81264822
49032901
21674144
54602818
26073194
98401847
16338269
87422013
9719338
75296777
11449944
88175486
78053859
19707669
22730834
51526661
74766086
18824479
48205176
4790060
2797593
13413140
23808018
28671050
49782368
23929724
82448943
87793455
78733761
29614078
97772545
95571895
6974395
37936889
84422768
20812714
16694861
57038923
13985240
75097814
99951290
69488625
89181392
76431661
60801892
2982451
28960682
29064569
59616571
26945017
63383371
85856238
91977064
23261920
30620691
46649775
38998360
20237079
84188789
55818172
49333858
67577135
69010925
32904453
36152172
13269227
37662397
27661609
25890063
44786591
66470524
67930184
28745882
79319130
36767502
69554587
38761654
58713721
87576746
74123231
6779971
62243169
69359268
34864800
39623109
76315726
72450032
43511771
81181607
13953569
46830742
47220019
62361698
98899125
7800978
78337449
83105042
71576275
95042654
14225337
10675324
60859545
84840078
41389466
31857089
86883231
6365591
95208211
2489777
36593433
79574232
95977954
69212845
4820424
61061189
73933498
35016262
44191303
95318677
93435975
47250765
32018936
76416231
73598130
40263612
86777745
59329255
31548963
21284515
27468272
70115958
38799239
67306208
87404048
5909184
25581723
51319669
34186338
52085910
32236770
37851420
75513761
59648385
91359923
15830490
24408121
92647733
2696756
94189208
24458635
87386299
1001062
44793537
52572053
82419234
34590502
79296570
47405245
96670524
88527871
60873205
47290922
72963764
90024427
92014883
13129634
82334672
68627271
18769618
31888526
30422808
40762268
43451283
72726379
88079363
42662823
51660896
49983682
27473839
21368082
71042684
18026195
3923560
35372664
35727751
55364092
81360592
62450166
25704965
21535359
91154437
92447045
70865349
32874799
68648354
24488042
76535413
58291482
36011823
24295775
23212851
51122712
17541362
6461070
75911546
36104256
18822325
55640406
23094221
56633060
35468150
23831474
19191272
29935667
12992732
77450841
94647642
78192324
41145963
61763267
71029998
10663715
86873656
75729605
92116534
67778800
93864364
88578307
26180900
5203362
54362602
83345576
60938866
40908760
21692648
3978519
42846734
9530380
63782182
55627078
12802748
91003768
77799475
96857919
19476726
36478867
11600323
70286108
60406332
75955112
38319374
97189696
59747252
55627908
99439622
15056670
18239795
38835481
85498985
14421094
13632476
75468528
17198696
74425480
13430851
68966187
5992083
97257179
67838978
54369532
1571690
87382512
30588547
9183876
64479888
47216801
72319706
87245345
6097244
43110261
70345833
38515223
97406155
90057130
49909440
64284677
31352615
61614279
95997082
54082495
67973635
88483369
76480952
57654537
58138469
28014285
97883853
40565538
31224263
65440210
87016094
46014774
39816469
11999003
74507451
66304005
39850246
57737582
97600198
21777132
24325102
79597910
15825548
6866691
36789535
10442180
90130641
65555897
26782967
88358744
69478607
21736981
46230506
39526493
51708588
47095658
29570235
19745250
62563081
31360436
23942816
55968326
7139679
27908138
24606682
49023643
91297631
6167718
43532847
54599806
24667096
86154792
29526747
23276890
78748817
71121410
49581692
24908854
86647355
40993028
26507191
42104046
48874998
13937341
99860053
79088781
92264487
77235307
47915795
20625320
31704256
4202847
49399477
43309931
63210862
78683557
30494280
69777445
78369955
95524719
23731047
64953566
32107756
55632100
59288802
20898434
10173400
12799880
67686231
32385798
53738474
47408124
82234199
27804497
88014720
45461247
40050085
50352175
43189011
75520951
70954084
58350557
56756174
92677923
21518311
46012446
66107092
4952448
2399260
20276788
49660557
47850647
67118439
79616423
71352336
85789250
98570635
97149190
11193281
73183781
5145954
49148133
48012897
1316323
98437556
56979246
81608410
41888790
2321601
87618536
17321739
93331842
63966752
29133930
12321142
72811668
45956741
18070796
32241577
12676256
89031981
7649040
40139482
78180481
63673689
28307058
52469369
49368505
13091241
60378786
50187862
34315999
38165120
10821172
11151268
91591357
83498530
71773683
1800224
33802525
16355136
85989796
44698189
96249556
15954829
53731045
10831518
25436655
79150060
74078950
67936180
13851843
46648666
20462636
59341950
64902408
49309197
63362292
34333978
85732593
50714332
73709992
59316638
97555270
44171941
18343840
4898614
85661145
50573338
84273659
66560341
54541874
32855530
26067022
14039018
76542431
15626349
21830300
96588602
7002380
88265324
71784949
34281420
89049369
10152644
69847195
26701630
83752486
76279742
27992129
9928635
31286562
23884987
24253549
34133713
76373762
81585989
97937096
51971012
8771987
34761986
89747339
74165091
60990112
91235760
38485085
68526608
85015487
83829858
4838842
6935076
38709569
47153897
32033538
49055905
85611288
23142442
55272660
43097650
2546665
85755800
37948109
90082559
71445515
5119550
80658967
88500627
47941196
52140079
98346119
72183562
85655582
99993991
31360558
6792189
6682796
12219055
68858158
11662622
98580771
36374501
74208996
4651374
73253008
30960693
74210997
94478441
46651409
28715245
35605411
83574696
60117532
93271013
83318906
59425376
84035492
80983521
59855335
57971582
2789638
44711080
74952181
45205555
43651507
15063296
27356971
75620387
10269324
21299238
85953110
6965371
25526666
36685684
20316539
62884848
38412553
96616101
50373603
48369050
15769640
78069172
85428762
12782795
9190911
12878159
74573428
45307942
87785161
51985965
38388141
49667552
51737759
22075863
14830518
24711785
77573993
13424908
23383467
93259205
87483652
60666020
27857764
74508676
38446427
41015496
25482750
63740243
23364914
77592120
56296800
77700609
23239320
25301897
45177466
26704620
43579239
7106794
79070098
19326457
59539184
35438334
38119167
40864627
9187328
69491472
78748728
36694469
31981079
61232931
63202507
74149783
72960151
42939545
82502239
49711483
38132556
98446675
31143171
29908679
20169780
97582142
71619224
20097177
36984569
41954119
56843738
52346273
47718598
69372668
2153279
42286296
46749652
60820055
21424343
26742475
55752924
69003679
44797711
40351361
88186908
32473507
6621460
45917952
81452160
43436931
54663141
45123409
50914060
99881979
20189515
31619212
41083152
13997487
5427999
54353164
29543393
33629145
97309984
66525381
93983822
64173040
14251514
59519427
64955948
71548208
18587586
76740786
49112752
92690194
26140776
53385816
35124597
55305693
88175915
79749230
37611463
80601108
38178373
17168830
19608241
7940560
44643009
26084550
79053421
82174832
99447409
6302762
21422792
69752454
74825974
7725319
11533026
85882647
23440888
68440404
27332854
86165556
16883732
43828640
62681961
31153437
79996630
70176371
62409281
63956455
40939671
98553360
58027625
83058740
27186936
22272540
64206781
29759116
95755365
56971700
30280805
18274808
12653799
12585852
60327943
68754637
21951795
82120221
81340559
28733441
77846521
15513302
64081153
95978536
73332137
44927583
50197669
61782402
63723453
54218341
37019354
45137012
47279819
24028933
25027061
77112853
21802686
84845667
49206057
94109333
23641257
14299557
10269154
42508717
41806555
64767012
84248564
52816044
62958990
79257290
80617265
84025464
36069709
73872003
68075536
4222971
57106847
10033575
96070520
70734292
67488598
88320661
94501562
55025106
54942899
49337641
91070385
35847321
36050530
29346876
16970782
47935713
17427722
37043550
18317908
42230721
89610343
32203897
21462789
27535980
89815706
94507047
33376182
48502275
52418321
71607872
41192764
74328425
71165021
28729943
54715533
45083747
63081231
35755759
1496914
4761440
56959491
85038197
42218077
29885283
18954544
48803706
56071314
98755913
31676507
30490940
62104472
62633235
82195327
26417551
73948024
4034502
18254476
57001713
8563593
68371612
60989559
18783818
98486611
46811939
29539124
74421282
78093213
80705444
99402886
23242558
23526942
7546666
27768541
20277752
33488595
41491335
14354159
52983175
98277504
93313320
62764867
3269753
45594892
92010816
48593208
91204319
39855678
8971660
47704891
21307530
5395285
12853731
81133827
56112716
75224286
86167665
99660732
16110724
80246308
18426144
55851700
7741974
20044609
25888418
17940879
87662711
94629411
34845326
9939288
73688658
80981511
52098580
94974646
25405177
31492884
46182656
68899721
92338103
26245524
20700169
68424737
60150700
77455536
62082752
6289116
99592074
93211144
75180109
72989867
22535043
40452142
13124123
14082111
17573717
21944458
53592812
69217629
22744439
3247012
15321890
3623723
70809699
50077571
11824856
88181899
1121731
84339116
72570018
14582081
49520582
13970232
49969924
80961452
64599324
59825647
74333939
47620486
12919201
52412974
4260615
92058180
71883264
49791917
82260818
6197198
23541546
31256069
58178880
6820301
23314640
4358032
23115390
44283514
90654749
16551691
58488123
1679091
83954174
10270194
61566271
14483231
37485157
3726086
40265165
51596426
71662804
15036534
86519255
41368647
22584938
41101353
42509748
48653463
35547078
59285432
51197289
51739621
47620696
44666816
86808340
95028346
35910116
73470623
13615588
20052384
4359779
96666035
40989544
63831606
12028097
5462918
12493172
24106327
9326718
92169148
10733970
13354703
94900899
26209359
31973699
86004923
67074466
81048032
51493449
40935398
56706394
32509276
19626355
70209251
51223728
86478138
74034303
70482866
9803471
18865314
48772997
10359951
40954079
63633272
26862125
16671512
39277514
11687083
23538087
40312075
82953569
30690217
48272936
77403878
54400656
98216232
79895338
81151168
32655688
12763272
57918931
95698863
26009062
10401733
33723704
22575391
72524345
44298641
63387914
50096809
41467815
54046166
52713100
91977839
33484185
75945568
58091362
13854743
88147184
64237562
13136032
24745543
21197781
96598109
43378353
92463817
89962807
12055129
76620798
13650800
89303141
1701407
87809670
23408947
13433529
26022568
8176515
80705195
39128558
32656978
39365952
69795902
61686370
46383493
68555360
39503906
38771325
45239755
83963799
36600239
32720453
12751274
65363236
91523349
25325495
25544354
37660375
42696325
13288072
47033933
23663158
20729728
76578068
89637753
30262539
67619880
29852389
30902089
46691144
1125271
86856017
48991588
35396967
71864485
73498230
96252920
88298505
21464121
15797024
41753414
62234507
34944033
43554329
77180259
98069948
10818408
53987989
21320758
67786903
52042385
48356783
58054066
92740950
50541158
2141498
53168815
22453233
7383982
99629513
22201414
88527279
34638396
64452418
32858016
12752942
30393996
87143821
61948698
91678973
21858576
16407521
44141134
66727305
17163389
30035797
94339300
65169687
21035660
31817060
64715408
71176102
61732274
2838292
54460057
43659322
62898664
6677861
26481456
92385063
81031588
33507624
23540622
79438155
6074977
11374614
66144900
73288463
67395106
33779816
71830683
91340291
33521363
36782034
29488931
50245379
68714942
36756391
59115019
31231655
2024483
78353586
68726772
38597657
38727131
22307255
88845863
65282524
75868943
52681205
89399246
45066699
5991895
37774052
70855139
98205143
51638573
26984810
33410880
16548786
80983496
49758216
76685009
25022475
11744471
9286861
20236374
86379747
80656275
40832906
99963090
20186648
85251974
57919188
98188027
49384762
64771248
42792128
64124950
97414459
12966693
17486016
43193042
50878578
2175621
13247712
9534170
2842414
17536655
1788865
70883691
98039995
31125076
56482057
58186873
78320290
52060423
96195382
84703738
51492253
16133673
45896453
15175524
86735266
5470727
48283809
72593718
70699315
32556476
6803682
12475546
11701525
83434075
96414063
58234557
2030600
36154968
79651944
50058635
19833398
55871568
18466817
55506108
31931612
66869085
25185503
48523337
60813424
45394173
20280769
38205089
47031107
11542709
8798358
13810345
56637136
89596329
34945989
95538480
59650583
31426928
74734588
49456531
83096541
80531559
61323175
97257328
98897770
30154671
29789751
46923970
42255980
22717122
22937220
70505865
84191767
86698282
98654060
90051164
4743438
37773027
16322676
15558833
84514636
81115003
23706600
2120672
29193966
22861262
93757770
36434834
10026482
46927064
16446741
67680211
36902660
69013675
11758992
78771673
78810124
33524956
1591980
1394396
24345540
60020529
75844266
75378635
72891283
42005232
13599538
13215082
14682516
19911180
25384209
38677254
63035742
39954953
56807292
37482452
76060759
55178191
94242514
10554173
80258752
87508311
62069874
52543233
1857947
99799216
40039356
67220599
54694582
52998315
50435224
64598519
55917242
11668243
37091571
15357448
81417972
45154160
31038756
4472599
47447723
62108621
98210348
77854002
22218291
19527570
30736206
27625890
57455017
61660860
8006075
17962969
19016277
95798082
37702463
10677535
5517252
82405387
99518020
94968047
21281572
12244035
63890946
78232691
23808627
2994562
45201221
15664844
7981111
71395142
92902826
75658301
62589152
65259608
64920323
2516172
56213293
5428709
88280272
55509886
85645853
57637102
76288431
55855197
24150696
19063438
49974076
31518226
30286090
86897424
86790842
62607661
84584678
8520717
41128395
14474618
30537337
74595358
7023682
73193760
83055784
78382577
66034753
6849366
16725978
20803558
43939955
86209505
62388992
78428745
21186441
52504222
72095251
5953307
97062861
30017137
99435745
1499325
46675680
11387523
84036982
54909738
68072290
70552791
18681452
79699598
16995639
28254570
90237412
39795928
12610330
79884272
39298098
37764129
8432641
19687548
24151182
94493867
40588221
59999535
49841929
58181373
62753241
20316343
82139460
86203559
96830866
30864706
18726636
78078605
90313837
72437945
7046722
64450943
85502046
12140596
34796519
8193496
91783625
28844163
53347599
69150304
68862345
69293945
59670169
45453688
7124812
36770013
69410778
17428579
16908521
83455667
8974121
66048352
83170858
24385885
61923898
11402214
18565914
40167200
39825526
65589342
23552267
31809313
84182524
22857152
12202575
42083780
36519330
31084803
96803039
34932829
53734076
42988383
41209184
24980491
88702365
2515100
1714685
4010788
84835503
98466070
67955970
65671774
31178359
88677340
19697351
51638069
88691048
82170029
62072112
61704665
12241631
70607248
29310924
75055010
48944619
10302918
97692957
62292989
19535041
3521692
14928038
65160124
67918120
37548818
19513169
72612119
48380926
87764113
83097040
90231214
61927103
55985867
50205602
82434536
85109154
52257561
30415010
34613721
3324582
43582112
92734274
94023651
14412486
24016154
84888843
18154886
31340856
41372205
78237483
52705456
74713020
78054365
78650849
59042942
14143511
74744321
38337779
90364733
1651395
19325819
35046474
41469393
75812647
15108318
58878854
66672833
10901634
60464292
31646065
49707237
21992964
20048853
80769577
64120992
75950889
34536412
49088359
88182924
25803726
57856695
42104740
55882682
1899926
91417101
21446375
60771750
41492279
72933256
57597908
96623860
77049369
16709509
35621207
90648030
27686832
73801313
35182739
11235676
42124137
46351025
48245598
55411147
7178743
36057278
3711394
38403452
48774717
75154087
65540280
76849800
5223123
92741236
25941911
18540617
45245757
27522529
91922523
74695884
98850727
26118456
12469058
96279496
52392152
24420607
63875724
31250996
44403982
91258664
2906818
52987456
56852714
14003767
13396762
5584730
75808304
71898201
24094804
84903079
62460047
11088987
4179040
43620010
65075039
41414796
76903109
65448035
24301699
74140463
5849452
95310416
9369916
20488116
67181739
28128390
46537911
12494024
21328196
27483073
10550472
67340738
83220517
72571070
68870918
93337992
63561236
11190966
18218775
66235969
48485825
80800103
85078333
82943846
65642451
85533406
31427432
23093186
33353125
24066419
30345002
34216849
7244143
60963019
83444872
98595663
88797724
82715926
16748117
90500215
50723488
90389918
93749038
90578556
78403480
29860797
52146641
59170147
27544219
19394587
99615927
26421748
15170176
57198430
39285671
42799033
52316724
9978321
46177549
29087321
51601290
11669325
32109924
33361719
87859191
31142783
11292238
5913726
92914735
99639386
58810018
64769648
76117651
21171572
74312042
52279727
14899485
86957570
51341590
77760263
13092979
10773663
37833982
41292249
30240649
82860515
40688726
70513430
97040219
35811874
12023121
12489449
88006741
78544208
21319066
36685131
38018995
8110359
94400898
28445013
52471228
20248295
35854135
25676007
96257781
96359716
48352778
19967728
92631940
28369036
11327119
30146557
87977461
63268467
13435387
65936764
78833316
19726008
54217980
47190487
93481133
32768058
83049365
6360341
15283072
36758717
34905592
18763298
60054656
83157590
17254959
29886755
47963490
20039144
1856546
16556134
80819586
76302049
61094752
79235933
37879862
79433458
69985609
1759040
23619519
73001450
58243654
47391768
47961841
76674885
97997952
1512459
17609102
7246139
60660837
64182753
34244473
9824407
3492252
98881907
27115792
75801732
8868790
98249581
75632171
59767422
35115414
13799789
81769174
68799691
56344297
18296401
53235872
76047947
75929915
38007214
91073233
46664543
33179880
42381419
29672513
55215974
65161458
23776189
15257979
68248312
83795056
11900148
32056330
10119230
6268561
16459775
30248569
89022142
39757412
76633756
45024327
79312595
74384751
40669682
13571722
20671991
91048040
42471488
84286205
27531950
88028834
73251194
99566342
60903444
73088494
95091361
93788869
93818160
78781679
82710372
62178648
84780390
48171707
55104118
9439542
64379673
49385529
86452544
43955855
44456583
11583038
91126401
98185216
24632961
15356693
16205484
33664326
61569339
25701479
54436034
59437183
59433370
82248231
18481006
30694395
14104185
8336198
76566900
59685687
28987729
16160841
29047865
35979038
36818666
85426561
99422939
14306178
49694417
15909068
61022988
50891622
18510675
43437994
54761918
42988539
7811065
22788564
11131191
66380926
66008513
12986215
68449115
35059519
81294338
80438316
43212003
12550642
17241582
70250746
79985853
80316054
60561306
82411251
46788103
4444834
45341081
64908408
89805843
62948101
21645804
70040350
29057144
78882381
74709044
27131259
32725843
97228770
7132171
40872069
65359102
48120412
53896610
30487266
47668006
83365941
82603792
30499277
71264686
18593188
1790679
96893221
82480364
46556961
46319613
61852741
5487208
96317920
57622795
2396932
8101130
58162726
45862295
66827102
57400915
29743230
64822390
81345059
17712994
59782624
72042899
47167520
9521377
69994556
7450907
42302247
33293483
55850950
69615298
86075153
96300862
79500831
68427029
88739586
13543834
86525664
58566554
44115483
69769942
27236044
64134942
74807023
96062734
2494041
52529642
27974216
32083863
23112155
74921510
92355789
90508097
7342677
30786140
51744970
41383995
45524535
53377862
84550465
11372018
31394866
39711084
1041214
90465730
79664990
30659063
19664680
57207327
42355051
50806537
68251415
44109349
6403252
20923146
46045322
18514440
63646259
60472212
81601728
83693949
53303648
48266058
4298897
60048677
17785768
22112151
44229981
19461921
88165866
97796925
65226820
82586745
20103970
46422532
83369285
32158473
9119083
4602146
82962828
98300673
69825921
71578583
50764275
6664393
30507973
67154587
94689332
98415053
2449482
38988962
96495223
41324980
83331580
9209728
37267125
67782229
92652296
23694364
81439410
68220853
2253230
94851315
6118428
42577274
87731693
49245356
93923229
36814506
2625793
20163400
74508913
12518154
69916164
15884917
29825428
38929661
38283332
72656842
28744380
1934170
87249487
23830562
1628333
30250875
56645725
57614973
63677989
3540272
76707133
23627688
29022640
38977970
6456844
31070753
52533656
81878780
59210042
26007174
36647234
62351782
7719966
74931750
84344729
92472684
28975999
63836880
36195147
87423679
83263089
64301631
84224558
24153299
81116114
76518928
65995749
50938997
23445743
17564672
72060237
34958896
34373017
73450560
36443670
14124969
99611453
62798679
85705806
91479528
40768271
88536195
20878274
8817824
87639024
34986363
73303204
9088245
21082757
92992311
22900983
44966001
43400327
25903630
20972175
66764609
64926255
76736374
79986173
22671545
57566623
26142955
8317419
94914927
36785297
89309289
6499591
26338309
72059588
24259473
78342598
47910792
82831199
7309580
23899570
52573013
98735738
55044467
7073825
25726708
70754948
63746671
62817327
86187050
84727497
11348419
43711362
18932378
42592231
52682589
40959607
91354318
94741087
37563669
99106493
16226734
45978524
77059042
79557073
17336430
50984421
44641483
23937072
76688046
76134611
50624865
43041719
99534628
63968581
4654625
51675021
24841615
44899108
49936728
22616783
29991227
17574279
95167291
63151905
19385598
29885126
50052236
13766040
21753669
86767861
5298592
87191219
69734380
84161136
75675349
23267900
13554974
70368932
82237033
98473994
44530455
73772515
2678181
55130102
81544540
50342066
93552641
20877614
17751146
90168415
23527596
25046748
52192099
66593565
80835476
66854728
43899051
90037379
88118379
52263660
59002100
67135497
62865061
66589657
76304077
70208429
22688523
21816982
98013703
13748291
41864556
47551079
85462459
55248509
90920790
40374379
47456060
81035388
70790144
84030216
79979765
32217911
90517095
56688189
66094439
47948126
83851335
75332979
50647237
64509692
9435713
26623871
64277149
76892271
12596749
97388739
26233259
66122491
57473175
71363199
72231381
68728238
16903862
18144695
43719331
12111696
98220930
42379603
58251333
77474829
67226107
26643591
44769961
45493486
70064312
62698917
95673416
9885987
80259146
51445127
57897435
4225437
25849126
94763468
98996783
62758267
26157803
37480095
54881020
24045818
77011386
99356935
7823300
62795378
44026941
88832591
91815908
60666595
15690348
70279901
75612362
29409169
34681384
23390867
68207937
55532922
32203602
27604408
93547994
40483408
59396211
94638961
8591770
30983606
63840068
53751647
75503079
59846917
85025245
11961714
97232163
69398742
35679535
32473005
14638619
16049605
33885060
90494426
66465144
29820566
65666834
43153846
55057466
14966390
27046261
67229566
85326112
67738288
53557628
78413389
79475961
24207697
95883117
85629854
14863470
97446261
31649773
88169763
27048242
90891566
40216982
92067012
47655562
39681716
81025177
82529873
3153156
81650427
53100645
68276227
62739736
56970619
38097104
63917373
67703352
12593066
65309473
26775112
20859855
66650508
11819795
49687545
19794776
44518077
74275590
9577951
78539736
15627304
3910204
77327061
25072764
1384374
78164368
23674374
24642700
53964306
92725932
95287227
77783547
79976312
45016140
73079063
66237424
33266622
31367171
54339948
58783426
33009210
89316430
12498906
5492025
78795809
47814362
32823589
88182700
1699985
65863126
8927588
73131627
23695866
61475965
50510049
62808993
19966920
62450163
12647411
44901864
44508935
91214479
72658077
87386641
97550878
20240478
15971617
40730634
70623148
89605683
97196261
19996989
15322209
66439509
19057209
84235611
74887466
61733023
39955549
77467976
68050465
99121475
34074057
1783603
43766908
5264376
94765767
79720390
92811092
64543042
54427017
35767847
67629850
64019199
34084211
25499534
60543259
18308802
63628763
84722467
16273066
55786417
28287656
53661803
50902470
30247170
29281626
71343386
47947731
50224843
61893829
1785213
36739249
77463514
4977481
43256747
42625523
12715877
12739164
41761043
33990171
57563013
99310781
70656961
89691890
54715935
93298442
86681344
70853242
60173345
41113919
72796803
97517218
52502744
80189893
75801287
36760639
68353725
58736737
38129289
53635250
59132178
18506556
89568702
3806692
45600241
58410472
19972149
3290131
30681202
41936894
4893530
4777004
66076152
76375117
96022177
53782877
38530159
77269496
67043057
48710975
98553004
65512173
47416414
15501171
90870910
72364125
25077039
74287969
99425119
22284778
90494740
22848889
20881754
52638493
62122099
86679450
80482186
55642314
87718040
10295449
82199545
41199693
31423194
24308713
48111098
23817050
46821892
33849432
45945764
88647153
92239687
6798011
37642735
8388851
59601499
79774529
42300717
32161334
74669611
33328588
53343579
68773701
16366754
70239072
40090554
35234846
71129979
89443530
42810563
96464897
26812026
25046672
75116738
33821629
76187511
22577519
31542798
30829671
74772984
2940013
48766646
31195331
54405580
24278521
22322497
15450937
35737717
33327591
34877271
84007301
19079387
51400729
13905337
89044421
48673929
96154053
64107561
28732011
67970765
72057509
17933273
2422184
83887359
56075344
3663322
37539238
38350291
47048629
40706757
23784239
17517287
57370631
80170796
46565959
42966162
47115655
5540643
66030955
48990699
62101581
48595764
75239159
90812214
80423578
29646885
71908999
22387016
93902265
89070205
21929833
29438310
4214570
85428916
85947832
43588675
35871690
28638472
30525419
94373902
70833992
92554107
90929996
5873559
44994456
69464188
9579331
43562062
60172258
78994239
23140030
20646713
81561191
67747274
85451054
90648986
73178667
17678413
77601528
67377291
76985092
44895244
68011451
12751343
56151039
96575779
29878097
62383934
40397020
95599543
45953477
58613638
99262609
69986848
38279187
16897714
93022430
84443020
87322098
89248636
27743237
70890009
75702146
3854339
10763934
46781305
87193246
46625221
84769579
53975797
61003373
4717963
10161536
61417372
33092047
73670690
30109924
19346078
5130334
6887448
48897215
16842776
68860178
59469414
57105917
35772927
21876338
50594719
16640231
10118034
43714486
28587051
68450728
75487003
60438296
2913096
41956029
60566423
3148845
68736832
83416922
85167362
54964403
82458518
82736021
33385651
93264239
45663494
4052126
60138462
6109093
1087415
79372685
62564128
52631188
62346823
24524015
61116530
93899913
22835170
75705068
39004380
80027383
89691420
41510755
4070613
39413484
87712834
88266007
46990161
19752644
37188644
66113370
67560097
45811774
46379085
38038904
72031989
84581214
56621298
55873930
15493182
18347155
69751858
41313833
36693550
62323853
16754550
26512189
7523270
8725655
70071338
70127173
28020768
3309429
26260966
61644949
56250555
34783455
47636867
44027838
43904344
75233110
9968671
78452166
86958811
98503980
44288864
68103559
73367298
53092288
52753635
74507844
6815062
20148760
10984109
46013139
48950628
92224858
43506545
94683673
76004229
36434584
3609769
50264951
29147087
59137269
64046408
23346523
96906169
13670443
62871886
55410425
10591646
1196342
2221325
83409302
69793572
98630560
54219090
3874032
94904953
13992715
63283007
69041975
96497042
96800214
57419172
24302827
75452064
24661591
9514595
25209763
18966596
61940062
26348638
36897952
81107026
40063684
8715805
48798904
42502953
36946658
84086708
55151560
6332072
31722875
16991866
12763192
58469331
18742602
31540689
91700405
52671390
91041671
2349368
51783922
23543788
23918483
97135128
45465485
32735279
45526209
92619203
3888821
25115800
97066378
70929430
44276906
39458852
14497311
59752084
15130995
93515829
84189187
21838689
10576162
4248696
67384657
50878565
49548323
61910381
68290838
41494484
50427849
24563617
41017466
51482023
27053982
16618047
15477732
7867940
90541065
83236510
46827853
74938021
78743780
10900022
93832111
78397917
58248900
96393048
86244229
8687014
8886283
91593493
54155298
24942096
7264701
40219781
91373522
52964856
57170801
22734348
70829241
51351278
68412151
16251655
65142034
9174416
13886805
81561067
10000522
29548677
22596005
20291292
46075093
60736308
77762299
6250895
19935671
31696554
81385585
63109232
36803861
4093468
39866045
78135499
82098298
27256763
86618636
52236849
47352313
17880294
44248052
75783299
55655243
3444789
96113360
64698120
72288389
72722847
60928368
12378979
23898751
7625788
34891348
90104145
84128870
36950653
53430668
65056683
56608430
94409013
10214919
9323392
68873426
65875947
58706099
43155993
9319883
2003811
51848554
43841098
60289677
54338294
52629160
38258172
69686665
42446062
47075082
17878359
81844763
3744153
93367177
12166957
44791084
22105594
47531367
88422210
76045847
32776021
55990295
82728612
98970422
87342120
43556698
9943599
81777661
13417877
88477830
28197046
2174097
30747408
14747858
46011027
75234872
75696095
72550577
23533875
18723019
36877108
18659286
29182562
73575110
95553348
10583010
6993632
96572160
93118454
55555239
27975752
48168618
38049527
15552132
22322078
2693869
12798790
93962531
61568530
48334198
82121886
7703413
93585798
55879894
6023368
60961323
20478805
54924403
97857353
7066143
21935087
99072173
22680235
39352252
12619079
56700821
47367754
23860400
47320190
30302934
29938881
65769492
42383869
36309134
45101328
34358044
79517029
61296999
60260214
74891461
86494482
19784886
95018310
49134835
31019261
21808642
92560225
78062669
13843679
27006524
4154988
9316695
97822768
62515299
41762811
83015593
38179991
55526552
85146293
82783251
48988428
40816389
96008015
38268008
20575743
89376148
4980694
14380457
77352054
22471389
62777174
92988153
81209442
54615002
63334390
87955715
20620872
88286130
81093971
95928773
30432279
63711706
13640935
15917850
47922174
7519860
22301324
32407869
96869960
74117226
15144879
63009205
25780988
93154460
64274188
52919541
56423208
68521531
40358523
55349988
56781603
36224336
14728005
62765013
94041796
70996230
1526870
71518602
62497179
29458258
89209744
13623359
56546883
49675371
15088497
55983114
56763753
41299196
21708022
53627623
20045790
36622836
32796206
94787463
34639815
23928989
41272276
32350861
71946726
80360488
40307436
48619073
41778656
25770840
65609559
19711851
60335892
62623410
24171860
47783811
41868615
73098164
23182494
69190768
56961823
43137832
25783972
99221265
43943563
17740914
70719753
72738336
38204086
7125337
86525075
65847993
94923142
10388608
55373588
34943438
21963928
38013924
84495978
83139879
80084286
71627510
68139357
57742058
62399997
53135933
71619146
34033305
96950120
19775387
59377831
14676089
41929673
25393483
93263826
80985158
76937113
5134728
15592889
40439182
63987351
64375125
2129220
94874530
27297296
65160186
35741276
5867795
25886937
28802341
49361377
92225385
80901365
19272729
60148916
77795746
30684337
45313761
41655456
8190071
13219049
74859049
56940853
63468724
24258932
26131066
49543332
91897270
84686346
43839693
69241220
63283752
89367986
45335075
8851365
28076052
32781110
47763485
67203010
67374143
7631556
12437943
32214532
88049816
75455416
7609840
64254571
86145008
51771571
75178158
52680938
62303531
81074573
27441433
31169928
20739351
53308599
27782892
9141692
67712506
45567046
66874451
21321355
67931777
15106768
56423625
57475364
4105590
21460968
59363199
86029659
74455689
72670949
40551357
37801995
42349094
94956283
84819060
94880516
98266105
73426584
82086154
87392793
29598294
22581969
60262586
43643679
27163667
91189263
62984954
5751598
90381579
47442642
36256853
61672636
75605072
85025205
18392152
82567940
66458638
90592762
74070263
66022753
87741278
44594778
79156986
25558020
79256730
82066606
95899149
6813949
11102898
86806050
73398658
36838915
54909477
39716786
82309873
16045379
74670814
2536907
4603341
90904423
89923518
59756524
52110146
74035024
37403649
36471611
3452040
48039086
30551861
49645797
40214885
64828390
36823691
69116051
80060941
26326236
99330365
7299065
73698356
32205325
52861252
92386132
34647015
22020818
15156725
74969313
26584732
22840295
11996212
89730399
61003318
22955375
52612554
22179682
26766140
71421637
71859618
55868236
48923282
13475187
77441859
9312529
47499749
60237653
56900959
69428220
37815420
88452635
78158706
75311805
39142188
83776494
3238727
66204669
56996018
51152597
53852175
5225797
54398649
45179589
14292119
95627904
64301185
50864392
7773179
87968265
29887143
13991809
44387955
6562659
47556524
39061173
47041955
87998429
32600425
41528211
12749637
30258167
67661057
45042880
57219680
18558527
73625301
7439679
83482492
24458958
97651553
48864555
73658297
43623914
68480832
40216773
46671892
25766372
2441881
77511926
22159876
66135307
61638379
40055735
97920757
39366016
80626202
60993922
42533613
64253401
90641983
74817096
90003929
45819496
73287299
70618129
60147596
61073100
48482071
92243672
84871765
28288715
71637402
94883461
1472189
1004145
47651258
42250046
54166970
84021119
52491009
96504983
85127848
12198865
40963461
57801434
36035121
79826264
96402938
51837035
92880801
41748806
49607641
82716929
8757577
52140559
58974615
17662756
64653350
91550195
32757020
7749278
37509852
80847508
73140143
53623240
84598155
72509530
95912980
14511672
58143532
91755686
79199555
93667810
15489836
58212652
28749554
39197109
99683966
48643391
8536867
75251593
69896708
14059821
54648113
6219084
5844292
56126357
36736355
59592470
60206615
83490423
18989423
41072180
13232610
71633180
28257991
10107283
93845929
82203791
15755239
48907936
55927265
42768962
11293365
83199758
75107104
18392451
57083304
68878399
24777153
86756115
88764384
90485449
88653011
60584477
99968198
7363889
81149299
54146987
48497223
8271270
85747785
56866539
37053973
34600449
86012895
45358794
89606847
87347942
6574136
17705988
83536777
4446418
54400321
58445562
58440291
53179102
63649527
48312977
85053853
77872754
19190840
3161954
23121062
35179373
18682587
57545739
12115550
61331462
69229263
24487397
18032439
6046996
16220627
35823268
51011799
74365153
35291092
46744750
1423190
59795626
34790102
6322122
87804275
82745460
33445620
70200182
86935925
23240218
57748654
74773231
81778597
91926862
3045284
64296532
95000300
31930029
66505123
51643918
92764757
4477968
70928324
2995832
73769559
1324725
91772416
81434537
56531362
9521649
41451704
56914554
33552867
33831010
91052275
96217954
37547930
10760134
17105882
80515329
25951094
21402685
19948957
38613781
40765021
96715029
31886452
34040340
72722518
66749481
34922493
18535359
36915533
14138577
28391209
6025702
83960862
84654971
58060510
22087350
90174642
89998630
46098551
10310792
89138489
72254356
72313661
62176506
54720681
55979670
15422225
64801740
27303722
61794699
20476920
59901308
55046138
78989635
59822100
76995462
94130706
59167856
53732319
92039358
19987998
55113916
75962929
98011958
91426291
40578239
45342791
33963930
26897506
52080901
47919549
95919837
13358038
11214411
55488950
32943074
58569311
4526709
6556701
6856335
86539879
10844033
96663895
95509739
21833625
38737681
22516394
6445053
91236626
73494446
80876085
28561704
13238445
76565432
56059195
71852209
62750987
82974470
47032727
92211203
82595950
91805318
34503537
49693799
41570359
35489368
61278096
80266458
24762857
50863187
18950337
32310481
3379472
25395253
59830168
57476405
60033311
92471208
28571551
25353876
83909773
27128456
22519258
81750620
12617301
49348791
65669756
32531385
90363505
23656300
36293817
45398437
24961838
78262507
1953810
70892214
42884876
49077606
86502737
71231064
11885223
57057921
47315609
13639003
93854175
78512262
7233694
89223237
10404559
84159534
31682891
56681790
40018563
4490517
23132676
43066915
58619221
31092637
98177388
50334805
18881368
10152771
84892675
55750620
78994582
94686210
45439196
61509299
95871861
18417771
65126311
55859164
78094133
39169841
62371715
97390332
73757592
67025020
4555044
42476786
1669227
45566725
88035908
42976528
92909365
61484658
7689656
42604576
37193326
47565176
29268159
89203551
24976175
91349312
46311434
45327628
95950022
12885764
38710088
61726386
30949733
16733268
64608719
70238384
45330343
93987911
33471081
29246519
44505113
70514867
39490985
76127667
24112661
5622072
93883140
7908545
32768628
20889514
57849861
44473798
79619234
80902865
30667420
44918164
86323427
49673888
44313353
26127742
3069449
38899588
9655975
73239064
77991261
31923137
55745688
75886465
85680214
94778741
52745949
17957788
39511719
60703424
31091773
64487611
81480711
13299632
39274412
15353321
40511376
99217579
90582716
35568710
84357503
26721067
27253984
46346059
19884326
63780747
69590667
46528149
26074847
61275597
81832399
89585106
37653460
71740247
28481892
96255110
68904175
87935454
52548512
54393885
66820888
17016632
83561948
72735794
17083109
40594020
44970787
4055065
61412397
6551324
18619601
35357587
41975775
68827993
16778933
48673975
25185192
67118915
87288318
63140209
67787406
42426146
11012246
92769042
28094807
77964817
30363603
31396787
86667194
18472786
48983402
7233457
23303334
13420407
67807203
42797107
96990783
66930703
13234683
94748962
39064292
39542455
93111109
71866800
39903853
91204275
38886466
6545157
61142676
60282574
53947914
69225388
63599028
10622865
67292799
67326057
50203841
75106468
13748710
67080223
16547546
32949414
95233492
15017841
23805421
45901804
8033314
93489710
56177985
71113374
90499159
27772849
24051631
86081906
77592277
38136877
96042153
86962836
31032191
94869896
1619977
5517396
79928776
6714095
77855714
49030036
52682499
55411344
86454743
72415006
10188684
62049461
11099583
9319913
45079206
77027924
30341345
43529090
35638871
89229959
99677841
2421184
3258522
11536878
50577445
47751791
23075889
62016890
28616355
59873959
94290516
64776853
38893436
94189045
27115566
18424865
43580800
56765163
28458803
22510198
59917652
89921302
2619603
29116126
92183110
5697076
25070329
44268298
77192330
76996565
70823014
70317283
81580138
14638841
28400628
25971535
21734197
9394034
54372924
84174221
2826891
5848080
39215123
51231707
3827300
56033331
46935645
32872992
77227629
32287190
30554017
96270133
53062485
93995497
87317320
55300047
65062884
57488212
23616075
98344754
58152276
65089046
45949868
56049402
82733555
26866151
79700415
41106386
21633879
57957241
47374730
55307314
38606887
15163085
25762655
25639634
88783728
73976184
16145862
77975383
8083057
41781613
12103685
30034034
44770984
23785168
63922582
2630494
15957129
42358545
50100788
66533965
78037403
96886273
34283896
2799965
50941428
98550500
71103670
43039341
83510155
70603193
85173834
55455507
87235850
41214968
48090490
85355020
51775453
76229075
23477137
77125154
93659925
70464656
40929294
48125247
75313573
50574607
47280614
29467089
7969150
10399150
85948815
14137848
62341860
65137417
78650065
61875495
30923202
41195091
56869895
62273367
77062303
69026878
57383920
57282171
8903957
77380119
16010475
74561251
74424819
42610771
7711316
82986916
73556192
8296175
66781953
66026450
21876464
89783412
33265189
48820505
99397493
39898942
86391917
77717601
94397338
63448189
16598853
14542804
62587367
3146018
36387806
98351629
24070533
80361918
2787023
90303193
41577078
32710912
65771999
46664126
63262009
74537208
73799745
94483727
71183183
5972235
26903494
28379823
32764038
70130914
36913203
20952314
52542898
35921799
16398780
37296429
76757074
46980974
74502524
16123459
14031331
78599135
97363038
24772313
57884554
33722633
45234065
75079405
34006600
68381363
92325930
83682762
58219112
8177311
10380097
69791309
73839830
37511502
73642095
43294881
77337975
57876296
60871532
7744464
88685921
53577399
95365275
13115900
32607739
72784006
88625769
56470410
3195150
43233654
67708277
50568899
69345040
94719438
24817296
1831889
30375213
10621967
84270502
39662902
25568683
33504644
38648465
90798830
4294413
11422983
73995803
62137045
51231109
43341201
41255986
70112568
20363407
72807122
17143728
54859232
37063533
81525653
52856494
57073032
95547699
83813339
39795374
58964293
6276457
62948460
10426808
81106994
79512360
63487157
63201599
63811771
50292142
42609993
1816684
64259619
25183044
25031777
42303234
32953237
20306108
25733134
46568417
22042113
36555107
45011522
77338407
4583301
99510232
60842201
24486329
48373264
65740263
46963373
7942865
75111798
95260736
81859423
14459262
36914089
92739586
38307709
77888975
94348688
80466701
2273566
17134794
94981118
19969312
64251647
10716055
16214700
24356870
68258892
22435213
42289995
29668884
19538934
13740703
67287448
47353432
3768510
1879609
28114155
87056518
87011893
65521169
42659246
39725522
30175256
75359380
79869468
31243373
43382802
60411273
46926378
90725020
7183791
15606998
92141494
93499599
94907368
44524868
30585458
98442522
32444292
36550702
79966322
31583600
57092744
19612778
38310040
59863057
15275328
53288721
37962897
36848129
42211718
18638515
89122577
93012566
28939579
79888782
46181392
69086747
68567352
14756307
11540447
5265575
63382895
15542853
44697823
48806562
45504887
20627104
12302207
60224919
95486690
83320857
56801623
28266860
76510870
34192500
16386256
90309852
9788741
9235469
13761390
56431545
50252774
70162253
36340278
11998303
2481242
81104584
38265477
76789056
54748386
39713572
18432120
9847941
57387505
7583754
40131532
24837780
88392922
5750796
64666398
16100873
93641567
5754651
30711961
22230637
24556377
57955823
92819204
96190634
43125860
87907224
16887789
74192684
38669888
89009604
6854538
63691659
70843407
57015853
93824325
24709097
45202204
68226278
30512968
63607751
80231310
77870879
18665556
38144879
22994662
74310070
44750374
54794253
69798822
19028903
49587505
42604597
10767830
44911401
65800919
52034237
79314362
29362056
27835936
25150006
81487285
39644292
77723690
36899231
30706320
95226299
32016503
69708916
33227645
79332815
56591899
23344634
21951691
33856115
26469114
94718851
94299449
71207783
77114582
3815612
53614284
10218324
26262690
75718138
16213667
18574584
24996099
15365908
87247654
52564739
40005781
93925210
28658867
3406707
6348942
56176673
79158519
77693201
14901642
83590372
93433692
40803986
65550597
25110774
61238989
25269501
92824202
85968544
51438991
34724123
41856034
24817974
69959889
18600427
40779795
50644885
71897102
97729575
39289337
26085898
76795163
29124069
31375756
48216023
84497821
40238174
82146991
52930121
19965358
30281656
15183774
33757608
98833303
58785036
13740098
20437288
36798292
11071571
29789496
95308342
44815733
96733330
56395218
91498634
88890022
8856212
21972049
86805607
21801896
3509954
30994839
89828773
91648979
51576792
77769534
29855189
63745057
81815367
94806343
40360903
39723419
10709414
34830247
14606687
12105159
21897289
4023677
92021395
34202182
21594883
36561220
17296472
43250480
94545570
57193343
71624845
45353244
13433768
61761014
52950176
38597639
25464378
51555170
36553363
4794342
85355483
9212916
16432298
22530671
67500753
41240402
93405801
69363651
16039982
9255064
79630897
26177383
74880434
44834273
11713019
92533589
14604833
48724225
59732055
17145394
26359942
66096541
63717123
10265523
48886516
66198099
12722108
23096160
46473431
73167832
62173278
99432249
93082972
16429592
79934862
7565974
10914347
24676827
1937487
73411193
7180515
73180532
21508793
83667522
93193180
16847449
31812848
32684422
87565720
13856870
16139448
27105331
7176639
23564831
63841393
98558363
48798479
82231578
42857052
40001985
6157293
19189693
11889222
21318929
12767422
8224100
29348933
55378700
24649138
16346168
38066832
86534710
47768201
97281278
58594310
6489525
53600144
43622476
51561916
24615690
11056567
82342500
65988934
69382119
19369252
79692721
83032932
10759388
68991095
40589888
64876769
76227788
59619717
41873218
96710652
88497408
88786037
22769455
42022557
59089510
41994902
51041719
42099522
40413111
49500527
2019293
16645726
25702481
70748162
15247074
75328822
37637364
43464534
81048712
79698516
26078407
19264608
64849269
82416661
74182478
15830513
93170419
23231667
1645620
71843070
42292303
46988356
64750034
44003305
36420114
93348466
32160914
36640171
28018697
40177595
60450912
29382634
24278169
46258582
84450323
1534485
97671957
31528568
90616774
9465367
40035902
41375352
99220061
53901922
52612804
88293753
90203060
44298777
82871783
91667522
76377565
30222373
81833368
9993384
57184817
76591267
41181466
40343323
18351165
1167203
4813395
7405578
20991408
62430376
30261831
5921665
55233130
88918279
13116974
37133761
62689558
74727062
66394809
76190093
30967339
57433262
47495960
65116596
73744675
72662156
60197635
85213708
43856876
69013296
5705783
95881217
77193739
31870369
51401068
37492693
1973379
18855092
39441157
39938801
66115982
70204084
13615486
26890526
44219793
73621634
88689433
65865312
66041019
12105980
16713088
21561653
87254523
18061116
68982845
85043402
36098413
86014347
93708577
35099052
97759942
83147638
91573303
62063750
94511945
53325760
80629997
5243533
87928886
41236218
59860628
80572307
90805977
26509515
27465101
7665503
4337800
96649679
65260131
10759422
88058339
53757691
61055029
49272961
99284701
39637238
98055816
7330381
48140821
83426793
84431429
47019050
17330557
23958196
42592013
35778741
90341142
3669949
18348326
66294634
20117222
74941283
99041239
59636779
29227931
4608278
9227849
30004392
34009890
60972102
74234802
82482370
46555059
7400197
31356720
4894400
77675984
94163177
48365695
17724587
83282597
14025124
14156703
9789300
8994511
47956254
61385102
68405307
11166961
89278121
26586517
11582770
34288575
13169362
84067141
38448839
85183893
45975202
11920512
63586196
34498832
46302046
54254296
30526484
53868492
11742416
75687357
77126518
14731619
50559183
19251192
70151207
88708156
90982242
60302993
98985932
42384058
12694718
70434071
56998403
11947628
44672819
76070439
92798334
78530005
21650893
41900853
10076521
62103684
89804302
88348124
1063360
9700086
79256491
24357387
70187631
7392877
66216155
30991941
84747016
86680449
96320737
42924429
46544870
87852017
30400438
97051120
3952847
88740879
33514284
35007596
51854020
45778540
64152147
61047073
93474218
23805488
74735770
44279754
2553955
56664904
80388428
96254184
92832743
21460422
44571358
26082402
70843643
22778406
46879608
31653693
17492606
7601275
92999417
20770755
69271224
29094711
81601012
37279568
85074496
42616471
15970212
20330489
20235441
72320474
99140169
9742133
55312030
9641210
9910988
42410396
49554856
97039242
16007996
70237572
67246653
65182750
97616438
68265533
83901802
31708261
92514154
68936614
59422870
15208288
50414647
43625827
46770562
1767201
36785957
59693906
10730276
46005305
79726006
49158587
83252770
16348917
58774628
38731475
51305033
50508990
64083008
52995560
54365536
66818158
96744659
84174062
44248999
22886766
18404946
87619057
28980414
38032928
5884743
58852669
54933732
50127562
66091376
7359876
67142811
38198605
17545302
84497172
2033135
16020993
29140388
21846921
58269848
53517663
66686372
13036437
85451194
47785101
47087580
39498992
42202050
19846593
19343322
37230370
28092886
11543609
53218755
62831499
31526223
71966475
84617144
31973117
11705829
65431798
68070131
3810299
23041139
49618535
17956929
80573469
20017336
12039092
52530144
82753257
32783883
48283425
13659773
25147812
89279200
22234253
40557328
57366759
20389240
81154992
46257774
46602194
29843414
55124897
44739700
23210498
8216308
52906885
21984035
70925960
54402706
27751501
67362615
52107104
42691556
82138399
67695460
57776897
87205137
59138963
67417345
61030318
85906190
5255103
34148580
58083976
4651554
89193498
67436551
40945992
63932761
74271574
2013211
55448232
29908555
28571583
20902823
8420530
71200616
46248453
12365489
50349296
53510727
92995065
29604743
87558485
41740738
78368514
82695372
90230681
51054964
5635674
8733787
33047376
20682910
35307245
27329486
17725621
54662293
29014692
59865572
28977803
12142897
89941502
23858837
25634398
11796535
54597421
58648417
94957866
86978567
93912513
69677414
1334194
37087389
30453041
9148593
74444735
35342200
81373048
96764404
21625944
27584785
59108601
29117935
52983761
53905865
26930172
26676198
99491148
18239028
90864691
79568771
66233951
55175631
18396157
40093368
51422409
13012466
90970574
15254328
5483674
36817280
1564371
22405764
64642130
5873080
10507481
86995387
36992081
12973227
15348058
57072187
34416481
9948464
16548726
6797186
85885753
48907389
34062058
43888663
27939293
4904608
16019987
91608324
79104964
24431342
33445727
98117721
34705890
58826644
92699712
75797007
22714200
66360558
24190175
63710139
18780338
12461909
79100036
68650132
84552241
17761350
89181496
57080132
76448987
10688904
5293323
45752735
7513284
83342184
23088826
96647801
67015341
63026577
5673758
67552846
85206251
76329884
36098995
93931035
38066401
92991440
49562541
16217126
5516312
78735983
46604688
76027589
19441085
23683985
74821382
38300853
19868884
2310115
46415007
72336906
53916202
96847173
88951461
4999256
86642188
29317245
46398920
68918859
21866596
90248286
66596759
70136931
48147858
64550354
93560631
62832506
87515009
62740643
51931258
57983356
70631812
61049263
16328048
37346034
75028193
92368570
8520265
71230522
70917410
77071114
50315992
65376369
13138035
34939171
55883026
44634325
2968008
39802678
45174314
68174738
92132315
77747757
81087781
89052009
53478165
83458626
26664373
11222604
50667248
50815655
90415055
29248693
7667652
35971872
79806728
75022306
26616008
1846825
45341349
31142773
64371728
46487102
38243352
80743231
52825172
54358065
38281242
71166271
47280861
14849159
64586446
68688149
97242623
39146489
8503646
68286760
48227382
67678071
87968276
97224281
6943249
71227763
4441158
32191973
9364633
85432911
54061683
89290403
91211715
34032659
69798983
82836738
42578185
30878422
20020741
41945794
65310061
63631837
92647482
28779698
37287850
25166850
78105495
54667760
53552881
40528033
13420558
2755668
91476012
11417412
25735806
24641885
1135711
17715355
18936051
39588280
39997616
94833000
23029962
12001184
59763265
10811071
93609903
20488892
3176614
34669928
31675701
46569239
76674221
82847595
46109057
47953905
70577104
51717567
73095317
23546959
43707056
41670793
89978573
2994380
30188746
39092827
96083407
33012444
30695722
23926193
6308236
71353130
46957245
40245036
59286227
33984599
68204284
64550211
47685057
62739191
69360883
94226841
85043014
1081960
76558933
69511903
45274283
15161904
89931325
53918372
30988190
17648442
56494872
34353096
45590370
82631668
19662665
2639584
39735989
59992100
10910691
57582561
76353351
48155598
60980465
19001963
51081709
61055530
31597781
61315098
22710435
29204155
8108955
78935388
18438756
1831169
65325627
87466046
60012848
16792421
7650115
22601504
17948979
56681876
84066722
3084750
54224352
6096593
10981563
85708070
84439749
77373217
85083377
36486049
24488028
94084616
46700223
11280547
16188733
79487607
89142495
96044133
4833723
99742240
83668060
55178031
39060092
61315836
31480416
40780988
32070576
53424881
83812467
95534978
78104322
91181179
11549107
35348674
45601170
20211607
28364966
69340301
13810181
67204099
40812912
9219266
58454417
13276990
33239008
72606185
38567469
86033313
17862534
5124477
56958295
12354174
68672713
99263262
50427298
33065124
75334790
73659409
4886310
98927580
58613106
49172055
87557468
72666818
52497405
15965037
79390312
85015996
15208229
72963490
20464873
1101942
18447075
73440988
21150880
18654982
94188206
53368445
96672761
31679432
90950373
62174137
54447111
11532204
4071224
97642099
62977658
98461886
65838365
58653281
59196799
98754847
48572295
72487439
16438630
37657115
51403176
85943662
74242710
34118145
48400866
15559210
29012107
94414597
58194608
74753638
39395268
91153047
17657575
48075405
30834803
95124969
48669265
34524779
71410865
68651963
43806656
74579251
8717945
34768495
59365944
40081775
27284465
44400348
64006538
81056366
50234107
25974481
11312609
45856262
30963770
64335287
5974952
58775930
85659915
87995237
53352226
7060442
75693224
44112197
8560372
32728476
97604225
36884094
35377247
86051493
61140911
75135953
86131910
73810538
68304074
66692339
4428810
71282786
39642740
36628196
19872317
55715875
12572533
48035219
98851444
44516591
44952193
40221753
11028442
63016632
44252001
96162303
52983421
46546019
41110517
94295604
64941183
81977285
95875393
30083684
12599971
63926223
82874909
77442769
55331653
42786704
66903415
30589286
75489528
29603516
67124418
1752993
9015014
60885514
10677977
74611246
31896837
75741278
2317072
48773484
47774777
53467874
66449846
31883308
58773866
81381724
51823518
91479407
29640980
88191557
73269002
23404296
51501488
59061062
70949887
4372168
67855698
51841014
77823644
62696512
69144405
8879617
72523208
44027436
60736845
96233691
22609160
27810568
86915543
19272468
15011182
91642855
22657128
43331249
92187829
20056402
7195905
5188936
85115503
84969815
67437280
26395001
19478391
36685326
52128453
73820464
68505843
74782164
12566773
93504916
72274588
86556424
63446601
76442883
95517092
43571790
1956696
54111108
73076617
77871747
21084873
55398550
82090853
65107015
62555205
22795786
24503750
50251602
40928911
12431030
27542319
60380481
65715569
53802609
43986754
68867282
88276623
82488019
81007190
68317874
86891701
7080309
14705390
50729227
35766360
33673192
57459769
91821754
77978286
34792767
25527956
38641692
54583575
90182979
1855697
97973482
32884373
39679959
36251611
52228987
17350604
2130301
44424974
20171774
33790375
54101630
54951713
45115844
27596411
83782535
35690350
69966353
98492991
82353041
27407327
2473551
9367252
92119493
69523046
55043528
88445769
75493519
4547116
89974887
35663456
36964869
13855770
31066598
40480983
60192835
12495382
64392658
12460827
81397270
57560161
88999126
20786039
26594172
35329702
63354974
9927194
10799048
98045328
59613498
5006693
25669578
15265259
51143390
33065058
31932944
80174937
61175338
20465648
17559446
95488096
76795458
2083910
96539476
52573617
21569480
20237064
8240742
64348375
54978384
56953669
31775386
96860839
1339144
34337194
27751450
1816152
29417168
26101927
8683833
54061600
94185748
43807625
35956095
61453244
36678315
10482640
90505450
80104627
48776593
26892530
40425935
55953781
89099461
35771152
69186691
64437203
98896854
18340627
15732121
53833832
41122298
64624467
32728835
57196476
54580539
18937211
14946794
43848985
6178592
19975909
94246820
17976395
94437629
44371542
81846922
88450621
87163320
43528766
49896830
58287975
66647633
15651179
71059996
30218467
52527457
46466543
32172930
91477327
81541575
51219192
30956010
18870488
10392542
21065027
62125714
47149207
44827944
29566387
30559212
32128884
45634180
86636695
2512444
60086482
10577394
88713788
44691353
35916302
47231511
43348075
44952222
99909537
26998008
4591590
84293322
81941883
82024606
11873239
25141009
25829353
42892706
52034612
69394573
26379116
62011348
14875756
71705250
27089980
10964559
55320843
35464888
87584722
43202807
93161110
39812144
25244885
50495930
71610624
86241032
52065859
65042646
36353047
27273474
82759256
85892196
88135341
56747515
79158290
78010657
57932877
76601618
19888495
70231124
23066388
62367523
73701356
16436883
49151512
47225540
27276008
7467094
99815831
30422428
90055944
10730253
94784528
45853486
55855901
8683531
17745362
36252340
35751375
10096630
51653534
87639814
96612779
40178501
23804684
5458895
62234540
90612407
85259620
50799504
67887059
7398955
69972725
46786984
22275843
9599058
99498440
64539798
29080884
70661055
73746459
84909294
12631170
34680502
75901710
73704314
36624726
32313162
33179621
62876198
64247462
69580138
9594369
29364362
19846575
25457245
67432469
92453148
68756422
33289795
94910540
54927267
85822520
31710095
30497937
41666789
77691433
62492291
43537442
89445751
68200139
69712351
27772117
16976116
55832008
4767363
70093950
59858940
32225536
13199082
48794555
57724953
88213477
23845026
45153628
23844378
58123131
43819985
24163124
83095820
85394074
65609318
52274145
25770397
8982773
24272816
61367712
20987696
81029138
39173591
84383032
63379264
22633984
90607956
65063239
18783439
20029664
95113891
85535287
35092433
70081668
75075054
11711106
4558847
86149198
91040738
38086456
5479038
54523761
2483834
83378065
87101113
52685779
89781538
86067102
94686452
56544062
73215166
61288986
68072454
74376562
31204602
27068830
77956352
19123529
8500437
79280065
13094445
65129227
86011324
49705635
90407643
80527507
47268399
54409386
58625610
51811359
34876434
73313894
80293354
20603745
27171255
23030981
68854028
84095750
95533989
75463907
16499623
80057102
71942692
55937033
78374416
20230425
22695455
25976859
30154127
35794724
3656411
68366189
63505506
10980998
11837549
14470061
59737999
57813787
85449410
25113717
83484712
9107324
81334583
14843045
93747290
62555364
22070777
81751507
89779905
21602111
20972306
67918876
18220773
54379614
79916869
45578075
48077520
63335011
46181164
53795145
3333753
11507857
69203017
30417597
10612534
70376584
60623557
42520647
47261829
58941964
2374582
87001890
47746113
4797603
78389861
44360416
82810656
87543273
28136410
73857575
76476177
52697804
61784790
4618455
71750575
70793904
54134111
50387558
28002436
75617442
21136643
56300361
42489144
17644720
99631518
14033031
17793550
88303683
79488382
99129548
4255383
18786188
41990636
98536760
31840006
5510691
77608695
56197290
61971645
5194952
29762583
64637693
76160965
40380435
77726567
46731478
27595779
77071801
11128127
41152980
16345630
38173421
96189648
64129813
39284820
60351027
19891610
23664642
36137448
93314263
26200107
35916728
3213661
46324206
17014328
86926083
27638139
25173814
68463554
18219570
63340031
1801008
7872742
9701397
25483101
8281572
3379368
29188093
39659764
68931167
7137319
65662315
90941165
80948562
50499304
90695913
58321856
31667295
72304033
64694891
66614221
56713222
20494005
20687977
94958408
96055875
81953880
38770177
92034670
9686849
24603571
17020229
92014263
69646655
9167900
78814726
97984769
59886323
36769414
89213576
53323257
4745862
22040476
32687166
14442652
62097552
63776704
75795148
86029922
64084888
46008553
66527582
43949688
80778862
95866653
72029284
46179663
53444800
35487615
32065402
7683776
21243007
75375039
15604717
85177444
30449945
2745098
4674952
68945307
91036114
47121445
72304277
55597916
61172276
43420647
13588765
99022493
59401366
62355346
26391709
26471381
53470968
70091154
91176208
3331212
78084821
78249737
68654460
92670571
79367754
53972089
63688097
62607775
72985187
90353876
85190414
76677903
64570178
10405320
47901904
51714244
95173549
80688481
72464250
74775967
78002137
83867899
59009282
81722294
41871997
24927258
26760984
10039799
51850295
90667447
34266567
1629679
66779260
43822854
51713146
50211746
58035601
78726796
81478070
46615127
94057085
46853648
62422862
1444578
99847604
87193344
52881350
81990389
24275575
41745688
93832667
32269392
96753645
81389576
57644235
68437390
24114338
7215048
46830827
67412437
90280115
78376387
70182224
79509911
68274481
70306814
73366261
3158797
75498434
69849557
45601850
93291601
90990724
3829894
25556585
93179260
16871290
94700463
11729592
58879564
98759099
49720973
91653637
7174751
45841020
70803885
90774181
1081176
36039495
18052766
74238350
15401131
63787896
76037017
57559551
31654846
46098982
43462352
99365242
58429982
44942046
49721911
53526952
7177712
19557357
20823864
6746509
79192264
89180148
38290602
20387104
77391731
94137168
42372314
91430832
35015297
26585897
1509043
84309601
18205390
45844314
22580997
82807300
67405729
99934843
62521446
77851171
5739220
35937588
93853840
35281858
90990134
74154394
24047578
67935014
17098607
24724904
18519534
78193782
46561029
32006004
42429265
44529420
84401430
7219838
14787846
91348159
4983662
46570582
13729960
39885842
87103675
2837554
72315085
79157737
66629160
29366501
76442019
41996597
26637232
44629894
41123590
74794224
11275399
28770154
74738016
99432813
5128201
96531350
79797221
96454053
8318931
62399733
89865595
24483731
73618253
67486399
17114424
34583498
43872421
62159791
98924965
40629243
32059847
60874632
55554964
44580833
76714517
35266188
31717726
86318405
97461326
73358389
37489246
4495162
1232450
45820740
66815119
1126095
90874917
44686454
69598778
63632298
66398959
41962540
62409614
24942707
56920782
28872875
15787577
10137442
33055168
67284073
55320403
66424384
94422598
79257892
96714251
96862624
36338418
49189239
41386845
37918354
3713615
45876765
70017401
21330848
36042943
32915950
3963924
20344508
97065096
33357347
94047863
80605290
62549741
32288544
35606073
62142386
86075283
43780249
96810215
50405219
26397642
86117375
14660313
38316133
45127321
54840669
41963270
82770258
24313920
65613333
65913857
48178252
6922087
58733087
66364134
43773748
72509579
71727775
28783333
98196076
27060494
2653848
76195292
88737922
68576274
40246846
51043560
14542252
68882086
81436966
55009543
60824182
59296794
56304744
14188552
67395099
99054170
43691621
50556912
78714951
86659607
12329224
19063902
75835792
63530484
62116098
60915737
27712279
73214901
31616051
97666905
91672745
89229476
80482580
1229965
6913056
52773538
1398922
13455959
14963706
76192199
1885093
2560741
68407275
66230173
15079689
39551422
12261959
45879325
89168272
21646399
33913283
42308954
18127678
48043775
10728701
35081842
12224390
91899520
9043378
76246548
27730196
40120138
66232748
87596160
55542927
82499644
83590036
35119676
58220303
52027966
86845520
81166232
14337668
52534604
79166143
41320991
35146025
74416795
46802536
96366373
6739175
44716680
52545749
85647251
83932053
95621518
70162880
36475654
9550178
8358989
48845504
42015920
75980253
62408859
55800656
42188693
72102592
92769939
54421937
88910238
85183010
68719889
78694021
26010108
18087726
12718563
24203842
73155658
27185373
69935193
35809137
20868403
64012987
16164499
93801197
70193630
52948334
23605405
8835471
40825942
51719129
88666474
97408128
82789009
39266170
83600142
25519176
58239988
28302186
73743987
14561619
51156950
98604278
40206394
93105789
90352413
16776387
31754531
70956289
16795802
47170634
7698450
85107278
5357537
57505872
82318360
82083034
85534707
7318940
13997948
54855307
21186956
36730559
84441967
88103515
97554834
83260119
8970298
79264654
24854527
86614048
37151145
78599214
49078345
32317661
47929353
79838479
78139331
75471748
23532548
12740020
29747973
51157085
79713269
19322954
54153951
30300377
39118116
2656515
84631487
8413389
24256417
90872281
57537168
23053934
53488670
4417538
91566338
8797069
49166709
26147085
98221756
15585547
71611731
34726594
40840706
53829024
32860643
35130465
43457676
15171552
98789006
14666384
11338491
17988583
98162784
70536768
44152522
94917498
96173076
12732511
64323570
89632737
79579178
78553213
19037076
84415993
95495793
37780975
32646907
18983581
55112740
41307663
31685529
35303354
1387108
90240928
80773266
35151038
91179179
38712205
14640403
33800584
76499263
89705796
95248299
92709174
59903333
77387306
71119541
4870375
11080183
36895937
93394952
48789021
58074476
33941415
17710542
45958438
84616287
32437320
75262901
7662569
50594088
56853719
70449081
54555703
29099122
44210140
57130509
55695579
50053192
17544160
16163885
59792702
48533089
77187659
82081539
34787892
70747537
14285941
15988640
1757266
94256691
71660118
10653528
55205165
40323203
77242876
55830838
63848780
66875204
14439578
5552935
47969237
85497576
13517384
35277512
75160979
88293145
2724950
50697636
83058989
35208970
21433050
87112441
73471058
73701924
65473364
88351334
58139292
89670762
13631357
91984203
16097154
19304886
12043542
23241120
58679622
72907704
38246077
98865865
57895245
32752551
15177260
65987861
67896520
50129236
3204979
49152202
25168093
55463012
61296475
25243041
96477635
79883177
69033352
42731198
62843473
53829877
85316355
81043189
96283797
42318042
24462830
47033422
98033634
5244872
75800893
8601230
25488191
50860600
71137625
78246619
22928318
73749835
14685346
17940705
11331269
56688731
83479113
47953153
61878396
95120568
81057505
25951924
90590533
86398530
60222126
8412959
92646280
29528083
71456523
79663531
78461559
64897808
65338233
32166020
17240014
92999738
90589971
30327980
78628787
14121979
25639505
6658024
74476421
97870722
21534200
75504966
79944035
88471417
3659800
94522101
67043752
74108304
21220323
4288515
69762402
32662441
71472936
34065277
88366959
68406661
11192285
95832151
94903450
57947912
10129512
67919727
40973461
93742420
69383032
43085898
19236639
7851966
5632720
29239787
12065792
12793740
90809045
45988954
45507324
16421772
20723680
13592807
40419017
98340430
31894796
69561221
99766640
42019929
55746753
13359443
84885823
78677215
37935111
86679633
93229013
18298781
96607841
25280253
25391623
76536894
48067643
85256599
14622706
23159980
26572181
30864270
90913931
69046220
53589169
42927313
71894666
36838983
19021119
84047737
28278323
86243497
1030100
31933721
61230667
39210222
11353416
47706760
42145587
51088418
24514254
5746745
26691352
24558393
47588023
35516311
28463599
33020899
19276180
22887659
28824102
35605042
44519352
87326568
47349603
44763569
76362789
57761105
57141731
8413325
15458767
32688862
97885414
76641346
45554604
99828432
25491842
55175334
97302444
64896711
41669074
84378564
84401280
73894253
78022889
92464585
61888955
55715617
23040036
64462819
99580313
77876111
17137504
63782961
21964470
96367320
18445945
42297088
8332141
37246541
65646293
60150106
80691281
11190588
57923908
35910979
43218577
22786391
61550418
47082394
66465777
4892485
60242507
91641057
70018092
44839894
8708849
48729001
94881476
90450824
10317651
64197254
82042514
75226317
78716722
95674748
76439855
87310262
66753677
99809171
74514385
34970740
80746847
99171481
51725867
70245751
45671280
76520921
95809029
7393322
23039136
97856836
34788508
77951790
3610513
55363810
78242109
55652478
54824969
17814778
69038541
92130584
95868336
99467312
88400229
37744137
18732229
57601766
69317060
39808881
64617051
58467491
13467944
37074615
48037868
19172974
80816754
58997303
17518573
87854300
17575598
43982370
65451274
84470616
54499912
5511566
25106443
69926621
9331292
72599320
7008623
5815078
42751795
31353710
37703357
47643350
69317068
12442171
58860022
80686245
40082744
31415956
79730497
41459145
67739175
14836192
31071401
83473555
97480210
73045412
53598094
29527955
13671212
78152238
60103928
3985346
43434797
64767254
28684857
95309359
97718142
45035685
61778252
82917049
7869054
81661441
70010747
38878397
58506051
8524737
93846070
57401525
16622746
37575708
37564667
5186406
54376730
26616445
95151146
83306404
63974075
66448770
23314171
93481316
77646067
24036872
41812014
46498126
93248123
22726285
76992422
90991746
59288850
17223225
82452584
60670433
60730450
11120861
21155415
71649643
10859189
79114497
45109557
67776941
86892922
81782507
78254136
25679165
3880592
74468973
58273489
97630790
49465846
4029895
38374475
65302346
26389162
47660836
70405472
40695041
62459982
15246233
42396669
3598389
19305323
13186701
68814302
59054016
39219844
93711378
8121096
42814668
87141603
86169376
39796735
23819628
25976561
52532213
84752062
11423744
86085827
49104526
86348579
16257341
27438837
44069059
78729526
85397274
18263016
40111444
39883660
30862480
32912109
13376971
64660305
22239547
72446768
39340034
40002145
17129409
58593271
88628291
21156319
57166625
52006187
22050774
60228604
36201060
36243843
3898223
8557788
8536713
9302768
28746442
47790532
98835618
95187128
13665369
34455643
86094589
32810340
84884915
89340265
97350721
12799150
76589642
28100045
11719772
18397638
79887430
64901217
12193761
84163778
33318483
81306145
15167101
59848202
51153163
41989583
11379294
9872192
51170562
41127991
53553941
64014430
17534364
25024112
9822544
51979648
34179390
11530716
61552975
50456688
34253233
20393104
71612815
90742941
26384477
62025881
44611051
9257268
69998709
83504229
53879311
19580981
55249643
26586766
54551216
88491755
85641418
44442896
11059405
29566873
15992012
97885647
96194718
25552619
91567323
18374193
33795408
79444168
10768973
82689641
29597114
36630719
36716292
37750016
6250557
2087458
33499029
2523994
44632920
35241033
54750194
78281796
53744895
7664019
20012780
17521069
44035240
40006127
52511674
49409177
43103404
58855015
54447808
37449760
99699011
13378547
44913742
29299282
69899898
57015304
39373112
56686817
64402334
67808644
95444966
2642084
99225368
58385587
37614526
25760265
78926510
1516665
42776154
19775256
17134254
75272675
2774848
8521512
91027356
79295605
61422499
69374238
33529439
11860591
89706479
94112421
81669607
95177819
31653162
50142082
38777769
33664263
68333720
16969675
83734362
13991207
75880664
95255786
93090870
72683214
65920845
3959343
12080321
91521751
6822584
21714489
88534654
34747892
98006159
46619933
5012548
53180840
14526568
17152156
42123358
59494810
1485892
65664400
98177271
60137584
39796597
56797466
42720458
45706378
68554644
50759650
76683579
41150298
17612023
55733036
27898069
89193596
72318444
24809565
4472739
61797386
51118119
53518522
72366768
50111429
14680956
74707131
87517615
12593644
40074330
76174894
3051378
15696407
56662442
63363459
6198284
68877643
33177724
75893808
71211394
98679616
40523712
73099709
85442062
74921804
1308507
74026206
89897874
30236254
56070363
73514708
97486686
19068382
86994670
28203897
43461093
74137341
23085416
65140353
4170612
4669024
92485500
39278474
94142653
30998375
4619247
10987067
68826746
71914764
41629370
49644388
85919739
8543387
12427437
75562698
3307682
97753746
73461210
25022569
34717296
62690595
5697405
86686139
64919924
49958688
94034442
42103025
6929022
67404823
15772753
95055051
77000204
86414306
96264037
17639422
61956072
43439391
94106318
74495183
88368841
62150624
80218906
97427576
37059120
89288257
84483419
43508492
35313111
43758742
73211783
20787228
32403401
82045756
28449038
54236602
29937347
65205404
8993176
26815548
4309086
91473762
50908213
20444195
68609649
23596672
23171075
49406467
96509299
14619569
27817233
61130146
35403395
54639905
99433448
18414115
64585234
60692413
81780861
27097997
7080936
37580510
35355968
46546895
53940426
89222042
38089534
9865611
65107493
13619194
7944441
3136542
74891402
30581089
2686152
71523473
99721513
64899091
66765240
58047835
9698192
2492367
50764149
80778232
34376401
92410278
37749565
66089126
52328865
97283950
99336657
99065974
79355830
22335152
89082504
75249914
7159431
78418021
97653155
35285692
84310220
99077441
62314634
27287535
18849427
4838877
43283812
16818730
99212720
66033478
36837841
91422990
29981792
56797858
68453359
82014859
45620783
3051496
91564903
30179722
55635503
59387063
63044790
24690562
1204078
75382768
43587722
70495416
41339607
92749232
69000965
60538767
25227995
79406636
68576176
52844544
76818478
99175378
12068731
55050834
6494770
69845234
39226971
31544766
59998309
86815617
94882380
55739751
66293587
76965867
1887599
23781240
53456237
77154369
49884250
13839324
32461682
71814812
63651178
7702986
72723667
10861502
43477050
66742965
38528113
13595319
20928863
51037814
48634975
25783906
33993223
94170714
99595362
10061791
90009575
34645189
64565290
59148573
60152755
7828126
72120536
79749082
93606812
21261476
93824255
35841649
71368755
65389191
50144969
31761719
52258737
51000753
24412900
45265836
70508052
99462921
46505616
40307388
29052958
19833542
2769425
18873731
43274209
56033521
38262815
71678961
92003147
8367029
78280381
29600062
53219425
67504361
6347639
16511528
66576989
64843796
78626305
22708274
70202771
50867460
11018062
10150510
26164951
8081863
39777587
2889314
55257385
7731192
99015986
42646170
64939591
82426565
91473959
21996726
6369812
41995591
34186399
49187464
13749474
2853382
11727490
28660736
73107267
91923517
91465953
43340007
76568066
48355690
93963325
37887884
36287184
87810182
69995517
13860369
99658481
62292525
94872515
64975186
50018219
17872338
66041025
19196882
80373340
85529216
98571971
35951656
13517778
67543230
36038035
24313550
67367555
69886485
10468187
55496910
22571177
72801898
94107530
29936410
97118825
87123580
95938033
57134780
75105257
73692933
76788595
64936700
74595213
32495136
35168378
66241312
69155594
19784806
72834549
71291784
28842196
48375794
51206389
46461955
66318186
49098814
22538724
86947617
81957604
10092039
27947106
53624979
4566258
89698523
24670869
36155994
89087473
74148009
45924942
70797029
92838185
78530690
39294696
35032278
44687908
80774974
57664237
70999917
19441184
30859579
78058782
20798968
88978771
63430231
63528321
7665846
15991888
37426470
42409169
22715483
49435911
69641114
68587154
35756533
72490110
62339970
49365059
96336468
22692933
56329508
81013665
39042290
32510168
84163002
1111017
36570846
55432956
6681367
29371327
85090438
92693309
60784227
42591943
89085035
93834559
36052621
23607637
42884492
3006419
70306133
51876208
64814378
72894867
34832927
87362930
54753131
70699233
97010519
51529812
59226856
59488361
5896935
68693616
68200531
41047726
54419273
21389209
81003113
83044180
52409251
13808454
59191467
80151729
89976576
15913287
53327346
4505946
51584367
84575710
32830652
18617218
56433009
77732600
22872086
92880987
14559501
52963397
27935425
22689048
4475829
68791531
24487851
72325965
58051303
95420547
69504995
55836453
16255915
30838985
79454510
99574512
48891920
77444825
16728924
35991701
77317349
68026232
97426483
75871650
14410183
18555332
89323562
21552501
56093368
85842283
63196641
85011633
98192049
53647545
19958637
32833433
90364562
52514837
72239168
63770495
76985624
63522977
7981773
57645652
65050520
38833512
38480995
92762490
81592788
6637407
75732784
73422392
52330792
23070302
77947875
15573788
22990695
79568800
18905941
56277902
47825686
56475047
95979637
27891096
91402015
11607180
27152888
27769755
44916662
76871356
91721122
58295986
7526043
98788361
52494176
32332854
47996105
29768133
75416732
6289954
75036989
94392788
47433801
6877735
66674255
65902275
39042927
84437172
14237474
80646908
47746914
78607589
84773595
12676657
70678905
2403093
56441761
87656482
84822879
95207840
82881345
57418707
41921729
38001627
56519472
34624278
73060569
62728892
36081589
58080625
99537735
7837903
30351066
52598838
48281802
46617034
13473192
34144941
37360885
19750500
40017401
73508925
74964663
23273307
88043933
80757704
98839750
53632546
97658658
52008172
22422377
38366262
57944519
79758671
71855671
61508846
13709105
18667837
12624454
67995720
76671080
66023063
70750194
10487629
77506094
31424594
59208151
91285981
64301037
30508829
6537484
49505771
60129257
56423989
69132907
73482772
5433704
67098215
46589370
95835950
37286688
37805845
45149730
33556788
12537568
28149775
13393727
15480492
97686435
64129959
94169864
89263277
78135137
39097898
95039988
90350778
73544847
79701216
79034627
40629476
35507698
11452520
13265181
53896633
48416252
13237431
50336753
27251869
30007054
74677073
98716904
96969917
99539600
23040208
39216003
6470889
49688001
38198834
78282251
52312683
45775827
42362217
4914719
74165731
20397719
39356370
80252148
43379261
32939369
80416068
50948921
26746185
2217437
63978697
23669298
89721684
90690425
39557553
38236346
66732333
93773544
23716871
35671895
47725869
44290338
35983201
44685580
52028298
2972969
88296877
36055687
88477701
6915839
15796929
63111879
39525729
90799336
9092866
88592977
48143794
1084335
3428269
7251317
91780575
73547988
51906372
60160820
94789006
69364356
39342042
70962001
56223019
26477324
54315172
4521317
49958954
84938546
18694548
30512243
77488731
9716291
93357872
45279219
13478592
65753345
17204296
27619612
49341766
1609333
14868052
58568002
37164147
41456100
32243583
25547697
60314691
13475862
60125628
95746110
77813765
48439364
2992278
54827397
79839584
40589575
1890189
37852119
54010575
86988102
65130874
27893083
8150762
6969634
2708298
2373642
29536105
72813690
91635608
47135474
21333684
88779057
87073671
45771061
85529750
64081554
73300168
97421070
18537908
65031191
50770858
27203108
49745725
95446867
40030340
4179594
63042099
47058544
85660572
16505138
3026146
19700806
85125085
72246445
51261684
8619288
62756961
88892901
6256444
56983650
53970727
72073432
69392946
13614882
89468083
42026928
96160936
37602468
50413570
36363372
46196436
56778591
40468673
69951241
65104822
98106203
71685215
5141197
83521261
13097113
63238500
44343125
66218560
85493051
93076406
5343748
54287336
52757205
85692472
78230622
15490345
60329408
28574742
7318624
63658133
60702951
21542938
4593190
81143869
62154422
4709732
41120466
16775478
47870546
39779272
60406352
92762319
91132448
68095994
99004793
84797125
78405031
17490787
53407141
50442751
23808059
27178875
99914346
14438259
65218296
27127577
31012418
85096267
53759100
64092915
76175270
25522836
54410308
98866410
23740821
2726752
34778900
63367158
31247460
75692863
46879639
99696718
29491681
43195918
46568436
10751323
45290691
70735594
28402831
82903113
26836722
58601753
68449499
46153630
23284987
44431127
54581285
62359684
40483260
68074260
48831269
53403441
3828879
41364567
31922559
41098645
45030165
81573874
52320671
51377279
31722305
37056778
31979785
19442504
49823310
76487572
26784321
86531402
78934716
66679112
46160541
91826420
15565080
67294094
45518051
19932174
19832803
76861069
19147058
18416536
35736598
41253072
99021207
71386781
85871060
72317238
81612595
38591771
69712500
77655326
3429582
78733711
84114809
68998274
25131491
29783635
91073374
98135980
73003121
80170927
42169890
23596754
3999411
14750565
27132096
83654032
63265283
77719331
82119640
61746900
26265433
47670569
16890656
70448488
83020963
30227967
88686198
34819581
79723723
58752746
91116187
63454771
11665998
64667582
8938513
29140787
4002692
30155309
25119697
27046314
80924122
46592885
31431689
49462043
21998994
30323676
11959631
8266102
72740207
36464863
28759029
80975121
77189797
40812441
31152764
79343458
94858443
34128253
37917556
42446129
85257533
54853540
96775272
68675402
1011240
92037569
14860021
11363489
86738469
62044754
69648233
63687098
14281502
75392331
14913979
36427607
53799430
73198746
12200822
4122132
7149156
9506300
41997074
44347048
12795614
70821751
75054815
82147500
95668554
64497001
73504112
65692281
77896609
92577714
11675308
92862531
90103759
83932293
9165573
51112803
76677883
54524166
11625080
59668808
22843004
14905948
42861336
20879785
71290893
88040246
25241690
29080270
82545798
23057902
64706646
56988074
60657212
27068709
5445508
4239564
43214496
10165797
29034346
36012121
83149698
49706849
81448302
73267600
97924474
63062880
75513411
54966422
89893705
10538717
25225396
34280848
86710670
34848493
25109497
25307037
29913944
43185743
19123518
36019174
59314663
70713906
98145826
4053922
91991900
3027265
60064580
90760327
90854664
98483147
91159510
34740069
31470601
11350274
91243181
78461251
73791057
54168508
48488556
28752714
55719122
69584568
74140542
18298348
35548979
23811680
2344865
48614821
14436363
31304517
44927586
62310522
7957913
84960737
17290127
49821325
59401196
74540021
57875887
79378007
26207437
57897454
90431264
30785397
27309244
57603374
92847121
84556709
66932608
73243219
36771938
50723939
33485058
21221150
63233773
25165702
98887568
35032033
77619292
2192637
64935458
47852012
28338487
77589469
28688131
33666777
97963922
7380564
93362976
33047634
11284153
20984607
64033305
74773917
15586725
65950540
98576267
14714161
52043773
50150718
94460042
33304187
14508640
82915869
3460455
86127383
45867892
42221299
25949482
37776731
56333641
39455127
56301023
65877341
44402171
4519840
41349922
53059572
18529678
63418810
42055216
24503699
82405429
24951547
95521256
63759687
90620975
76736739
84320196
90568335
80391940
12844590
19996636
97783655
17297066
46779788
99556305
49659289
84796746
6912288
41418783
87760516
22458351
34617573
35358664
62458574
75940722
87090521
90537052
21253019
18826285
62262300
56498938
40297486
84558335
79127234
13604514
47159969
89195857
50225694
7011987
29230554
84939574
59189130
75621621
56536853
21555094
21734222
48414523
46920247
61119962
65308248
38018276
48131017
36728758
60985965
63155666
46603368
16471711
90983728
85423175
32188643
26439023
55770653
73347592
14069499
41062236
65101596
5494295
98374626
42455597
53833595
55893175
19760987
56357947
43906255
16922799
70244970
12292765
34905890
22918130
37361679
59522411
31815142
87605241
52214868
38750885
21236661
94258750
85452503
26659823
71120030
13908157
10337440
39130099
82302720
73602746
21805282
30009948
58473627
80577573
37039741
99237433
29525051
98576343
12495864
18185880
59706548
10166892
7460038
69211488
65647963
86141484
24834301
6672860
63884712
8733939
69339225
67561011
89851608
5971733
96010686
96651948
94323420
36358726
22794782
38430750
85743319
98391788
59592017
79687398
77126599
17014634
35114813
37146474
28896269
45068496
6058773
6623442
3559845
76607817
32314873
20118254
8173607
51957384
66643985
17602061
12910144
58205809
34237530
41900983
73937559
13636332
52117837
85981429
70333422
29832020
35139858
59906756
12104813
82363285
95051490
71156550
81082490
88145657
93356238
19911629
17836560
14703099
67201760
28883391
73647244
53198227
74079389
78163700
95014288
49228356
1872996
98816885
67708345
32146131
85587788
49181985
28748276
64227299
65508487
29738766
36021931
73807141
79813311
52568931
77756884
18022103
7109686
98361269
26411099
54135894
31110602
23006845
8377175
40771678
98962640
39873333
37838984
40857241
29505619
30733867
27613968
88545937
97564883
42937660
80435794
24932629
48206942
87852237
24247717
54457090
57415236
9699167
53849718
42848225
85604578
84256286
71985975
30232754
45210387
97600337
47797697
9306176
56133547
94717567
16063546
67040594
81628937
41891071
49157780
70627287
95897554
7444444
47655655
90754759
15644122
1414516
68582765
81795091
19370549
78698544
56115560
10982567
51679671
9790652
55088211
66908243
66210823
30693669
94499666
12998765
92170344
38341420
85880619
63868664
98017785
52056318
99965025
38046764
94135569
20720762
78419873
55385805
73513936
98520788
31217061
97948537
81471207
1244382
45999192
37603340
41688945
60223017
17000558
31508790
30128643
6689206
51150404
28889252
2193643
16224853
97823654
58073176
97171888
86269968
25062850
28782245
9618897
87002590
87688410
10861959
48169979
34210038
36630244
40587167
70049413
83801274
78627172
42667286
59892127
21648223
25634621
6813889
98694084
65918940
82292367
86284800
24273034
23690147
5154352
34896213
2285793
90197467
38558630
84816612
58944064
52691652
19211822
95531460
62279606
26933213
20759522
4197504
7758156
91531780
38229804
23864477
88398231
97561718
44753254
53054783
79192728
56034928
86707337
71619120
30323058
97656198
80494516
69333728
60951382
19890783
52546043
63457044
82042520
16464057
47695193
87288155
90890581
85789142
1236019
81064216
91580782
83588816
29242517
68054331
69396834
71183148
91150904
24861389
7168834
80711994
79574061
52997492
32718892
85325425
86774543
20666994
5135063
5167362
52926946
53136544
35967022
27297882
67425756
83101117
39015604
76967225
59872390
59729539
20303112
47308342
91662964
88255193
26245975
7604800
53971417
32306092
74276483
7158339
81486615
11293016
94986579
47714263
66276055
39886311
2044610
70377197
20617369
45585592
19164372
4140607
36517679
22878129
67581798
38445330
12249006
88200504
35538555
39919943
13476536
5254352
73315975
94499257
23794520
10653205
96710152
66804942
71112756
27960770
68610107
17313553
33211945
28120099
59967567
72719096
13962887
56954402
35083508
38279762
1080553
88480920
44289769
65486906
60770119
17822630
77060309
72929679
92330505
14330873
72201432
75818474
36841052
6687601
60213489
44398960
60970242
65746387
75641571
38062080
70816135
2961159
14683655
32850867
32235408
87507805
38619179
76629302
24329339
49807921
46561912
21295614
2430520
89602923
12082619
1945485
79789462
9378860
51044665
63336514
70114381
66676382
6345675
30158537
50121805
47289603
22917227
65412719
5361429
5650041
91461008
74072716
51621984
51715055
50938541
78368407
35734993
82933191
34198190
90366998
81881388
6758974
52963845
67973964
95906589
84295982
15974503
81524467
99758669
24469585
57445382
60213567
64518385
35927844
41468819
72029909
28652615
19050121
43466601
4893883
69296335
3159843
54685019
28725642
72537890
19977710
59089712
84169196
58828155
51057860
46746100
66610842
27412610
11308009
64091302
37346576
54838453
84871880
37225008
40660751
94309938
59074473
94305229
84306397
72500030
9025251
25656014
43877527
79729053
3631426
38807756
4921847
38479477
86096649
61146959
61937186
74258776
82899281
65260453
32149896
61577793
11031141
79801407
99676502
5245074
77468908
99124873
31097918
35628394
37069035
48440611
68878709
62107507
21932920
3334445
72400147
73148953
5815823
75639616
55666407
90245090
7920215
16557434
62653879
81743463
46794307
17339840
75748997
7660599
26437786
89736596
45916084
58678063
37147323
46807087
71030903
77896714
56225360
2161385
19194515
62318657
37570579
7540715
39289860
14738896
10698216
59376197
86420268
4565209
79392503
49946926
52600064
90121563
12345973
48473399
30343652
4932125
14310498
43119303
53809649
75754796
10654999
69726221
41255664
48418158
42291640
27991452
52772022
73882613
68871650
23750179
74963760
60898748
22941640
51929491
88309299
50876333
63399825
37753345
60445594
68727085
48482381
14725874
62527502
15894796
45346153
43043227
67000824
53227934
91549342
48720827
58979465
83812006
53685987
10005504
70606547
40792815
30757597
47622326
91049032
63893463
56942942
87205231
24582118
43466462
64122670
86794345
58390699
38888170
6707793
97174941
22067922
8597018
13806667
48135034
41599435
31604220
91833469
28860557
16495779
98166548
67412427
72213684
57025924
97756137
10402760
90360761
65689793
37817759
50199316
67551261
72614985
1335211
66703406
47378657
21521467
34592317
41331207
67719333
96265238
34197671
86215359
50656413
18865400
72173681
22477997
94270906
9346215
73357811
74593004
63103274
98148234
95244699
87827424
15809693
82021598
29504255
86319407
30523644
19691722
62554625
62280205
6776244
91162494
98062569
31827296
46791160
37300852
42966003
53900809
74492643
24139535
44666026
38668401
8219704
43937674
32451463
36047179
29304546
29946764
9294635
1657392
89296003
71571149
61172855
80713682
55574448
47716463
91467771
10296441
44724116
94329981
17909054
59858906
54095131
21898557
93349192
66178883
76788808
51722857
37827357
34563736
21010053
42556734
93334751
6685229
37015311
65816369
57544809
9361071
82116399
82290908
85444624
60277868
55011178
42347865
84427372
42651209
62167893
46107156
70780645
29061962
66195690
32510512
59942761
59674459
65227504
76115031
23370701
67246257
62585080
75128186
30903323
1167155
24388927
58827775
58465526
43971091
3330924
24562699
14205444
89096641
66395704
11583709
96622007
13795412
9906554
30458892
65640186
20038830
7009136
24841752
37248831
89132455
4669160
42825952
38668108
50216367
30359199
30324777
42861429
72931476
89470359
93791519
18912510
80832412
66678458
83510973
62525536
28717437
17967090
51289311
6977635
26556906
75090048
34169690
70616622
23379386
60847698
45385131
30247864
88905016
4154441
86319146
67880674
82122471
50924452
74827590
5308951
89733568
60767533
8178710
27204984
61063957
82900408
62797268
51866094
72472020
98389546
19978384
3725444
73485396
36228098
28331008
24192196
24144053
46446246
9506584
52033015
45351584
69996589
34604374
30114640
2967895
63583567
24374172
19554993
75700899
45262742
22661955
31175731
53652042
52828275
62900645
48860615
76437578
45574104
84212339
17392006
93153688
32570141
21278566
88253829
82470095
32961637
30433845
43246897
83868154
6187393
44068256
58728924
79044499
95470339
2965894
60409613
25081734
51430311
98764973
78474533
47797412
38808245
39448833
38721792
47520441
57942270
4920394
12554279
9905326
24521563
43082748
15734718
23118826
48155209
55996492
94308346
49735484
40362349
57036874
25744926
50781276
39409009
71436102
21571499
12800185
47305282
45518153
68981151
37510642
23088431
85461379
77564077
98998198
37571716
68022649
29964900
26103836
23913717
30462253
59979475
75224031
28279586
65937793
96845382
45885142
38917770
72451492
23194547
72321266
44795805
59591771
88929452
31376792
33770104
64362253
98701203
86183456
11820584
85165740
3928741
1674145
57459670
83838824
82079037
70637782
61877456
42539597
53720461
14876894
93043541
54501443
74919630
35131306
86291810
66075373
94138806
9795679
12851382
23899052
17995056
77229755
31280236
65848649
22158161
76863739
75336945
76637475
89300370
16593752
42387316
48706613
39836846
35228028
82790273
56853115
55234098
56388067
28280666
99377379
86930605
2969811
77228986
23716663
59778827
98534154
87969355
45817066
69364564
45413131
67422286
34402637
10835420
63028071
72502063
98117915
36079293
59965296
69712850
90304153
97238129
46904447
90897397
92018281
23426648
22165871
79286198
83175472
38013813
31987416
83236678
68223066
70567833
66901742
17041173
99411002
39457855
98296095
48854618
6131607
68275319
90946457
32697147
88390077
74202594
47199148
59023561
74393230
81430114
95007891
25346970
32445426
64553688
9129545
81052880
34465154
56771437
20432695
77723736
92325049
49346037
57095046
3597385
86467743
2421177
9645885
35017068
46476049
23361038
99150974
81731809
93541061
21752958
49061298
42661835
54527812
24876566
32240671
81741964
70170405
46059134
39934449
98467161
40491171
31316364
58781595
5014798
76425868
32647976
4875683
61715599
90659600
51708385
3889116
4482217
31055280
88175789
88783870
16737757
75681377
86027762
58725259
33508061
20139766
88315115
44178609
15393473
31098689
81140542
80837896
64747939
94216609
86971745
53723251
35398489
46510638
24669922
24639204
86676776
21963927
54445343
46609444
11692569
75791474
77126586
78285935
58988810
30534701
35540903
46894107
87033945
46366489
8276063
85898617
96725162
85105545
84912664
62580489
99117279
32603680
16888647
45222284
47574789
34631671
11019982
11467473
14931423
6355083
59056004
71239446
64610064
53235476
2558694
87105553
51093376
48010431
54872570
34422058
18758902
96289130
26031735
64492621
15389981
66236210
81967398
21466006
17218089
56647282
30543811
49935781
43304584
6407298
53354806
87500621
12419133
90958916
53553541
82195445
23248441
70033136
9322512
82095861
53644230
72688890
76560387
78243648
76142831
63834914
99332199
23775222
55632096
88074297
67921026
45537019
79541201
26998151
4143047
61008672
15175747
28763920
84296832
59425378
30682504
18335471
96810137
95745656
62206900
47838733
83845522
86823892
83413886
10000170
39062949
74874042
17629424
46892123
23194250
61683072
32744956
33260200
18214444
69322656
17024608
99682553
42014196
65613303
9982094
93154916
48248308
25545138
94390989
2562755
6185794
7046928
99447624
46813505
85345666
69551419
70558198
8925832
17056740
74647252
29317427
96226069
63178926
24016000
76912472
68609237
62445791
36552038
45239062
23858123
80282780
83358942
6013334
62732361
70060037
15829804
83498375
96601344
58116944
28824897
14759988
64158893
43231577
60633259
47709786
61677046
51552336
2499842
50113161
86258332
79039810
54126138
32500319
98832008
85810416
11533312
18608519
27714549
49765999
97999646
73407303
69855057
45797112
85983845
46362290
36328498
84273749
20834951
90255654
10499711
60025162
87386383
55478016
64138924
45071753
53204323
99217038
15181497
85998118
88897704
85146437
91668576
68694473
36066298
59683212
83448378
25095140
68745517
43887280
13842502
35492789
72396132
70727778
44338353
32483271
9793894
41804274
68810916
47738651
33671448
57140769
83985245
47028120
37302320
13737171
46913712
46478867
12297261
85195677
97552769
51994475
73016782
50585003
35623120
85727956
94269413
48090357
97822673
71098093
20384858
26678808
74048085
63987367
15357067
95779593
90749755
16488997
96067021
83719318
43344406
20165987
30887334
36601280
32962779
56948393
18579167
11862079
28328676
47425532
31262633
44770294
92378233
6837822
61984992
58464633
82686282
9407627
16403546
65725398
51003137
57981096
42856241
7628319
12186416
84610586
62966936
38111664
12554618
70020584
12326294
55159525
84243048
62163280
22546270
1586984
37836196
84251085
48254619
2808019
54914704
5721151
46069389
44207533
41438679
65625659
15127430
37046020
99153775
66712446
15288151
79293568
13184626
13769707
56424772
64578660
92248651
33355651
48757741
82829777
45808822
5394881
14995401
43439320
41245119
36954692
34033528
96396753
28694226
89008441
26012385
19653592
35143175
1879186
74258245
91400656
2473557
11316297
95587802
25406406
19811513
61226161
73351058
12786703
77841405
33775687
44269739
56307201
34347429
93379004
56475510
91803617
53337735
49254693
83762224
68917875
93213318
52424987
53340293
99710145
50073520
53467632
89127485
56814937
89514677
57754416
90696883
52020802
13220050
91478558
8280732
86235551
52471647
82751236
98267022
73741875
69163895
61429635
35452638
32934454
10136857
84366694
46792973
80366693
65668066
16663099
62856701
62686902
82281896
26436576
98151819
52228836
6056993
2089290
34265250
64290097
32544807
1510808
56248211
26818458
80283517
48463901
22150213
67713514
5384732
88663950
31338916
16848598
50216281
62890615
65824140
96410730
52650432
3606195
42764270
19366892
53604545
44114194
76763743
55196046
15534081
15174058
17665055
80827691
56146679
85701954
2658585
55120825
85523250
67032192
4284030
23413417
15011617
5077819
22866101
44085724
56013314
92595410
32500288
3457110
96941664
36745904
33936192
10459922
14916198
30008846
66148924
49738163
61736375
12872847
40131252
73930708
84034865
10962652
39090196
20504994
90066533
49621073
92300419
88745038
56590343
14505119
63081135
75941217
99217917
92211204
41065596
55851102
83039867
64736218
60920613
77367035
8427258
59939801
11377488
42775834
59695177
38339407
69919022
41366988
82049887
29087236
41425442
19907739
11039000
61835768
69829566
57098546
60815964
17514833
40098483
42472095
52020520
69899224
78389864
42025535
59065601
13612643
15028646
83884163
42347812
42876496
1497678
21900437
40361427
60990239
25812966
38857806
92491261
52986101
21534002
77081159
29658454
32348027
28735522
37039678
45396920
65202056
28138310
61267993
11307384
79781058
85364476
28823200
8863643
85583963
23916700
45966832
1151516
37434742
57386146
29640396
67224567
50294511
65008065
4823924
45800387
20439622
20126274
56278015
62207320
65937660
88577869
50880055
47680422
72957328
19210412
16884493
5181222
92655612
45128019
98551424
10422627
94028902
31826282
41553814
17844444
59355720
27393066
73735290
66406257
48299764
30356052
13262725
72097682
48350532
81500204
47941411
67546187
53424912
79188029
98117825
50492877
48746508
70850063
44125452
82351753
70497701
71536967
53427500
72318072
43324310
9722442
66379478
26204959
5248694
58716662
9044318
36341445
27878869
41164665
82451003
82014385
79040698
77362571
55333002
52384962
23062083
98152363
77422454
27774066
41232871
58037550
79665569
96264197
15323778
55199530
30190268
46105826
12183007
53873782
53216293
74473738
54902183
63094186
63161291
95634670
58903355
19797899
7328946
23941862
22130368
61200186
59726774
5027898
65388677
24964935
55877769
24327333
82117201
36057157
97844044
57557476
63664700
94909820
57486109
58329115
92336350
36544396
88002538
95864122
33970678
92858098
86623402
68985228
15121161
10536218
70086719
39159147
67651995
12097382
26050965
37912897
2692814
46523788
58581574
62958752
33899268
71666689
49875974
22150434
65925548
74813545
40634815
64253466
56758647
79082204
81349614
99868621
4735045
68514755
17942099
4734178
95587891
98459826
36040300
15527010
14245520
13996078
10439988
80244564
44049958
42760083
12439471
52294862
95953422
75389955
2636480
54564299
13832116
39604134
79805213
71455840
83057892
56064407
13229436
19940125
79259484
99868758
90977058
46019864
89844979
88576832
42229930
57635964
55188836
63629845
89018926
40892061
73783733
30905879
84154529
70356923
1211119
11447915
99867773
5778862
46331274
63738739
46702877
49876758
50898412
75552725
91752485
90904596
71549129
35417408
39051730
94417510
48457855
65700453
30899622
89080762
19906623
71347214
45930028
2262860
54251767
2174161
88198001
95716769
76768494
35080227
21018615
13170702
23746672
32069965
39223995
96778462
62909092
53335454
69227555
64298118
55347501
45704190
11749418
97359683
67519247
90338783
17589008
36056746
1262866
8117548
92621389
81282608
55671273
68566630
10179078
64003243
92814397
91073661
81512674
84306008
96425039
33830068
61062529
82871346
1011731
2037620
95689491
38342531
83824328
30366136
87427154
57651922
98121032
61961509
7050498
36164363
83922397
51668052
69963528
33294568
70126151
84327985
70580437
56684156
43215928
38432371
88622251
38992496
45006148
6945067
65903925
45555869
29466170
41016646
88305905
76913469
75425620
28589846
73584654
22043873
46757233
3178692
23813012
87717010
21424723
48605867
85625651
74166459
45256688
3138203
79124146
12498546
68881594
18361070
50731299
55961892
29311629
76053735
56798961
93933043
71751872
5295585
29849858
68994325
7253212
15765759
35137817
94005923
4713095
28274323
83841080
68695386
12409891
4309076
45428930
86500814
55305232
98105779
45702007
83405796
97657737
70793236
46374292
68156058
36112896
99174423
48002538
92754164
12772052
95809840
13034539
63450384
80300288
38093154
41916515
36330336
48583321
74668866
24963126
96912535
35784381
17295758
37324255
1282546
63030488
27821883
91364305
27752420
25721676
53258677
68396421
26881299
24841969
28119754
89534707
93865704
62785527
20805122
13619699
82675238
41515831
25249460
62128677
36761479
50850848
16166141
30787214
52307920
6791977
83136777
65171585
35798325
69958315
32776601
98901204
14993260
86633143
58432267
78507757
33560403
5453625
53473288
45114020
34545596
18136931
96193064
29853092
76273363
52359467
34988796
79481422
33081474
76569431
59573008
91000305
91185962
4759305
20070754
68645093
98362028
5025538
77931580
70020667
69637822
24932251
3411591
97566925
17955020
53369726
96828087
76529481
39724940
78004944
91651667
91556009
32252883
50748375
46978726
20632679
83798543
12644547
1295134
43839487
80506231
56099996
99171667
31685961
49944786
80226003
68647512
76156001
6703016
5518418
72525477
33546111
94681853
31801423
64851337
22052984
22281948
98211288
39231373
73082730
59750025
56968535
95111149
45924318
68122947
92928975
45566363
59993851
44494043
56180357
63624379
73344396
98670322
60001026
57229610
56990102
13375936
76168805
1775750
62872642
13975893
21394108
48666612
97709275
80585695
58100448
5594949
88175756
88382408
24306590
40852745
41124825
32511719
30436880
87883534
45899060
1936099
82504730
76978238
60051968
65777835
4631815
7649379
91646822
17218054
26230600
89971477
5470941
51392414
82205351
50963692
3603203
18712699
88337821
73809812
18120291
15789563
92374850
12074616
82424698
95976821
25965401
80473650
25459297
81990477
13628180
23611634
47041377
52281839
70544787
64701135
35066071
73339518
10698752
86634240
50239568
73944332
77048955
38170518
22243927
42775899
2780791
81080508
84343728
9842735
15692823
21060341
35535582
51377671
27047932
63601226
92245650
1128918
71472660
3918535
85149602
89410511
54068570
4885892
62632564
66488821
21579523
46160517
54492188
18123919
96212974
12263803
53713330
67897778
72561763
57030433
63423290
56738980
17607771
97400899
50084477
16099071
44714823
15797760
33083516
71415970
87853876
93464297
72711718
93663032
97166640
44332601
12254965
77062455
53446404
46571780
77363214
76567503
98133030
69989926
82020370
92925970
99228090
12179286
89519220
53295913
50235385
67425602
73742318
99493392
23034932
92951389
62058123
67314225
63922270
42123367
78774165
93669054
69231843
73441522
33823336
11498520
89945250
53173222
40629816
11538109
36353209
13358771
33974197
43565999
34739675
13936668
43699106
76118616
3754105
71829341
27902276
53816056
40860778
13419884
3691684
23212764
8298152
72088537
53585440
54481764
34932448
78996888
58674759
98834165
26036732
53729898
31140579
45348205
99988091
88020425
44995643
72470939
69193416
80548241
59855138
56873511
45452097
67425670
13058110
23037406
63175594
71338517
18477043
84922711
28090488
16355345
55501162
60889600
23158910
20517682
79175099
96238169
62650708
4955282
6911229
84177964
54392099
96865662
25184347
89461676
71275842
45744572
22917213
9798439
42952413
75763216
8602322
13969702
17861252
62499850
75613480
5112455
57333723
35817365
56337891
9145083
64972248
12903807
11526274
80457138
81397724
3049157
64206838
36505968
36604538
49808904
26148440
90508487
46597921
64589795
79652988
50469221
69076229
29083954
72786003
27696452
94002334
17650882
34764874
63925363
47523649
38927408
35149967
63097144
70713481
27524437
76774532
67729616
6005962
82317841
51117843
26982523
56065855
37303234
30926729
28215563
63538408
62182934
75822233
36011159
12451056
12116363
53509449
53798407
39367856
57730719
91470022
71050078
43914625
2806407
92067648
3402267
74593762
1111712
32375462
98258243
74171067
57267254
45972125
73591337
99619444
85365778
88067030
29977372
95881410
28233575
91343814
32411697
71599661
33049605
21615430
6941878
64132293
68611797
48813590
86829534
64853993
72254032
91067067
24857523
36322118
22422253
32367034
7280745
16048807
58809780
57955655
79685858
52360359
67410646
34817728
50459910
65344392
35406315
21022346
4814807
62644883
99026421
92662611
10735790
3316984
22138285
28433821
45045550
84808202
76541558
91033958
7919945
24679310
62962374
90887476
5932335
22866105
98476033
15836344
18495835
21786588
85604115
31547711
28233775
40768285
39739298
50877179
33159128
94829876
96155510
55613301
34387365
21473952
11810635
54492265
47211387
76829972
27871152
8276102
58644610
24424577
25847790
12093529
35546749
59640976
89150843
69901437
61330298
79356489
2769407
89770024
72500278
40669962
4502163
54066263
76744115
5324440
30949697
68900048
12690964
97369326
45815175
9562903
17761392
61956195
89311626
82273344
50314560
82642737
42733451
54562817
45204718
29097124
41564203
42623773
61599085
26726338
98817116
71364678
53564100
67240023
75174055
2744331
39593106
88717567
97014583
98305001
75751229
16853161
25295652
53785861
56086511
65652131
23569360
7784440
13355674
90362895
73339462
23998451
71120724
55603053
41013430
66894289
84922232
32099503
67372001
51034318
81943358
54598471
34505212
13928523
26636040
36938573
44635300
64418655
12089141
80020291
96147946
29614345
27249761
3673292
5163938
68184882
87560839
85228879
92375146
16056011
28627114
21991665
14905024
61386035
95253556
89596795
67698217
25313396
50214585
76733356
95526516
72483301
77854511
70510527
26842687
50834183
35819250
51615361
99381110
49005947
12193709
19689070
75925620
76342285
54872972
86424320
5636957
25391065
9611816
1810731
71439670
24599039
29624369
38184715
2143952
41071276
22642037
15372500
81015764
51408068
5915939
26397725
70946417
82156932
27934216
14057424
39475995
52495303
50044907
34272596
13995850
79645364
72109803
98165154
14473573
76469572
98055283
60270032
3417864
36402425
91212536
24084327
53460809
10180379
9332578
87165306
75822566
9541284
62820511
38644691
53020658
87183037
56951744
89166917
57879717
27335033
87521532
97432233
60024923
1919557
46850482
88528380
97700338
15352544
71760411
6608855
98424588
95605379
11740062
46969377
95750554
25829197
10598811
17111349
34523422
1762277
47336588
37346936
79615931
24753037
36616364
82777511
7774998
41603168
32218772
19356512
65701596
7728977
45907397
66807546
90824537
50537876
38853019
12473333
24315290
43804651
84845489
9660956
98165508
85118517
87704496
51312107
62526837
16988133
8427380
35426328
15850145
62051823
7832529
74794478
17373181
70194308
55275324
21276835
40657083
25277709
76238312
17126210
81916315
65308124
17551916
11993930
51628969
39443407
33462005
49330634
28671268
36991533
30985039
27319835
84107641
63457495
41164149
23674701
77306936
64056703
36979074
10668963
80239915
62974604
48434968
91842516
72633295
96558121
81675071
67194789
39222033
47480507
52251898
4521517
60153098
97234345
85911574
95547121
26988097
27681041
1443697
91085279
12392878
83260403
75312668
69747480
31175986
21969795
30451278
21067657
26040301
70833537
22364441
18691374
36955374
38015148
87137268
76416340
12354186
44916406
10828551
99452357
26393925
26119949
13195460
58607842
81520326
35285987
70412820
53635541
24683642
94283390
77146131
98630179
93621297
64963266
86307343
10517125
18897276
56193744
32667064
76641210
75492246
95538228
25582723
11711855
26760015
27588720
6420999
49014493
92444255
74217849
45267433
42679194
69110643
10301391
70302095
39721582
5140480
10405005
70816375
99887244
57922875
59031055
80759962
21361167
42143370
22232927
29043106
38747715
89132841
78219149
59394872
18241066
2828028
88809767
17363251
5690950
10403441
5675797
1290720
24589589
55148022
7244024
25816681
9989893
21412201
5728487
96844215
76999891
74645876
35552230
35989430
50554701
16221588
25110515
33045915
71098532
48094460
73695712
82691049
69034242
60103591
79134667
4514142
83898979
43945290
4913682
71730901
39528299
53267849
73959917
13862596
67459578
19594359
80144229
16238089
12061366
9587195
20372246
63883913
6631540
86098640
15780487
97925383
5403105
22893575
35258052
42339533
32163071
14375271
23468150
98367345
4836769
82980419
81176835
8631968
4762853
95484178
76300839
98596728
54567038
27981703
45717614
64506373
62075927
72553428
27042520
64481374
53031402
74509916
39320336
83607051
99399266
59960300
62790128
43839106
38138348
51797574
21384704
36818912
99795804
7158343
77463997
62206370
11725270
56039658
44331654
49441638
17100734
60776373
55530678
58097503
53095484
72826631
18222643
15821642
59813699
60063566
63562876
45228487
73763962
39976170
88414962
94947585
3855211
51973844
55373931
73574138
26914484
51980068
98105276
85002093
23942541
45169249
78205622
44328301
32975814
58303403
14590505
18779192
39400230
79970428
46100339
26606248
22792609
58790394
86925191
95415902
67886864
69819916
40052792
53232946
81929220
9046818
48548946
34818827
77597232
44330459
62682874
47774814
15953164
82139956
6124330
61588841
67098951
21123017
54669489
94094504
16806417
56691920
77998136
43563190
79569645
64865445
65736588
53024609
67895810
72468379
89911143
47271685
32485859
99747068
84118524
73584640
11517209
80462151
29468211
49458956
28285292
38715135
10425719
94446883
54409052
94749389
46941846
21505232
22084531
90955339
88650598
16790538
46936512
76035158
12429480
14948595
23012834
16158366
45797005
91219548
83471114
27847485
56102175
26601645
68153041
65087128
24997909
43335453
20881828
91426553
4701823
88907557
75985395
1122174
14067656
82991489
93691178
99229157
27980319
3512792
2836179
85754753
64852636
93403587
41966649
52629881
15204764
75371343
28111843
38147803
71419360
74092934
27812425
33269773
6119450
45327784
69877510
28642670
52589728
81707629
14145593
96385718
42556214
36173243
67065562
50654846
68309479
74696116
18871736
8658627
88911953
4861583
31042362
71028911
48102172
72408141
87547202
1731349
31031074
54056560
70976059
99415591
77537169
14856971
82378209
10259086
72953915
21074981
32937994
67139069
35752028
71557723
57492061
8396512
19463459
27033781
67156477
70509551
7992918
94669166
51948363
32788759
59592448
77006051
33360055
3691708
40792192
75321310
50422513
46070744
52113119
88613885
93945032
86650384
22298079
95570862
91636830
34690888
85797202
29912401
3846934
49525191
78580075
71118151
29693935
85235763
12897049
56784213
28544194
21776528
71981736
13306924
75827183
92560881
84771022
45669307
82255312
77970875
81102145
57604561
62749045
33503616
60143293
98377019
55072909
47486434
84871969
37924059
72533733
61584058
81203242
21534705
69484024
57808708
26610589
16152074
86874122
87954341
84264101
68667974
95624644
27758868
8086028
99766535
40795930
15543387
10971450
12756866
99390292
35443190
1030940
93379721
50950607
24014075
45048475
55169994
42160557
97677240
67704058
26703624
85444084
8814762
55082773
75918855
87149638
48253547
9492940
21550737
73394830
39554822
36589025
79037708
3605552
10979521
27874393
93805870
96358215
33166529
83632432
48176383
2505507
56377143
78018321
19782348
88395356
30923311
28013242
22531484
18894709
59686321
47898080
33960761
71415974
43557542
93947748
42749153
43329323
3630067
9840929
72547348
40796844
69539357
48800846
33382932
50817042
97318812
75978622
90787353
72145115
77434175
56849120
41580916
6250896
5951467
5168457
62163094
20514850
70514987
82696042
6391575
53919879
24358137
33755185
86928374
80188896
29270569
16292994
85874970
9638253
76851625
25403834
28686062
86015331
87943908
63516467
23770437
9115427
2634285
97636492
63457012
22643099
5325534
36773665
74897093
64460270
14840881
79291989
27604591
65616608
46744087
92215919
69687386
26228945
43125337
27614202
95574431
35791975
62231000
3647109
4989542
2192224
17217966
11064366
3946727
3242223
10482662
58882198
72887175
73157239
55222131
12307341
69683246
97080798
1629218
43240877
62699771
51909956
59637874
97233518
45437634
71721529
34072970
75657790
99478618
83594834
39566029
78298223
84151962
26879647
2594921
72154723
99282433
21316063
2723998
18190464
82558588
47636400
40932547
8632032
41428652
91013498
70018707
90637914
33620662
26905389
25368688
74039752
94531658
36099646
43491190
15960519
8556640
52706029
11003211
58582960
81274428
80432645
17220810
92350842
96628924
85446356
76789210
71584197
19885119
52965138
85456024
84887653
98476951
84058229
78128491
37035706
16070216
59290510
89830562
81787305
43937854
29535275
12011634
82444196
88098156
55205475
49135198
89730875
21808299
80972799
79272725
34487954
87868688
27544728
78254445
27443030
62914767
58661283
15655217
66776187
24264287
93210622
39595168
76851851
3531740
92168493
66439118
79747181
86169789
23053164
57578415
77634769
1273452
88373396
55475907
80296497
74322042
75790694
88957611
69916754
76536315
74880325
13333174
18915112
15092517
60830229
97455617
71299391
90988193
61232864
16645515
70522378
94687826
91904071
77568447
8447706
11292527
57955487
30921541
4597479
48697700
77660832
3853186
24271326
51787772
33513991
9623226
32897354
78348240
84601255
66546325
18463967
84313855
19930779
17492359
25540425
39387617
65320322
50704703
17240344
71468649
27832869
73785181
59114388
78591259
89935207
53690866
34640768
48782399
68016482
54763852
40949883
82715272
76505370
99082153
52780651
47557438
19993185
10495382
47095222
58924347
21911331
10084624
91459325
34366163
18361708
46050344
18228590
19583884
87324326
73850860
88560620
32420748
9170557
56057716
28777378
33310259
47184208
23093558
22074349
55745052
58569461
16539050
38233830
71964447
46771921
9100227
9190831
74334746
6269487
48721524
47407013
90315995
78445240
99866526
14598261
13633537
78203218
75971711
31008732
25460466
85036804
36110749
97210301
43439872
18438131
24787639
68860083
12015368
95568625
52226413
45202374
66915175
16534899
66353471
67999183
69898066
49233761
89023320
66243365
59414942
90686038
21793402
89371972
18776325
34013580
8742887
76465709
53655680
99843088
7797556
9235916
78780297
74935152
79454241
48662723
83020871
16098915
88127055
16107949
30734114
77103239
61487218
30320264
76398219
48687674
57624285
73497226
4152066
55480544
16722633
96434102
84354646
26783485
23467684
42786498
84693293
52095656
56254617
42180496
33611808
23052774
16706346
97285185
12112427
83266452
90364372
84538982
48639102
57149968
89163421
40817883
5786168
66525588
59664926
46126911
86760538
79940376
91009365
7437217
52755832
5073846
18031352
22317907
40627347
77040094
69145875
85164803
39364611
83212966
64368779
30850355
52986308
27223099
43889407
24264071
65162108
21937364
31885257
28718701
9155568
95422290
4878702
97410059
77930642
71253773
13637242
49894623
40306676
2243266
48112831
24483144
19427923
50224588
70807685
44270827
6123212
95373569
73145027
10669745
26469100
91159486
41975598
24233127
23056836
23748023
2055171
15799828
29908410
90156310
40513943
18963106
85551339
39726583
95101334
21769608
13368888
18516503
7549024
26015999
54745620
12483267
55346317
36665486
77054344
21975686
4830061
51313352
9193234
67583533
69561483
13812673
12215764
93641307
63895811
18182340
64284203
10012743
20337415
58665706
16217680
12117844
98999736
5126726
7583739
44808972
15239874
27043521
6622443
24249885
43635667
45839476
42806671
89012869
71612006
98796424
56051700
96159323
13525913
37844019
10101207
43608586
7091682
26717176
23084853
67237525
67935815
43974369
78435491
6013010
75879839
72817865
76177236
30268567
66206159
40631529
52806751
49256867
77327727
31417220
53892784
7619118
88695972
32166212
29370517
16262975
91540123
67747873
20366917
83190351
40607848
18197474
72828770
29792009
10228242
6316119
23949513
25104107
33120097
62112984
3300287
94329556
20157889
29498576
93150965
93390252
42843815
94309920
2574321
40545058
59844668
75601551
65969139
26311615
74911138
54353744
74058260
57741690
36697198
73246492
42313261
95440040
72227154
49250205
30524386
51663759
16217997
89561553
62190680
32120559
74367318
72642605
4408273
49498067
63426141
58513692
33026466
49559918
52200768
61880196
47961056
70229143
57438252
20951055
33658432
90509983
56115242
23998614
78253145
7680910
82383041
92001608
80742440
95456730
61685065
51588370
24510873
1889127
69561952
34601491
63793776
42503198
61329122
57226123
70695088
82012259
94405079
70953976
35096617
11407810
64168614
16924857
41746763
40226325
30622367
78524234
16591734
42742033
40439019
83631400
40680860
83165679
6091947
91722688
91255827
88822568
21463666
4143717
73979628
60772468
55886569
80740404
10854678
67198104
33141518
35715341
70264379
55426900
39223701
83109029
90593518
41828062
62355170
92861487
98543557
97919150
12131625
99871590
21685632
5513662
11255591
24976706
29268841
51857380
7723297
68706728
10686757
7533813
16797375
95689415
34188655
30831559
94111611
5733005
70405336
98864181
48022630
10260284
21495768
67157721
6036201
66459025
93537537
48179782
95032050
98612188
64742539
9141534
40937596
18821286
28266296
28487894
69654103
51549637
55197180
52969119
35354871
40660050
98512730
36391780
6023927
71382546
53094102
45088955
28274827
77237786
31607469
33177851
47187913
26625251
73187308
89539558
57867348
36704094
82452208
50425226
41156766
79543949
37797572
89347046
56284553
23155292
1057623
91336857
2178523
88796732
94129592
36611921
17426235
94925033
73306726
80847134
20484814
98044549
59812832
15514912
27646217
40585015
48922850
74411302
70270072
6273289
26346751
97973604
34744029
77328903
98162336
46035041
84185642
99991208
67653166
49986521
53345927
34001265
49210092
96889469
85282771
56488085
36849336
58589291
14744605
18540908
79476683
10788735
65613737
56493448
50001691
99193217
89668510
75870753
67490483
10115651
14808621
85343959
1352677
73152694
77317467
7184162
78618322
13326345
30966731
63055803
60068620
97899572
71517271
68108962
43511684
17899960
67936259
21655922
2348925
15151470
70219511
88410087
4164524
8534947
21069536
44756340
81138918
11487401
31188326
41334934
18664156
27346353
88907968
16254687
54039560
57316101
53839950
39345883
26352205
21551971
42923857
2908605
71645288
34968552
17880138
64800642
2133266
36623965
16104164
94341618
73949647
8036302
43726913
96916186
51925158
15174265
98454558
21175419
88689923
26470137
78430418
83654912
3718564
88172736
8968758
31962196
29124010
14603266
39603271
63514684
95768448
32780842
49295061
80997609
85169394
12566814
68243687
89374403
47977249
77209176
97579184
72595928
5441379
43650057
31950737
98441514
17956918
45174274
83234609
63331038
51038381
97710409
69097992
23887912
15773067
32239877
27514531
59440007
46592444
7709487
35842803
23450230
43253202
42710451
22635020
99875374
76374759
15948542
52956642
78298732
23836338
96613701
13697019
45550426
62176031
63161918
93855451
3107261
4361479
73722957
1165690
42636581
8100183
70208103
18089002
94681527
71634224
34189162
75913914
58227499
17451301
6913103
38541908
47519679
81541150
72104623
50227323
72347367
23789583
15627828
87029026
32474367
73203345
97933528
62113856
59771626
88907788
45722945
2598926
74688992
50465641
65698057
15486941
65533561
20793826
70968781
46862442
74383346
88668915
58321966
67170704
56670005
42492649
32986090
43408923
29241291
60916782
1531244
72160579
16537145
9605641
58414764
78811671
25126973
41342320
55633629
49295733
74971435
70920750
45498570
27353050
48987194
36885546
72363927
1356015
5878431
99763979
4483705
54565424
56607026
38886517
81538963
38069132
12352810
91136840
14798160
89853542
88318625
8771712
56135079
4924228
68538892
2006158
31849883
96427843
32313170
5170647
11338546
9433020
37202617
11618635
82495305
66409963
29211617
97162487
94240307
60319686
96531944
32272931
48979039
19215880
10037343
67498843
20097809
20971777
54167882
81575663
9808161
83736736
84700821
5263205
58251190
17945400
83106583
55721337
83396118
44654928
86089936
61564213
66345184
48021478
53453091
32803317
33244343
18286183
50626647
90362964
34742070
67421937
45882552
68963558
60003488
87460167
73619416
80293632
55192495
33450309
39618792
49309490
64370691
72885989
29476393
57591947
4820477
10021217
42685324
35805598
56108109
65982221
45741717
15987040
92555223
38673150
29961849
35627825
23730475
96840935
4067753
45799400
68178535
48367979
58458374
15435296
56098400
60661968
6365508
92626165
87249255
83574923
68103725
13524779
26595426
92997914
79992497
92322519
69060466
40919872
37216813
74289914
38252807
44927815
19536626
24319019
62172631
62259145
83404564
19381054
24920833
59186107
98911761
84015678
29490053
96248190
31561827
7787908
46206393
19544738
25807625
22554764
61910543
20508356
47480015
11033891
37400411
2697252
55111248
8565726
20046602
84767221
7979422
71436655
69012447
9993884
26539459
60646359
10923369
73710671
48511972
46365670
43253790
34999669
18221781
67157743
93838144
10744515
42803167
19411533
34806915
24603764
76853020
97036508
49426735
76022659
78513604
55895091
57342766
85314372
18053657
77503232
15341269
10222135
15144417
92646381
63538099
37430811
10330201
37932722
1270704
67694444
29942340
95491246
35133565
74389550
19541531
50807641
27065980
73050512
97285232
55931331
72276957
35475138
51422873
38088814
80503395
21453134
31980060
6134478
48652917
5252407
87484133
80654198
15376117
74424342
14003502
30691107
81255030
89915341
84457670
71313349
93184808
91608729
86495573
42253843
64229655
79146768
11439679
25786982
46409183
21144587
70642331
3208159
10428291
7487004
36723272
91311619
16921798
88897869
27835457
15157534
45197705
70291739
17041577
64555596
88206317
59747588
63586426
66374192
25850366
78926006
19027533
43815838
86611920
68291288
15662881
92963031
64355496
53475694
64840049
13276003
15299724
24575000
53372809
71978556
42750480
39095426
16087826
42301302
28327512
88505399
51700536
8358479
21235452
71071673
51601566
68464966
64273068
10666323
53714857
34276375
50946725
69614984
98458842
45916946
42660548
85115790
13004385
65709945
95627323
33310395
33854409
52127999
21271347
36828797
35507444
82679625
14706830
7831103
99950443
27707443
88917726
21382084
85773471
50303958
52009839
56912535
74096021
48800676
4054956
2906434
67929132
57857895
95123238
7243051
46161237
91974240
14360815
97449851
9176822
43241544
38993205
51359171
14235508
70930220
26056947
35875362
26322644
45876005
40058418
11529057
97101059
22789104
5007198
69755892
89387966
22066330
92834292
79778417
15207973
51919898
97627226
91744533
35449312
40412161
39737725
95437105
74122061
1045279
30987832
33693094
28717796
5560995
11502124
29186944
55922876
28806770
3119244
3456193
97075304
38802934
44231385
56719206
31909476
34432925
25442549
79112752
8906104
15495714
18858286
14861738
93823009
92854234
67430726
15112327
90288767
22999664
67421098
50199062
68937274
95634671
68550496
56719055
72338411
6610260
81952728
84587783
28659794
47433840
68842112
29273156
5343792
49827054
87363474
78016118
38250755
4480601
54575116
44018398
29827540
20285173
43088402
73793441
69273400
4463273
75147555
81199434
90994764
55175823
32777484
44134636
84363364
93371786
10622776
10450256
40340174
60403252
16376569
84392337
6659882
19401171
47423277
35738226
24180351
51636197
97766631
79579012
71855927
83000573
83824088
63329680
8463621
95787436
91755402
34259209
57699920
39533762
98836359
96848853
97744616
63356900
46288737
6300440
11730199
80001213
26878073
30229954
37369512
47599349
35100094
8212185
64741807
85710513
72176532
95943772
77218158
77121591
80787794
38904107
92577820
96205961
72445552
57503611
62940320
66653892
25084762
70560123
21579406
76705135
82633452
34647917
66616490
91005490
3708554
92141442
4183234
78697069
92611524
1231380
80471971
28044953
16280226
46334701
87128777
89666525
28769126
16238678
91814960
66887299
7209973
33050167
25085897
20317590
92946914
77277801
64083157
55799950
47543550
53330759
39818917
71612702
93750056
11298138
45116718
76464996
36431698
49449240
31554107
29035463
25661574
15408202
1545344
29283231
12520777
69896445
60760165
65313108
39404612
50844470
56978614
94048782
84014831
98978366
71313508
44465377
30638734
53169745
23189434
93311274
82072778
72027797
32738996
10261524
31205342
14804830
55028643
69451405
67564682
89816214
71522037
29509418
24069375
84550059
3340608
6724710
35129536
7251953
49156451
46933167
4753262
7412457
88316755
73530912
26066743
15122275
93686411
72642732
11491036
87524060
86795388
3709524
94384149
33230963
41535748
69256623
80753109
15632744
47362296
22470663
77047482
90909224
23718513
62309905
12585803
62470922
39895271
72394220
11024575
18781288
94137989
10872797
65433266
61567221
38728507
87310552
49891724
44652657
92161094
40679717
40682586
96611339
28036578
73930113
2075344
94321524
37125418
18730820
1120075
11722145
77406512
70598516
5923358
68661696
35819808
82123443
20421472
46016948
37960780
91964979
41762949
62666275
15213110
36211271
64386730
20369268
32971033
77825050
22597101
5003425
36473528
95803213
75012662
61518775
39999174
58449168
97801346
27323078
74216268
36709350
85171992
22706842
36098492
65014555
43031645
69893939
73357480
87114138
11330992
25577563
16119840
49042685
42256306
13142759
89728369
38458013
93730663
66514239
15470864
64152634
72511915
39347081
46094154
19876719
1319926
27690990
2618100
27667333
35160280
27199018
55025921
49429946
56720563
6688091
94246358
34425419
52521623
49417480
58012634
25964691
89053324
47847777
32642874
88618558
45189581
60370519
92351101
37950453
88954292
89133851
88929463
84629617
87730759
7969070
48648863
27457346
37382580
55766320
7473958
7571557
21480048
98696473
70936897
57759909
7870489
71155122
24596809
11094057
26288913
23418861
58163606
72265462
86475141
74369905
63365958
67667602
79740688
69626597
89143631
19031617
48596020
24309426
81336869
63547073
47351496
17555373
49291290
2006035
3295268
96836212
21339971
77612949
59277544
56044676
6149659
30614932
28142889
43024875
56488643
98946304
71712682
85791557
68420352
55976544
88115357
7225019
58296912
99645310
16483215
58755732
51807399
65050417
87166402
20111386
70900100
50645911
95008039
22484455
90017373
44831956
90834451
9483171
99428922
15798738
70492281
83813650
37991781
19115576
69968139
99064308
85371837
33042678
97769804
52674541
48768468
72835940
80161397
61540545
5769957
7362089
78172066
10624179
26869180
82421937
53169497
28573116
3789485
88066182
21809972
70608033
31805181
96037565
17188965
63800134
42071732
84075134
12717241
76664150
17544591
83873231
87102642
85872842
77402489
3872946
55599437
7532949
56782120
99171185
76084691
98960461
87629831
58428580
60107894
7617168
24457245
76265928
60986685
23195332
72019100
14001501
76919384
97836895
40674471
87580617
11490169
60025120
22734631
2976039
91020241
24149869
65325134
13193116
89124528
77656803
45060026
42794183
80094412
61614421
7746584
24091160
20272382
22555705
48948955
21369686
4577758
51233599
24526147
77227006
15499710
91229901
46365580
76240302
19051311
88104549
36364018
98009082
31822289
39549955
99269325
59834338
36670302
43247847
60015910
95373487
30670132
71113818
46617455
96228313
90530752
90968160
61733773
60926746
90949684
49907058
78030778
2391296
85304430
20046228
61009904
38879915
47138864
11288813
25489054
24847290
92537688
72331534
66773476
4746154
62109912
50593160
94816804
41306728
7490660
66678891
39483601
75776997
69432948
60525585
60704403
6056835
29868069
97630929
40935518
71700678
75489729
92104179
55501409
32723269
53793107
16650915
85289349
49498274
42746961
15679498
80142190
30778099
34459342
24118831
36576500
40086688
65426844
71352697
5984217
73375460
12735555
58167536
71380513
1249268
98232670
69088716
13448352
85338052
52041192
75437768
74859163
78764899
77722512
12661279
39010554
62330348
29661385
88371543
83108163
37543245
63548499
75920257
11226319
21141478
97320775
8846692
39357857
66269453
8796748
53517504
66080364
79692231
69764566
54342216
61332373
22936874
89636666
67858278
65332411
69215610
28887627
71782765
21028425
24809697
33365536
91574807
84131620
59440351
81623084
43594611
62124491
76033796
27046926
20594998
10370070
79086337
10157479
10836449
26626682
96742598
87408387
89336862
9731991
52340294
39139346
70852624
86556802
62853118
26724298
91369714
12977276
19936094
71145667
84747220
73045460
22648092
77692453
93803183
27932373
40834549
15465075
59823595
37837428
23114699
18476330
22720366
49818461
8218011
79432898
55991087
43680652
41808798
94512208
97346727
76075556
59136363
73341648
87079139
7882175
99107178
57390175
4754798
88898791
23391891
28563427
48939708
23184893
11017028
48242256
56163264
9358255
38427295
46530879
11127788
27978592
63918666
56686679
72482163
76076749
82184264
17440030
9949668
13453541
15188397
97280583
30770305
11330488
47914497
50409702
55030206
27467654
86583271
33401561
26406092
19407885
6091234
49736191
68676566
69626531
8678331
43564121
38220503
89360597
15547995
79503468
68208130
81231909
64674818
92512732
67302350
17610147
16252379
94348772
56030889
88365956
43837026
8655932
56754345
86068643
68733506
3399652
53985453
12198678
30118792
99742474
72369673
32495420
24987587
65814137
70042136
7152272
17538324
41342534
52686097
8746653
34182474
32468931
87858413
52824450
10882453
92485112
33403748
29522506
15221019
30063400
75390984
87069165
43392577
27101301
63614008
73747056
32666303
84631968
72377611
26765222
74857693
30140525
18489434
58659560
36357184
75368506
51113614
98188218
95502330
95283797
59983887
40532200
54953934
66093676
13535884
81097878
78954187
71631993
51123752
12983970
5556523
21628737
94922759
64950608
80943177
56658676
43881100
77086075
21363810
63580580
92957888
67454644
57362551
64373187
87358964
87072718
24202181
17493585
60067487
89589676
4532292
99243542
89600819
26442565
29128932
61930146
37864344
36487097
80598596
43157498
17230358
3719104
32313542
77102690
7756682
17827059
94891282
48950349
98834550
80117216
60120253
21241703
50343785
56858048
91893774
27226618
12089730
32621040
1712549
59005996
86049321
95404960
38330311
95661107
49958725
73052699
28613306
99687312
39944354
65824725
24646698
71879137
52216630
92501908
76190101
17745604
53027096
11393776
65246731
61942119
69307615
22125186
97200547
12988320
25829782
62502248
53031206
15780345
18557147
43612941
27211299
23321328
71949972
44797907
39598673
4510452
45127531
71633589
37668430
2633418
74952978
57341296
59531093
50830431
99427348
51857981
80429954
70323581
39195922
99580278
6861943
74640675
25012620
29974885
22352970
24509033
32561253
7613056
63714986
28314258
52473673
49492173
48947273
42576372
63659329
8414575
97909121
8598462
56382753
38744655
68987318
67889398
97503771
78243423
6170026
20922556
47695554
58889883
13180879
71099636
41368180
24699229
89645304
17729724
86346080
7997500
73137536
44590378
86448557
26311235
80023299
68971095
20491170
10866763
86800088
58536572
84397045
65338419
31188566
49886338
29907869
21842927
88788781
35036968
61802406
38784244
63631739
97662512
83593864
39897554
14872332
77043898
78006488
54849754
92957722
22591036
86392232
56242428
34401084
80619752
49283924
49391396
11786204
68622148
72407313
35872244
48280126
53983043
77064582
8242037
52667907
51228104
89441375
53563331
13416282
29227818
17663306
19247465
87998272
22326191
56064314
27893689
57729382
28339616
7551974
62845623
51932632
62517306
98132604
60224807
17273215
23178593
94710711
40195711
73228116
38567999
61681672
60896520
73615725
30548681
48887785
60883674
21146865
9362572
56057060
83297344
50946118
5471199
75674073
40931660
88903101
79537262
96918977
24699279
17549816
12295997
82367467
52536760
82473956
13114071
35276450
48038834
13642206
58418656
35761276
64384819
84635442
82806924
48345005
5610883
93346165
73824198
62871610
31975726
67801728
52616451
56300374
22268825
80664019
73196801
69564436
13819125
63583757
34310693
19549037
80778056
25065192
58917310
3719968
95696130
94997106
39595968
45300029
76181075
97550585
84018953
25026785
88561472
6617366
92769080
60176634
94146170
29191603
71156042
20350633
25407715
57778823
9458540
3115662
16818655
68628818
70254554
24478756
50035092
43278823
34645617
95364178
25321959
9953627
11417771
68449264
48496020
8797038
6184624
20517016
1983813
21692264
92964314
65776802
56960126
55663157
20517613
14998716
87326810
76979134
7956623
35850809
16655327
49220744
7979181
70002493
48858503
27703497
5909001
48555449
5030057
45437187
30542861
52765730
71798724
12758167
30236637
97460551
25041958
62428562
83258034
77912807
20762576
51309468
16479005
93024302
34915121
78566648
13121550
42592421
88889566
79018159
55548850
57649029
73294930
18645036
36624636
41011392
3727073
93429707
21872725
99577575
38144682
28278285
82393630
30476511
29441495
63589551
1409312
59554415
93502150
79925903
91204476
30215261
30954677
31280990
28805558
61835084
23856019
89324584
88799815
32676169
41354625
89813788
60345967
69345530
48386116
77199897
47080256
58590082
40136261
86391287
37961381
57464524
78705651
27627346
92648571
37801234
12355727
46476326
24784725
86073457
58489094
25832553
79949977
48278160
32995293
90416624
51303166
2698039
19835212
54634416
10397692
18896832
58341731
51106226
8530222
20654978
89869811
23910721
74617769
68213497
76950111
87916822
13405816
90085845
11402802
27257168
25555952
31830315
8276148
57599925
95968497
85084420
1651196
39004318
57603161
24876419
72011015
17848434
48393004
91174681
88320343
28061538
63491055
97998532
50021043
78997444
32229531
36053110
14932298
76685216
76773634
29482083
4226924
73088946
98781871
93509091
41916568
64062572
45029874
22912306
67120638
75909767
42346110
88757411
68836253
24160663
30463663
24391622
32540755
70079299
38120595
5462596
96578055
32479534
13030253
57713372
99232824
11338630
60611587
86407269
4546852
12253432
51152938
79655985
47936499
46670672
35882242
83686846
2518306
17465344
97059433
6142730
25614408
16774685
63067512
48992333
69390701
16365490
10080871
43482566
86959060
29378526
83893915
91465126
22264370
81875406
43348089
97084801
90860762
9375488
12280120
81305296
4153534
96612535
59014579
6391191
8753800
25027526
36692608
4063951
37544034
73327639
31492326
2514611
1016787
70131078
23860137
47424562
74294958
56889531
86507905
82925372
74590815
57324374
76545120
10980619
91276359
22328876
42380727
70057268
6410562
86508458
81798214
43285978
64385876
78172921
19727031
55510179
29973819
81153083
95252059
38600706
4561209
84361615
28929644
52992150
99636088
45305187
15634564
23780166
13383402
60440434
56449005
2044592
23816807
98272573
1251558
86721409
37396198
53729339
20400974
90442162
95012314
85677069
83161201
24739949
89770392
58475212
59007678
2371115
63503461
91493447
32743860
42856025
62316909
50768755
10239349
67300350
27622669
66732346
34378932
42755364
91451925
8571707
84769076
9941294
82363101
29671789
63105094
50479176
42963916
82413695
8191402
93058242
84696266
50274382
70781341
22011871
15215080
90368198
86330569
54826167
93915847
14848408
42112736
38918229
8274403
14230954
10631823
97877266
70629773
81551821
96539796
38191754
87923135
96648996
55319638
66666406
25876590
81837637
38079256
66778459
54749290
81732071
98763523
63679184
91326405
63401878
42645678
29868130
45047757
29240217
5739820
58889548
10998824
8374293
8711153
58611789
3437464
68924406
65499053
67909055
20728652
32000229
15367682
72047197
76078960
17388683
31544066
67073307
33599673
29111834
35859627
12116049
12393807
59548874
31031497
46702132
12909550
34278151
19918509
91607802
96805480
28460974
27124013
58695488
7835431
27668870
92468242
28834796
86964088
40951447
33024190
90720598
32376062
79532274
15025006
33380941
92124720
15833272
96331776
85919966
50227366
25997063
7389382
39538662
86254104
33329825
34845343
15946158
82599734
6802260
47976897
33373732
42651715
34675450
66201286
6852073
88440852
89572633
26059473
59767301
91848979
90358543
96559692
43674050
58773061
31524998
89821787
8407988
42657214
36819973
98787148
34599727
75805417
11308733
5782852
30856728
19874745
52351823
60198728
41151184
65078603
51402475
39731040
36841608
47917741
48432769
50254760
75266373
60771016
76673508
59660842
27071114
85646851
68779788
64072485
37536813
48400428
76514509
79959045
59735192
1728172
9346695
6379340
46264341
91992940
30116075
57554170
94396012
83216836
72721455
20494722
13846490
10483726
94595162
68053436
81676788
14353323
68416516
8436468
77805440
16344426
75245983
29404773
9135147
41382177
11733945
13980495
70906801
22594837
69503256
72958191
39303606
62360569
18012729
4614253
90870435
48613415
47128092
67007247
53226739
13241753
33191737
16095089
86515750
30228953
15525644
68117082
21195848
21487490
37120517
32263856
18050645
55181769
31612009
32679433
71025278
43685648
49047411
99836890
18439329
29239135
52426936
33109859
66316909
68670124
65965361
93631071
90013063
14595508
79813184
32401441
92533329
19465871
67036829
47596439
64820018
94776136
84809500
64483083
60769986
83131871
62330974
36318156
65951256
28322240
78848921
32060875
27190069
47073914
34296160
27507118
85523890
58694073
5746656
5343187
35017009
60189250
10660142
43092683
55746085
58247307
76675088
58617301
28425559
1275496
41002490
78546837
7688918
36211428
50807339
7628097
90442766
39794576
82876628
4998417
65944727
85306788
7160946
86560302
84762384
60771898
17552219
77238005
82028663
14811336
81177636
68415693
12788951
25638364
66698331
53455220
1906295
47854839
11835046
1345394
13197998
20593291
58349274
97842872
18608875
16245344
88590524
18437582
74886365
3267171
85213984
80684622
99667395
48036539
29563058
17038844
4543201
59362338
84892732
23610679
20328488
75210011
74807797
27183002
89226337
62434269
9913526
37911270
1281831
37306039
73877897
35116717
60785323
56623286
4702456
14693851
54624922
25179871
45342931
64623166
27931193
78707923
91582392
89423197
61854139
84004731
83246965
7454586
54902063
71575560
28943867
71099168
2578505
75876648
96648013
98380657
65362561
13728960
79313983
49386095
95256723
51815709
15644019
49102843
26716010
74175358
87392462
16835901
53997963
96784672
57989311
61835341
24204939
72558520
75537179
81007845
12403075
86689906
48254698
62657807
64823829
81983557
83649272
93060275
66932929
74547177
22802894
64178535
47581894
86899446
42819083
71133106
48387890
72576779
18743314
8934787
60929329
77292001
66688916
15317793
93091682
88200511
43124419
16790647
66487433
65694926
5451937
44702033
10892311
10629427
9852387
34226092
72997788
81916774
6922218
43967312
77737520
1434366
85375720
32882830
92911117
93610435
58961721
85133381
86026720
55232994
37564703
67636685
85162898
67325785
12725672
40730276
37766340
11212699
3469766
2394243
44005250
28611829
50561688
59087238
67580718
64836305
9795776
46137518
61239517
41816439
65476512
95857990
14030557
18556791
13161300
2179620
6866698
68371288
68890667
37683617
20759402
60952199
76252188
46871684
26623314
19130419
28686275
20209603
41832590
12301015
97317296
49794575
19563702
26177167
66332064
81780515
28990452
21073131
77027806
35622448
41040919
27203506
88701935
84526316
56137308
26566915
16774729
14249527
83691435
66727012
63753993
18019999
35530286
93301438
1385454
80265978
39889397
51497946
66859986
24945570
48054333
87194455
38148578
73779582
2117023
10820170
22579196
63145444
42809831
96108521
77964458
23901047
4520299
70642897
25019899
35286838
1024052
49404900
82747635
37770249
31005951
3941801
33072992
26620639
78656939
19318266
89230545
31033287
24305989
93448193
89531946
42608979
28160419
87591929
63329522
29435296
59033560
80030310
90520926
11682312
71252888
36671121
6963894
19050847
68809089
8922215
88582043
28470177
78000016
72171646
70195170
13995166
9468224
73308901
70618830
72595467
9886273
80032611
84637324
88533142
5242462
10521480
83656787
46982883
7433641
17051926
68214599
75176963
93327715
85691200
20050376
81720795
38297577
74781428
5407086
89217171
28783366
49860371
48775589
3513784
97018125
46279953
93798561
95367527
82014080
50698200
87590562
77746968
64704708
33398688
41256894
39184132
86382475
74410324
23952596
28376964
1219852
25478330
54890768
63127584
14595731
48979619
8449031
49632954
96627414
91589712
36681462
76695661
84356850
74594848
90591338
6488579
41706508
48276620
53476901
72731825
93407803
84456937
99996517
93443367
84328482
83394280
81969881
60652910
37056584
2998970
6045315
1038616
31718518
71138679
51592818
53129906
44862753
28868845
11891341
36594614
4350469
15078396
84680302
94912914
55539419
28743905
46615524
53202130
21975278
78183357
22058295
29364290
41272240
16691160
60875651
14996576
4083799
97898739
78136417
15793977
46110784
90309152
7857980
33169084
53770735
70728147
41899531
60346670
50788074
60605704
80998422
99926656
45178390
65151031
48260841
46261706
95376918
25443202
19767384
97575633
85197082
68901528
47080530
92333436
7703697
12773722
10600364
38752387
66270222
34557763
58736080
72725539
26605501
22213742
50537578
57521865
87586003
57105945
9265736
47326093
89128589
22272302
46029302
16117820
97761149
96181787
84377592
61247046
96876013
67445762
8253803
95148074
68939865
89812052
6449828
33944710
76121210
44390224
99378671
28015457
36722170
10315517
27369222
81532108
42227265
19124915
28707555
36574914
39553839
17830199
5941314
20559672
70997080
36475630
35409264
99042330
63262916
34924493
96249466
98749475
69065240
18481533
11728442
15282985
17789906
41128613
75748448
63256411
14085969
62499420
8681151
85550588
9211127
69090350
8984167
75335061
55062721
11362085
12482290
69801432
15790234
24126920
10181786
28065817
75741858
50096275
97803088
56622666
5518220
73350637
62377793
73157278
27378311
87007362
42175374
8881428
84658881
9147856
76370502
88562851
96775698
65580028
6600555
68866746
39397430
55343090
17800191
55207339
78429334
81997617
5743286
33900210
14036473
34992224
12115569
51021919
30839642
70411455
59265557
88272154
76774550
9900337
71636442
39747499
86797481
22684921
52138885
80723898
95835796
23817052
58651750
86376943
56237288
44753865
84384697
32323198
49451977
74066550
97842469
51381586
45080423
85735791
60914326
9055446
77154520
98132850
73387858
64437297
51151983
76785161
73946055
4309438
52558682
59376144
18913784
76171768
89200574
45451303
32872766
20246987
13720548
84263457
36667883
37738712
53015805
36976944
35218270
41776491
12812442
79773063
24525111
62711141
81447546
31891877
71225561
16157012
10515032
67742335
31265975
52945321
59941842
62636492
35839875
9054637
78027264
75377843
1059164
93850752
12283832
29025943
35962400
15994064
38390791
63984318
86896310
62091184
95936783
80799781
64307246
67607290
96304591
13638523
67208324
95711275
13423552
84958551
96881189
32924485
55387281
40100921
78328778
89521222
16623700
96149949
42617685
22497889
33202756
83186063
91887693
13074116
61593215
85042035
69890319
78143065
45630404
37982421
15399377
58490114
36719330
11994981
37023027
82568348
98940418
14252103
39633830
78062063
34405292
20949648
34907230
9445247
72694397
35751328
61774997
97452842
19986121
30198389
5657651
56215275
3540625
66415123
6143195
10742383
94484311
88796056
19655814
1218162
97831223
17121824
46914902
68593727
4237748
25183386
68230860
9936700
17604203
50157593
88094855
11774438
30582273
89936536
98373762
94027459
92422157
38800791
13977390
48909331
17159569
3564520
73346500
21720675
83106120
31993416
15583138
45260496
50818561
14686641
1627421
44908465
35504611
97078236
56968467
12817253
89556715
86776093
96637504
88107360
13072889
64673891
17965885
95147174
26579313
84793099
7908165
59177199
37649745
44283587
44019583
22216617
11270322
61932872
44914177
52221963
87787805
91251078
37291126
60334293
85311099
89233209
20237949
1764226
7108862
82923119
48153506
88184931
49669154
68210482
35307194
9641703
11413683
27275471
2570200
17784009
72093504
7894085
42710922
2553886
52667045
39944234
33397446
87437280
90373235
87899638
22434694
19747942
57450125
22115428
93116022
71240706
95509859
48549991
57893439
38887979
55108682
1097698
96486113
45353439
21746080
84386002
78978769
56009049
9443885
28880294
52970569
92914022
35463415
89696465
81817956
97270643
70132078
17834251
99084519
68576133
14770193
41757960
55741146
68769816
4553654
44698803
65719775
47015212
91589088
71720206
39584909
66197134
31509422
7436717
8759718
78668000
59298932
43543933
99088753
51423627
72385476
27212936
76751127
53033900
21752158
71193665
41228942
71944031
92283997
59865181
40361908
65679388
55767291
59129292
85775899
27757183
63693559
86721565
92587101
8742216
38949174
9164880
87675769
27709622
5579543
72377829
20177018
82278237
95515182
53105681
41048479
44344625
16831349
58481175
53069215
52879338
10479428
46684341
60596070
12501364
74135441
74812697
38456133
39777054
86355571
95835763
90078983
21767579
48575147
66003963
57068683
6509371
67741158
42544675
40994255
73183482
75692529
41651097
26062765
50153708
95828979
70399542
36475835
72002259
87426439
51815808
33015881
97866146
13641041
37865975
87321722
15301975
36710832
94060588
35122875
68695901
48543393
61823290
3047407
79562904
66634012
11747083
21794714
90889916
33953818
17472241
69136413
23163521
37284715
2759052
97021282
45567541
45401549
32873016
22233329
95896857
39676456
53003500
36335746
21353644
91262552
74853203
72342943
45894297
49938513
76231202
58081803
46254934
31621428
7004871
72121050
89299121
78166072
88499538
83914162
71085338
56841016
54311365
32002081
4789053
80315888
67490056
93632641
4421464
48582465
19152080
65129504
21200796
91506065
45226345
82919069
68836764
22549237
34195372
42288668
32390648
33695751
79025512
5660398
25298105
72010874
90495035
61482567
87719650
31051381
99311137
40175724
29732954
3280071
67312275
16371963
56341983
56954144
65448382
7755420
52609148
9685733
46022354
41265302
94881724
35009941
92034594
78704878
41927785
86386877
9208815
56234457
58714092
48090135
10502505
91289914
37357295
49571783
68821225
76506283
76841613
42354031
69045551
12706100
37440401
41279883
43444349
35980853
41680762
94910225
55602269
66386821
30684678
1021479
91270324
40059733
54212149
77880918
48657796
14856200
91364246
78018237
79461388
83394724
11104881
96202276
53683639
61029361
12465235
67757553
36718522
6144947
85907938
32566684
84247515
54659852
25554478
94764609
42480417
33892613
58609896
35591370
46620211
69774799
8469192
55691128
42347725
14722887
36674275
14755596
4128551
46424204
61551585
45914562
48266073
91310483
41449095
95497297
27073786
79241612
63268761
79368104
19050188
94865656
81074068
90749576
78948570
20872819
27218743
91711217
82893145
55480317
51969109
19597614
29956458
74617808
15631648
59869449
37983636
84062137
20972542
33784620
11482441
78557987
66181830
14463065
28893615
94424978
66659315
38112878
87696128
3407964
72931035
87146484
95754890
49241241
3850072
96955136
3316431
61425313
51044485
75378282
1467712
36130539
3392641
42980376
86553782
51606438
54309563
81307721
51922094
5106448
76967610
31814479
43120336
63126654
69310595
11488570
21033863
29013714
25855638
26975290
17513097
16449942
43751968
88759213
32780775
16924905
81956165
56094974
36766199
77532463
35453301
80415910
6721767
63684314
32594476
67121011
29874202
97176080
92695308
65051959
76378960
53599860
51186054
40242156
38747119
86883476
81129642
23671753
50767929
51823282
97411616
4583122
20323129
96654553
78035291
77011090
63880162
83500120
64892463
69793406
99080546
46978905
50665257
89284773
79744094
80510585
56805462
90312779
55254308
96425099
27072549
53668818
81721698
88416473
44265931
1434998
60633558
29778387
39035204
4609049
59542164
99844851
99719519
91319994
53520102
3662241
20509395
8963735
30448188
80870801
71008969
93563541
19131200
14418102
76319325
22598472
62728902
18561019
12387570
55892128
85270657
6623309
5707071
28646785
58205478
1310703
72030479
75331971
36834253
73748826
46651353
57787525
6843431
87932175
74816858
52377734
89698894
10073297
21905055
53359942
54378019
17345827
28288629
17952314
44959582
17198323
87674321
41423045
87726617
7969324
72504519
99040023
26947226
54356405
49666851
8794921
99212693
17556176
73697372
32243335
75517762
77598405
16703892
69132770
84930702
77334596
69021398
13459694
55484726
83115197
89905498
53670587
97970372
56806021
4192119
9117550
45687676
6458080
8346042
38052335
35255424
43075024
26586620
7454907
69751392
62845496
86347597
10167847
83931275
66368721
41289819
72132759
58867147
48376584
67196690
72680162
80083407
31103103
56946076
40254029
31848713
76904055
68699662
1035943
39284591
79760794
8076987
81867454
42876228
95987591
42082121
38994421
60612463
67737587
42652851
67364548
13268888
40759387
64990847
33322308
21890956
50493401
20518631
30490164
40509142
56510639
80950703
55604986
2822421
28137625
44829710
42936308
74199236
80798128
62501094
12226810
19594947
95206346
73287621
39207439
71952523
28592075
82944419
50824586
41257567
17919891
38030896
70394076
58367083
76081998
5612709
33690686
5322352
91661458
86657213
28443763
28176884
39825662
8435686
36673652
14571563
27024300
1967702
32856668
26669868
99051970
71295451
62049074
25804072
71916470
32026825
57811324
91568372
31246115
23086516
25102996
75559032
37586698
41373567
45019194
6776623
61166268
46449396
58589774
79219506
37266585
4096484
45633183
17694462
68447501
53223868
72742196
77940946
34733278
97252049
29815643
76137936
12130080
41198510
83331888
14811144
71314241
33290221
75386168
5121575
28724054
19398243
59845077
43031326
33333881
86070471
29816225
47432653
60536067
21102340
31805834
21114867
8859375
37189088
26044354
92429809
87497585
58497938
57056521
40601636
83412381
1271326
95195384
24110838
38794009
91321050
75075749
4832337
22963991
72892533
6025050
77260200
10626818
83369485
82812526
53382955
44843681
34847434
26391949
12245606
86382679
29006178
16639701
99618952
10944005
29439879
94949829
74165043
69013198
95560004
99532664
21064691
84300552
54135949
74430669
84223334
6030449
33319742
86817860
79899694
60845156
48135319
82650065
62873435
87683595
38980142
49634680
68011073
51112152
79451240
82350539
68818227
15116035
71152488
92335441
30440681
31549346
62747181
64385875
71010676
63283403
99639725
82808135
25361282
92786220
92137323
78257392
90366938
57872800
59660330
5119257
26160582
9505218
12546194
7901463
60431820
90988994
33295689
16115759
36584663
88039383
8151351
61456372
75402178
57648714
86594101
10277213
96878859
37467630
27333954
38630924
18220199
32897600
81357460
99538000
63281279
28128066
99575516
51004359
19765559
61662796
47319942
11049716
50665354
39948246
85268325
12524493
19921203
57169385
2119908
92000629
81388692
20071516
47448088
28356397
44149861
47925962
68368662
95850925
3437393
57669746
71544371
54930672
32901917
54149373
27220908
43759877
10153956
36640663
20434193
95073885
96294979
95128496
2015067
53888964
96879765
64995150
13818266
35544362
62835531
65384166
43202078
29502415
94796005
25352510
54518280
48297499
56976201
53652728
21849745
97872848
8711511
94340582
16052795
94726109
53760175
85195552
28301729
35711733
10811464
79668786
94824634
65441921
52295423
5295582
60622412
43269583
89682388
74686113
15970805
89707270
72103951
45961939
21390943
91990644
25981089
91071185
12490282
78644102
73055783
29903630
28002553
87198441
34680354
97009776
12341959
2471163
95525356
51173407
82341194
48287638
45135896
88480145
72381341
98734383
80997647
36985720
5278090
15783604
50765819
19094397
13207954
3992807
90828439
75592933
59509281
84591279
47896000
82113119
4893920
6427014
69116045
41014328
91700855
22317696
71719448
48642714
84031874
21838368
84145693
60793639
8671407
36529892
76209071
34648766
23172429
44360333
71190892
27692252
52171046
81888924
70477024
70876446
2885561
18596759
72545432
40799966
79332160
65898766
44961572
48579739
9470872
17283845
54747182
99335169
45272806
67929941
32767714
32050623
82932264
83123724
38182679
51532182
7736534
97825662
91898506
5418511
8459021
70044790
7047569
35653077
64126856
74539248
61574021
14516704
30707605
97239258
71254083
94355155
24198091
21425918
16144771
55700996
33429507
41594645
13094339
62926786
36845469
59126456
52016696
8820448
4832233
93841733
4010592
2948224
35231575
28820047
24221514
15264076
60144463
34897809
79836769
8659552
80412987
78257262
25601155
55772393
62359605
35528985
80411917
16170760
70002870
51539992
90721683
43760989
74268600
60906067
40068138
26805223
29381243
79459402
70588342
48559284
9197810
23440524
66327042
25876247
91490957
32719766
75725604
40043804
47077038
70881016
29308687
30106498
76901565
63753687
75645312
54117647
66213809
50206691
65340180
71199714
14035629
60457591
75430643
35982884
44283447
55781748
29266260
22693143
54946546
6165232
79129599
66366701
4318476
98416657
13639961
6378061
29526802
58513050
61064933
25816888
28472972
85688513
27043698
86207450
52876947
97355754
42504263
4614772
30178697
64124814
70693542
72106196
98661685
10773491
98118213
12401805
64013348
32483440
89019002
99141782
17130594
29969623
99179595
77236359
20111640
5376217
82006492
69449638
22155604
73128375
46111758
8733416
33507918
95807824
20443652
66199749
35732359
80066261
45844866
12389439
88569311
74964720
18533574
76531663
99782378
49863446
64935025
63117729
14262253
81936648
67365473
17621039
32698000
34220257
71741971
43733031
19829471
52036173
30121398
18589181
29564537
96177093
47750584
97372893
22925924
37674174
1824460
40229369
54483865
53457248
29008597
50965579
79675763
53835640
45623159
38620060
16132081
28302948
72763622
19740467
77170516
94652095
16342880
5288226
98078509
59988065
8995023
95584209
11248734
74944683
73874745
1284547
56764143
50217092
5054270
7779852
18590363
82886646
43960303
49839825
89806018
5972239
89781565
67352962
12068465
92051664
91546560
27981163
60426389
16627501
50987514
55873427
19102001
65545594
54046283
76076380
47559941
94928966
90562677
66986868
8212811
83360509
84392693
16240507
58674637
10066905
95656172
94160264
95391775
59889080
24580896
9122163
28414952
54578138
80850209
50894274
95030800
47071091
16012576
56211913
29899154
51060227
5280285
1750846
80296047
84041078
12614513
55170672
20306719
31390914
20230802
99395189
66468718
83568151
59148811
6627859
46711748
55553821
99166654
21497314
58984240
75257773
70005624
91077510
16011534
40675421
20088968
94104473
6943385
25188373
66135315
68113197
72761316
39486864
8164798
90438469
62942074
94709380
56199553
29238629
36140231
24157258
43304993
79155437
91102277
92810135
73026182
16393596
25121826
34887097
53309029
14759790
86880535
41257661
68670211
98968416
9115884
64154521
61449275
67973630
37070345
28611780
5727506
20733030
9511337
84630345
73152624
11475872
92207979
54030108
26533076
62991232
20653913
14741009
43511396
44994754
88811124
84938142
1684000
13050336
35767743
20698618
57939722
35808808
94781578
96002007
79336781
5175874
45809949
87293403
56327016
7002167
32473342
45814713
26568426
4228371
70309141
58037175
76190393
23341936
19016930
37136570
99516043
63518699
78443531
45019492
86949415
64692927
12711033
62667422
63138574
42413586
6163456
58299223
38191573
16255794
36372716
48580075
87333747
40370144
30332543
83474540
7318930
33875540
3180567
34803545
43128100
39370866
27650403
43643778
44340500
17383904
66862893
56418544
69900509
76878861
93777879
94540796
2594997
72379902
52062057
46207178
49847005
90798327
80852342
30953494
57466645
77521204
21362413
86551208
87695970
55829785
41921788
17269414
82716616
65205000
51627187
29330522
98562179
5390480
73143801
98991049
89364635
61402653
15846579
25051365
31467955
88266904
90822152
87466021
87283134
47947113
83396755
33340411
34445889
30250303
13368958
38306382
72955793
27505955
91771614
92289210
32871669
96171474
4011962
22067287
40830145
73585471
22125354
65382610
95566711
30866987
48169206
99639875
64217948
2240411
34679427
3541187
49454137
12478070
95646700
81111726
9618924
42105612
10309210
90191585
15020978
14032097
10584680
50499334
76985086
45772052
80932457
54832851
77842947
76258555
49578035
93885065
79482623
18418709
26086018
91923017
61047206
45230945
14319010
45563740
28743787
53761142
53094956
96168060
10161343
45695976
74353591
31242993
5593307
12657910
89274781
44913410
84208309
26505531
20431754
13981206
25738845
92584158
13167001
82509401
55977714
39422686
92751645
78592966
45693288
88817997
3922571
3132660
51095386
66027555
12807925
13630468
50273113
4365106
18039670
90014978
63629568
38228387
90370189
3799731
95487728
43408231
51512192
30472342
82080035
74325608
36096951
21356748
70611225
11271812
40901444
89466496
97592059
9627036
95130605
94536716
65825403
66776169
97436322
90909019
13308205
52197675
65246574
64288247
99510948
88944720
76051025
6751937
97417275
47299236
59826784
22404028
91611982
42052883
53871642
84399795
15117862
75725184
99249037
86841010
25712110
89606385
40425116
63052947
3502469
8716236
81100384
47607403
82602775
75055216
64976837
75770463
40007619
77769223
81091408
60820530
23517789
55606347
78028143
46676441
85287444
25140566
8185703
63176836
8336659
90681949
42283743
22307388
57556057
62144449
24872884
52291453
13502939
3160305
66638581
82534465
65059567
74980788
85896501
17784119
16039940
63443909
53473581
37013129
68316125
94893884
71370777
20852726
32787030
60559796
36707690
78363184
24336303
94282057
48699204
29371364
5111785
59089957
8708182
46297029
65217977
31151962
77343901
9164783
64182743
67830663
73071112
27424700
3172503
53732629
76991284
7818854
4379547
46423665
42265174
78988218
5124010
32875259
45933421
60237239
59630075
31129893
28796947
59877440
56926454
29517376
42530053
47518849
2545236
66700369
19029270
8560998
56057505
61777710
23428794
25409325
16684878
64213375
87090272
12630733
64640726
32303999
46166309
76654180
8171267
43356068
28622613
34034071
3155060
48909928
13239806
48542780
57062196
67198385
96729099
58243695
4068615
23378614
14801767
29936470
41342858
96770953
13161900
65882061
25988296
60333505
45024538
43644272
36425442
4122889
15164970
76457430
14721381
54943172
85483075
90719476
6868622
46639502
37662999
41660672
95184278
42807142
62243743
10788358
37557375
83253063
75538529
7714307
62872871
87078110
88253623
95935434
60071546
98379431
87455424
63288383
6973300
84754030
39645974
79803629
15249373
37565476
80430337
7481757
46098655
60893474
49477685
48366955
22881827
62712974
61667598
32736211
16050711
67711987
27009657
1858501
54083511
93118324
12181944
76267496
91628038
41420267
69221580
88351861
64245782
27824508
71172555
84663734
22042673
76584955
97519587
12066701
52348984
7923873
46032434
44337074
25488240
16392037
28092653
42506253
5576587
53238701
14481039
92447714
70765049
61122110
87388914
32540749
59650735
6371095
4215598
92201640
98607710
36725807
7145990
94230954
45726567
83888816
58333403
1123050
99445707
58205810
17820753
28243955
38230007
18445532
46051330
34617626
99017230
56241099
58082525
85701076
27540560
24185084
18217698
87941571
87504819
4402132
29397794
63851384
92464051
76352490
93763421
38706957
54737396
1116429
47535870
45422743
34068098
88162074
94960213
57896930
25054887
7165740
46362575
2855379
63066326
60306987
88576870
61609723
67330471
2507777
18853314
48851814
22034765
61472291
15645332
58297957
14590771
39758654
3824017
4287985
42521785
84712308
76941920
8872867
88002272
28919948
84309815
40958608
51654932
18327391
69690170
71739041
13101993
24759267
99343439
98737398
40628573
76449590
75962905
21752316
63716518
46209963
20162795
40718345
67906260
77433518
68947749
67282702
43805990
35061780
43504742
57797194
64222319
50334292
34257718
80776689
71816747
89737025
98663290
29689315
88648838
77857880
29419632
45052988
93886997
36816182
91327221
16125369
60042904
2361139
25346683
48833368
7393787
44456754
64472320
99327744
38454503
72620109
42885057
95866027
44525566
66709378
59447366
96053474
88299071
54921260
68334020
49713989
67344768
17320504
2597650
1011668
85508045
6678335
4276896
61213181
66315641
14954302
24494917
44198215
90026603
97430398
5363371
57140917
12078154
40421439
29945613
89510162
64729824
4557457
92170782
99033448
75038513
97153548
53506996
6714552
81107652
83715504
45545680
30812655
34850901
68806928
55515559
92234784
93907988
52550756
3983246
82188730
45687355
90452393
55218549
75321809
32494252
19112941
41740287
86649659
68650073
31513870
65741832
20316923
27126339
4987646
20161854
39395516
13351710
17938461
62817745
50698882
3611352
86390499
6359939
27393363
58981051
58073322
75727723
38636141
35683856
44674798
10432890
17932931
73614315
73551144
90920309
63722430
19038201
24442520
86162819
77969055
78960989
41996717
66389736
6720970
26249746
9299407
27741142
34601499
26840215
83006048
50657566
14630187
94534376
38258092
94097396
74945780
91112994
32511710
31791754
30333700
14264579
1126298
12052798
11962103
63700148
11903743
13564147
83522157
57336369
80718451
47505278
65175035
11119491
98970361
7120017
38128586
97102949
77188070
44160726
6294901
94232934
32174461
73100978
49483424
93875723
59278228
98241293
43874994
34031434
55584996
9055346
75157181
27725062
77532706
86975945
72992058
45067891
85715081
66194584
76585347
82983756
26490517
24664667
4526426
80460285
75427251
88620569
11038882
69458726
14819323
79598910
19436351
78857738
86899821
7131885
10326039
58588332
64939740
59715711
10711253
95378964
17949426
17236731
34136480
24248690
64335531
71054047
16748977
84452499
13869790
7907259
30401249
58224466
23346989
26012065
59968327
91022805
73913961
67103410
27506763
58183320
76556373
25721231
72810362
80509885
75969185
87258484
99614009
3393924
63350566
83352001
27689653
17782535
59882243
95962471
69285149
92872961
90612386
1307403
75404793
34279935
47086318
58015620
96985323
4219439
33678335
7515345
47915717
68336570
47218739
61113849
33943489
43002079
25441507
53230041
94833861
48068744
58322547
47308901
88890103
16099176
81486872
40652693
13366885
68068996
81402118
12293313
9248607
86505639
34689590
26716524
94827656
9005209
35617332
56066613
57526211
56369623
63647755
84139497
28004399
37910988
54964835
30604759
2308685
1989674
35966957
89201397
12260034
75102452
13450525
2073092
41935419
35097384
12992779
34028807
73712709
77074043
40622498
97703541
52431103
61000504
57844892
86531790
19550005
31659513
18361722
82731422
52808494
2371335
93158704
63789145
17332082
45893343
32122142
55947790
62803796
38103521
92915588
5968415
91790122
30323850
87468334
66851505
36608696
74330977
52074855
29814713
51623226
50414403
58636281
47838175
95812408
35547588
10721009
82120337
90979834
57675692
97702629
81254781
4545479
32798311
73578917
32419791
40220887
62462655
20705812
3718537
57343239
45682636
84673729
4779036
96170222
15967729
73900741
89706278
70025203
23527866
85210596
58317833
1956983
17575128
92717434
67542540
84897772
44165385
25086761
57760946
15738350
74739532
28724123
87134624
73631480
45506234
87359461
36282281
38437028
62277935
81467675
31326191
18205398
39319063
5721393
83932578
58394780
49766354
64747508
25842830
20403900
74841911
65591822
44528618
88613634
30829043
23362781
63347641
29804993
42280947
83738109
48821118
31999019
86189259
41123417
35469397
5118259
68574699
27288910
9138297
16924529
54720477
59793654
3029625
29921357
60322212
66846608
70837713
22173726
70130026
60452353
17273587
25949479
88247241
17155003
3668739
66786025
70514900
9894140
9593051
41486752
12321128
22537643
99262303
83941774
39403396
35632028
52991854
24243179
22025249
99819767
13816999
37481567
54738116
93155965
45906058
44797965
58281946
84900364
34622304
68627321
90406780
44704150
35866629
97982131
17883611
55180569
90986721
56480569
49821221
63552080
10436672
79334738
3204256
82352900
91868471
43104364
15586671
27520563
13240349
94992195
37958401
1892750
26926405
4289320
86059830
51068881
99663587
26262928
14172777
26274195
29576257
91917046
82266382
10752799
70812805
17171949
85550200
9287080
87815263
94461774
47970792
85710198
50840999
26282478
98235348
59737416
48467442
4655091
46691896
76146903
15769208
43211666
83799452
75585925
74102897
92101691
11098780
65705068
18614132
9123751
79706652
71429120
12320987
4429820
7677834
43558898
82676054
98311143
90030609
90708650
27915466
93234967
42534795
16296270
67639825
69066746
34810972
51858488
82656164
73185928
19657309
69439907
18946760
81790583
15718083
2590475
82365094
88510508
14505366
72393271
24760412
56422423
14790720
93788374
90490503
16315105
35440951
54314088
62623187
46875698
24032835
35664741
8925679
50178283
12302609
19293073
7882424
74124187
51670325
54707875
81051750
30647679
61201348
13729117
13130198
75544452
31369039
36559478
83063337
25929857
1783172
58270243
83162257
26011422
69198868
28829422
77442971
51229203
5003332
81773739
81801920
43568592
4400067
51491144
6566477
40632276
44933968
19327763
50838996
73178851
24670142
53164456
1041877
55034906
49148350
90298640
71376228
92273737
16979462
53391075
52811330
38809516
26417850
60627811
90048209
18630806
95588214
63062027
82949848
61062607
3688689
73148507
79315888
86239934
86182461
48043863
44081696
32085619
7917966
98081476
95218923
95433144
55935921
46162717
32293722
88798240
29039838
94632864
70728088
67266120
87981508
20045207
42773294
45660004
15770413
71088502
65460341
97584994
90788459
57624765
13362743
47998339
74257811
15331089
54889403
35038845
45923617
15020875
1699095
73428519
76077969
93020893
23326801
94998284
89716795
65807223
60726457
73277977
92261564
83429612
82743991
37320046
5443708
90580711
91913212
48901935
34195284
91178439
41961544
13864627
78842606
68453030
22637839
66567437
28368093
3050619
65236730
19680611
62390939
84481710
69539149
77127911
38527329
76996985
39083821
21036875
96168941
45466217
26029225
80086009
4973634
20154441
22786427
82336992
78682022
56963894
32255610
23881778
71152992
36207991
69838957
91082175
37890951
5946022
35768624
12027314
65161667
52674619
29913796
68161678
71683218
47860382
73049056
72574686
23162895
76760241
28083343
91519832
14743955
31402376
33882819
31412458
1709274
15657250
16493119
66992868
26420928
75832999
28849070
10691629
94811584
26009916
31667676
42913488
40663150
32277472
16958521
12842200
88421694
98454317
50182814
1933641
49098400
46926885
23850288
41107533
91073196
56994999
74271672
75115563
57929069
83327510
50714687
41387794
46268990
89952816
27146536
5071659
11581281
23357911
13203912
64722016
94305000
90666179
21393900
84756341
26930462
98752323
13966511
38510850
75816559
40539985
4525673
21621820
15217875
9707754
29988446
55782954
56810412
87991200
81977178
28306571
75959790
46671112
15716721
64946583
8380062
48941725
94595824
37262694
20921781
88046509
43955334
37018900
19633766
11193203
59251416
42823715
38527167
85921866
58440653
40103233
85711362
68649938
67182757
60198530
13085751
15855872
84741023
54706588
72480084
8162505
54257126
38436869
82424096
75399390
21297508
46615313
70424858
84148983
50209518
93026409
74740940
34368836
6940302
35568560
64365382
22462030
7042339
60649512
1733395
86862143
47581862
5587883
83014463
57028320
60003665
38715283
82300160
80286171
58993035
39530101
23471825
41572700
76486719
92872379
69700012
31437179
58919151
28230044
99620056
69502397
79758231
96439031
9493936
88930302
80642989
49368485
97402503
25941689
68908494
1694243
34158076
67765971
75613583
32241710
34013467
30214998
96046038
9039272
44796531
54491288
96565926
22784974
16278948
53552790
51768685
3942053
71062158
82227468
61573206
28426067
12826669
62322848
66420279
32794197
90196678
24299101
6521606
82154193
24957286
35572251
48028878
8415888
60650482
81386776
81403489
93010510
42286401
93676541
71277296
93511312
84604834
38238969
14195438
53865732
13478591
76224116
4658508
67593620
45096539
2166570
5111451
71074658
10118042
54037343
9022623
40892289
82609783
74753388
99508122
10592778
42286361
29784535
13408767
78308184
24541186
79849435
29227480
97184881
98801404
63272176
64294098
84494656
25911935
33127012
54702467
50907607
74169525
33721548
98255509
93735522
63686290
16853922
96990261
31021917
6210990
53875777
34315627
80125786
28755873
39407112
27892985
96213776
96293645
54624945
27542840
59207011
7057341
1059382
72649438
78446280
18733863
15025973
35829676
4924848
76983054
54974583
60802309
44659381
50799849
96246313
84932359
1744179
51902810
71459771
25301383
46722163
1618192
87844195
5905936
21854831
61227031
45545813
41298046
76016305
88208912
46657854
72128579
56630256
33223944
47663122
41627594
96101691
62026032
92591865
37994775
13221314
45710345
12037387
93080379
37357767
97966063
52065988
40938754
40225316
38709933
51706197
1668907
18948511
44705887
9854531
87564931
52629819
14054183
61874342
8890449
99903886
64856532
4719112
8313046
13702340
17641385
30112903
45081654
37871399
26689282
54072313
60596240
56616009
56891411
53621074
74413935
60633034
55138430
57648215
21687130
63026078
80582710
82957748
92560488
36259897
5968877
82480461
60613815
91316992
57106741
17682962
76065486
71004007
6990400
42401043
86277013
63991697
18155160
25971659
6610760
46384348
98082760
85031311
63447906
19859621
88008734
98351550
31058451
46061419
38329226
89231959
89754765
94788817
43955692
89269615
40937672
74496772
86723339
69905278
15793018
66327805
36288764
93997174
2190394
57945496
7926297
37221409
92445091
53512201
72478198
59814223
33378114
97122207
82882433
30860046
85678377
96650215
72313555
9574072
70045457
61738441
5591094
26495121
63526897
39824330
5720036
44169996
28853735
57428678
96853382
28765744
61626924
55629238
94765046
20746262
58370682
3664922
48404226
65270266
18247887
75855237
95014058
46012096
84997837
99259331
48947224
56952924
90911929
47856542
78235722
42278643
80977138
58875953
6943792
40010753
58969879
33308761
41895427
30801911
32913831
49535959
79522579
99066438
24535727
22999879
61889150
96200232
41883833
68401042
98319873
96271460
82887801
14521076
99503666
88652262
33407193
47627109
57550377
77065191
1050979
52583464
46103889
42757141
66882436
32098182
54423730
90264869
9944493
29401644
41735651
81028027
71800252
14340035
66991222
53566171
19898573
45292360
48154140
76715115
31673158
44495030
45428666
88067035
22422511
73016360
11810684
75721701
30546544
14459646
42960321
67306379
57825711
4771441
26678332
35901106
59126239
61671050
56702822
44342367
72466354
40135513
19316466
6738947
80649137
35924078
89787342
73325494
92059864
83217093
51586022
26524630
96494674
6840670
20467705
63909170
76120450
31758563
85463067
1323555
91221294
63247449
7162088
87070139
70601307
48901243
26756652
81108428
73757600
59516429
33908782
35253856
56011627
83335226
43456161
1004521
9765329
66645152
85243693
88682191
72831096
56250326
44242268
1452214
56965444
20012002
54017731
53737830
82776980
88152907
14074067
32581588
80686622
33781205
85349956
23608399
99154277
41490639
86349370
22185737
75972011
43421698
35917610
61382899
51328900
10225439
70724950
81051936
69974075
95738943
52419502
26607519
88405696
23369333
9390358
81141333
1828444
80595371
92236134
66752713
15512919
85216982
52790318
53513192
12565125
63019921
77504928
89629271
98919451
61171805
93155663
2172275
92985863
67451548
12658123
98668357
56585697
69715876
63431081
8404310
2001831
15884138
65225427
9125423
31595561
88085801
35221770
14172875
81635938
24347893
95128340
35312920
97237553
78208503
96164243
30575443
17199848
29925977
22160908
72820123
81863170
70769108
15616078
24129038
90275002
28643087
85052232
20661050
2157834
76121400
5463728
90142173
82103882
15115927
29744555
55890571
37560012
24564903
70288627
78660869
35573012
10020889
82146776
36745074
90467520
94738012
39380411
65630344
36443386
61336360
2821656
57614276
60248664
8124393
7911593
86596670
21452197
28623857
51372461
99337013
40609963
64327104
86192108
54400589
66215603
16812058
41858759
32048550
58470713
93469108
38702650
40681301
38311982
69656865
37143110
38070389
63536456
27165515
96557615
30983276
47125644
86010171
61969514
1076829
34484297
95531419
3007131
3124454
86156139
62438729
19834233
90266237
73969403
59348729
50318839
55463995
57593639
30997326
70611187
33652066
16173076
33118009
23124048
83505725
38842354
38338276
64639675
21431026
45623944
72554956
19840535
59946969
22874179
54605416
55680574
31016956
23157941
33188315
10052187
11636324
11327467
28254911
46307559
90764630
57797225
86318106
1147297
63179249
28081234
25920035
27150653
55836293
88141788
74053155
48076351
31923399
92601264
46941867
17823382
54378308
20576725
28444248
1166767
33503674
91485328
57708983
76705080
65766517
55581050
38217486
95195765
76394686
89229667
23034208
59490646
36053533
46922372
21165519
81335613
92584418
63384232
70179047
85514712
5001725
26986970
3010824
12098007
61284472
29576910
52805902
76891349
84563947
77338388
85117380
96198284
45023627
62830912
22881189
51522124
97479466
65424894
77345293
54093464
46033254
86971517
37293180
83253572
97684802
88071336
38227880
48779927
51748475
23287154
57696095
47713503
60041919
34243829
13707933
74077461
64873129
9770969
87302732
65428286
21230333
83059203
30479381
89969922
19346227
20824309
25624366
3006556
31704919
60769911
58553288
33368279
46121659
77097475
11487332
72289879
71893522
98465526
88200677
31473366
30240368
92993439
53904556
38070189
85832976
48065595
16896994
69766912
38525294
94784381
46734863
24559162
43760026
29277341
56226265
78591745
40509174
71119756
92076766
84852198
76974334
49900434
74364722
42841462
40654211
7472222
5011589
78371223
48580051
48560113
3567749
67298554
48165563
28410843
55626897
98715064
6913570
14046459
62937321
99942892
73436467
44550659
70158207
84497604
15467028
49621849
53702648
2842075
54805968
84022845
6279274
5163051
72049903
89176955
59786373
48693673
55254347
63221442
27793302
8586510
33992096
19693413
8940213
29205077
53108649
6663776
94013160
15494129
21190746
79818064
71886690
39147924
44981777
6968001
92033748
24394400
80983528
25651363
91970690
74509852
27451624
23632605
87921048
23027251
37654888
88876157
34023421
60403247
98064086
92458668
17059618
44613277
89940312
94131219
30680814
97981858
28079524
60428788
11323269
35896795
38442965
83238164
86653495
99139695
9627645
23292400
92947642
64890164
51120558
18478597
56424322
32602391
99384049
67004254
25623630
20614257
94661980
2237255
13042788
81431809
31951755
21572067
34059232
69089241
63789025
69687831
96336927
1645507
30514175
84242784
10548324
94561896
34276029
68860359
41311082
44593036
38363459
87366086
39190997
5442685
74847432
20093392
91265204
50535750
40069965
47777809
47246511
57667443
22253524
91813588
37861220
39357492
21245249
12818733
26392765
35129490
78116829
59957290
71932943
95911328
63312139
6986119
82950607
67822961
69087933
92170900
83724525
10369140
46338303
79150031
42346759
38838413
37801853
57729567
74170703
36290192
89953375
79559678
53092719
39152591
22446602
78218170
74706647
17677789
58433951
93667243
15400970
34613628
95035948
25450487
15876888
16888545
34442712
9994771
51445301
76200878
74161272
78766140
66738634
14016562
82109178
31274640
54973563
50811923
79142645
25575156
3977627
77662295
69770813
98957789
6561900
91846002
61987221
65392575
20684003
89037557
25807771
58998861
55685684
41143136
16207747
56072280
87325764
93860660
59545835
10728585
62813774
54702447
28841278
78204160
5700948
83375906
49359765
99333323
37277603
43182942
98229581
27451937
21297910
43269845
69063026
1122648
95392014
96898150
38350548
31032203
33113226
64927713
5952051
63052144
24650799
56505356
34391613
95456554
7050692
29510186
51815320
85081166
45218632
76333499
66722915
41878059
73241151
83153033
70932586
48465127
66490894
20754990
78764461
40847708
3012772
16134953
89853084
26571653
9936433
21051558
14644660
84661941
14414529
71191900
43511592
73545372
54449666
93297241
72783185
95562718
22819615
54883934
15301271
70049761
76672967
59722899
47673767
95189962
75715276
64417277
60045280
45576888
15784723
16628516
19458969
57645594
98732376
24874307
66502996
58627990
1919465
10237536
29763324
36573941
55501845
55462356
68774747
92456873
90243285
82966430
13708704
1954887
21678132
12123520
54199846
56275073
60969943
70200303
12555638
50824501
39931197
74819334
91608577
8173677
24852395
2428884
72448045
17482221
5502998
87924752
93013206
44655406
18476031
28358009
7117228
10232589
92268166
20389245
51441112
37305076
73737452
29012445
71986602
32976971
19950722
63273532
80262318
66618393
29366989
2418959
10698900
71604141
97748806
69847230
1787930
49262183
51124363
41845821
18234462
31664076
14889156
34470482
17356674
1613093
90420694
97869395
84334196
73108947
50406143
41043361
37727400
86448451
96007242
91313563
2040792
19608940
46626571
24996673
14901124
68459933
33469109
6277855
44440372
89728546
59925993
24863207
94541325
78944307
2998644
20079040
44401642
66763421
27753862
12576309
90015518
10018605
82996382
44726935
37229517
74526218
35721988
4006090
33629277
54231592
98506709
84709187
23200502
24675125
87702976
34477656
86771183
40843725
17317343
81156943
2766444
94887670
22640263
80637266
11127512
62044135
6602274
65436352
39350077
75023921
37390449
93137382
64671347
97607988
70785788
81854345
4893378
15343159
38726608
13808953
66035056
46285974
97467879
53317788
65875872
70435400
78184771
69397826
90931257
16686989
90178799
30747976
79137179
73571801
63471253
9664532
6279174
93799580
20988697
75786360
12065879
48149207
66899821
31071162
45842451
99946814
16176809
42403974
69840403
45601510
37750915
21936808
73479131
10042009
57965484
91593919
97764743
46021630
77964881
73880142
46544510
85531702
55593274
32703419
73698188
22549763
51176136
6234993
65715624
73446145
67201851
97478696
92763475
72474747
62506188
16701853
74448844
75842976
71125425
34377824
95184199
7471669
30392084
25762071
77221093
57199599
16320216
26568918
27073776
45650602
38998623
82596455
49528662
3957003
67729515
14363101
70171036
83987890
50243619
21106877
29304261
11394233
8115789
78928539
11330075
99903151
50323287
77620235
23960980
95618834
66661817
25566033
10004940
95789926
71143113
23516989
84741444
51818723
43483781
15024319
54464415
44444295
27486906
84094330
83781772
22452442
55017968
31889845
1629043
17625000
36689311
43763696
29208983
67414083
52716294
9778433
41763808
41735719
28954727
90805218
93551137
24596831
53270696
62845896
79469601
31377487
30437111
67466536
32589438
1210724
75442600
66578073
9694162
31784362
87968976
67090141
20813544
98515216
80418310
31542715
49201842
76344206
54339977
62117497
28835004
52722137
97018238
62775627
28884985
24310325
67125009
14630447
95158386
72772646
65142977
46462600
14589477
44628588
74487115
76573091
50494648
57598100
89437431
99429491
95224216
54315369
39275089
11158559
61939328
64323963
18673389
31156006
19582864
57265357
34323306
76885829
50367690
12430327
36110448
74615963
93907477
47337007
39734822
50388900
3825686
13024903
9380889
3643357
48248864
29115826
95884830
79240983
22525688
73885212
99503049
65206064
94234251
23980967
84308863
74128653
65288331
80115468
50101948
95117432
7282404
77320377
53413714
15564624
19582090
38473450
36475818
75538819
48672063
19816423
53506416
65001233
71217878
85275866
98442646
20469263
73365845
98708909
14699981
95401695
21812095
74558045
55986595
25469588
69016735
75985026
92533636
44050557
48462032
62589213
98052513
39856796
76154561
40231351
7584062
78248015
55706108
81746817
52079639
10103234
4333629
81612375
49910416
41310795
2612320
4073340
77431967
31730544
48484744
7564375
41642878
71820507
33498977
14862916
22377958
39063876
39757360
14166654
27511468
66056434
73466524
30511510
8570076
93798589
70406600
20331201
83089981
8583280
54134609
78384325
55631495
61412524
18521083
5936276
19376959
15582151
14545536
74934368
7070765
3420718
19084670
83975284
37813071
93582803
72068495
18230924
2502268
70830220
37999675
34187651
89521376
10295875
62817688
74062436
50211372
88720940
79369537
81780462
55246778
36644857
61372855
23558931
66193458
65168960
15889826
9403723
28419369
57378274
75374199
74358313
68755666
53084042
38506830
30391151
39479046
52233289
60626894
33860523
29062181
59319042
84453083
60848872
72666972
21647123
95327641
42905637
79294469
80302353
21916868
63972435
59386039
25739371
80196316
92796216
29368751
56976869
78819911
26732201
10649924
55278416
99248474
56081982
83670369
96131711
47626928
54471766
70788001
22874133
29065206
97254256
45850947
37121841
41887220
96831889
78216470
57893338
5899112
15813490
69552579
30184130
53034195
74358850
93384476
5808037
30220968
13301085
70175942
40327633
34854175
34753834
30404060
96343661
4207057
41121043
52623695
83204560
38043927
11144804
9027806
87615361
29918234
52733162
24386467
29566197
18049333
20612586
23161221
44185280
99909332
52424445
3184424
97608007
54101802
89598630
71023123
23116066
55385149
12773530
46048128
94623999
79785672
21026158
44655295
88852724
93470990
10896415
26871152
64630334
77535849
46471657
85149242
94137131
79547809
52238684
22346115
36268265
87044796
18700103
80189902
94344931
97044004
42109040
67065988
95648778
90976335
91241267
66352344
20532286
22209468
82784432
66658680
82801984
59694181
40860512
67952346
77428783
30515585
58299370
90138989
95851688
31771006
55183653
30962216
2080738
49503883
5190706
42555638
54336153
80588573
32874617
45661949
97890526
80135372
35807203
81466887
35932188
12814587
37712151
87578950
2356007
48488950
2468718
30537898
85492744
39973396
1191544
96817988
76526426
21369017
59367124
13429033
23069970
64546674
55779133
96104954
31628095
83363204
14294579
66595740
10971131
67332861
82230946
75706205
45774934
67541049
47999368
30270134
28522837
56374332
55343995
72470155
77694614
50483197
70221853
69925338
74211659
17185681
46797686
31248065
80988748
15262495
80919933
43273059
50442133
39108827
79010487
36780797
62934151
43229375
85653603
10174123
5830584
68390302
64901332
24248630
75775212
14124567
60957029
40420924
51010242
86326782
94482147
31858831
32398898
6927504
92467049
19618875
7572441
39134407
30415960
43831442
40226700
31397498
87801322
20097345
17398094
12772370
22465070
91659238
85791138
25481597
51408012
20246702
58289660
77023100
53174394
68143306
81920681
80689799
87853484
83709501
50885184
85889529
32568312
23475394
86072536
85806915
93869597
69992166
28731836
29414953
74163999
74253884
71397404
32764331
23862305
57149017
53437438
50073285
85288002
42741871
67191519
8516701
88281796
47103595
19332026
72062084
53344735
37197606
60360333
59291861
59033088
43311432
22810002
31823473
25196519
7940716
16099490
1914650
37571153
97430647
13833543
82971076
88739482
5839545
7278177
38358572
87584024
69402307
11471062
76955448
22353677
37083593
37591350
49395881
56975964
74766320
17637258
72418959
47993894
36126460
48193992
80462248
42219394
71257052
21648433
41100241
62808362
19409042
94465805
84881679
14410617
57247449
10489589
53319507
17609566
58284640
81904508
87441357
91837422
69394970
44399626
93090564
37168077
7107281
36592098
50199348
38801764
41566346
67018595
95410499
55213656
79638170
27613749
99323025
81348034
68563420
41132639
54332793
20085136
22984257
30792982
5448369
81731845
63294088
39974166
80925950
87995146
70084377
95028845
51002762
26390783
69351947
65089821
21706094
94251913
33362845
80298122
72207150
10663852
85403075
97413904
10536236
24098285
27651575
54551772
88193270
94210603
47533919
14777192
17681971
12609347
46640763
36445915
62079986
73863019
94222296
91077616
27118071
52516552
74310687
49623066
33436016
18037818
33292864
74022238
94661350
3258209
93119520
84557194
69425118
90171128
74054457
80164646
44817190
4922596
82196316
71077810
29683713
12291558
63688819
67805501
92102283
26494075
59282297
50590269
63169169
51525194
12481396
47236449
97151914
93554666
15117865
88636839
67833679
35135552
8359000
90934878
51737583
35483865
17085552
55912824
89716403
72404350
54733160
48030680
77123902
6933569
69705357
54910333
18079822
93411513
31228225
70796422
74858116
47700108
53452355
78375385
63847597
51140489
88182684
11994170
9514781
88241656
71638259
66238028
83851660
80975777
73650216
39123684
35796518
33602165
27429633
23865460
90387230
69621070
84107725
90328333
85553629
47020274
91879187
22840613
74822113
4274445
32579880
40193184
15926887
89751276
81895464
17871146
24471566
4942363
36326831
11256822
32428079
13930134
25110777
24035797
63642141
46701796
14155505
93070492
70574399
81240808
82872643
68086794
72045595
34079337
55241864
19011309
77024282
67931491
59950553
43601668
48107306
63128795
4886737
18354531
74341923
46210863
40292240
16718538
80278436
24004517
61998893
24034631
32806310
80344591
7542413
69066868
57078594
91218928
9646049
71694542
34909800
8390848
66183121
72688882
19242159
88936874
42413877
8716043
21446011
49147165
83335684
7892374
95677302
80802654
35842121
85290581
56116259
74249864
80816360
49408380
90873713
89219765
57681264
62000198
65753631
82748544
98491335
56003771
67265549
23579227
16490373
42878202
16162224
89438303
56849827
57037253
69081370
36035857
78471092
27322526
27441829
74914596
89170693
64307669
22153290
72200465
39549505
77387433
23166748
74335609
41100889
56388038
44126808
73593509
58838897
79098778
96003926
65096378
61840967
56217004
94686087
35602108
56148496
65313489
96640436
99757166
16023915
72652282
52586338
83127303
82896537
25196564
19256124
5855503
34328076
78315704
34858115
64485064
50906308
46953563
21194271
62950932
34111284
87760536
70551966
68859186
73439443
1815591
30107976
85811808
91551272
21536169
23628080
71419081
68979999
37931242
44963709
66603330
13864535
50753901
87123832
23951209
94119633
21100516
85039646
66732738
35274941
80035578
63093488
85695978
14725610
53589065
61722863
81351586
39609316
66041576
2579779
35362595
21931396
40697811
99780093
3826130
11690576
22556948
59011453
27808765
2594166
28369374
59687381
86703308
65719740
86063622
34211198
80856881
60725853
6247149
30612897
86194770
7846138
87235539
57910733
70605167
38134923
24183375
87526607
51816440
66900441
72709246
86944257
29762183
67378354
23000034
94133181
36181663
36760544
56846581
31786724
30627313
48927739
20648235
60010365
7361879
30473765
24765585
22842800
54305020
39699382
15972561
5456933
32972593
27761962
93081033
69810298
69881762
33862497
52869417
99819865
18036872
87998728
88471260
75645740
52474616
90922063
33773150
86215562
79780139
3045716
30514893
19665497
7003819
61495482
33574797
98842727
14859436
41928279
85498154
25774945
20713203
43469533
61482444
16915333
50876197
43325985
35120550
72596581
40401689
7413876
55562889
51024605
48893671
66241751
92391177
19467670
33122829
39842301
23015911
38239448
96354650
95181895
65368037
91622741
27668206
34414954
43705290
60814490
57377172
6987025
82663164
1514057
28340239
40176690
45916318
3201007
39646681
57350457
84213805
1409360
28576090
57899490
56332639
63219595
77323913
36177892
35975327
29514057
80516414
62362979
3680768
33038903
10992741
75796322
6133512
84098471
1294541
19425890
43349343
42004239
42590980
52639672
67295271
83918903
71248421
15576044
49187767
11776799
40553269
29506774
36221626
50683633
64270990
45609718
16825297
32242550
40312814
67099710
26073352
26428228
55381078
91480265
75539186
75813839
62328757
92322828
61687164
65037681
6994192
94764838
64273229
42073538
43678369
68308420
78904494
14598816
63596826
13058441
97189546
38723848
70026933
70995505
85878852
37416813
44618121
13712435
83818800
90628426
27308402
29083515
38168620
73279734
90530623
2373454
34706801
41164826
62087548
9848958
8990175
43195149
8486429
79339823
50368957
79882581
96792694
29867303
86058286
66516495
75117830
45712227
57185527
61304756
5073771
26633883
8249742
92294162
26883446
16414581
77321125
37354347
90887187
87174664
84961273
72839901
18779191
2732333
8527780
58945933
44792112
16969096
31973357
98772304
53532385
55400466
67800636
54181739
40209709
86884530
34188131
34993082
36771323
64247772
46830687
97849850
73766218
6082089
44487913
97014639
82536764
14790649
74550197
79023767
81187992
49269571
31313517
19558011
8677306
18282797
19391042
94320177
92514598
82134120
55077918
95755605
63185243
9005612
55042337
65030639
34632119
20604213
70549605
11999909
40466654
59157869
97680238
10173186
98191705
53119855
61479521
75004527
27510550
46907200
19947635
72454027
29463538
34073406
48036215
82734364
18769835
79894610
85035411
7776936
60963453
1816633
57485716
60162744
7209555
15906273
51943536
52233912
52829929
70678593
28950353
50982201
5033049
48262651
33669079
10731117
53452423
52403218
10199800
45498385
38368019
66704677
85928109
33369897
9291828
69096010
89472473
51211572
69177049
2961668
10284568
53632595
23617993
58883082
65649337
91325295
51476043
21672990
62722763
23288994
68027630
3934342
49295964
24879692
78198469
55995673
49680955
14728395
73042906
70773740
48953833
11964870
92693671
72690499
35764734
63037114
67852630
39467087
76816153
76403924
40349170
7770917
99970141
48002887
8996729
62845258
91901625
65598687
75224228
19996945
62984942
29953770
98981037
72891230
5276791
29150807
32578982
86911069
82249106
2315026
82142433
71269296
45447943
59799515
29594310
87582105
28834344
30475147
53039301
44441815
81211216
75710750
25005400
53191805
66663372
35564068
37698048
47854332
90694018
85689667
65228152
36469011
29405401
56928459
59683636
83482663
40511669
78495816
31914305
17797295
98457163
14235398
72463663
20711615
38048813
91323874
14920759
16717000
79685897
49394458
34831739
39115185
98024091
68130091
36294600
4735273
33053087
28658174
41069156
75520943
48216839
58868207
63500595
54458648
62721682
77477923
66091626
32084649
87675585
64026501
93970817
42954584
41374125
47676370
53882207
93997229
59636153
51091961
16264524
47692573
8575329
89808600
36005183
28072265
54821000
63685839
9483951
81408478
31749411
36054366
90875387
26947229
50440204
25380516
20959727
47984961
5025685
10429563
42820792
93215092
43984566
19965249
9450718
2881570
75392054
90780124
2297922
74426505
89166761
44229035
55306886
97872684
38457632
87213692
47517867
16568515
71723777
43097564
70805012
42578622
11212182
75557794
96931759
26794003
58342280
53778841
67845818
84624804
53809579
97423295
33223254
90151766
52139526
88884622
63144865
34368418
68625110
62026847
44066290
39343154
23025348
4934918
69208315
9112267
89212029
32400457
59561288
1058516
16868893
80945382
17086499
70923916
1032309
78788932
13675056
20918004
52043483
6999217
15711345
80779503
89890616
31504279
25976961
63323523
95681611
26422217
8647512
50093305
48432735
87935600
6824048
50673065
36313323
44129205
62676731
50234547
79736602
8551398
67441200
55878806
73709428
55012845
20973889
92584829
76303755
13450660
1766365
25829990
87008424
95676053
77581235
1061093
22862950
89746976
7886506
85702871
16286180
24167942
7952299
14953247
44969569
32018483
70534998
49980396
99049824
61228036
12461952
90554690
44910151
60465884
83537961
65194525
32602071
29265876
85193404
77728509
14534290
26022487
21676343
9395263
6668783
76016445
51727022
31264187
82714314
43668946
93946341
39611174
26653719
64984486
99980198
21933872
36012889
33483199
9792046
62474908
56762484
17245813
52317092
31385661
47529467
92354870
60514028
43115317
36059677
24946956
51798449
90914860
35460860
71220030
54445440
60551102
87363740
21650573
90425584
88962759
7719757
67027809
10849888
44419824
92048424
5536076
30221259
46038655
79600914
8337434
52703534
30032886
66421793
91554458
55282596
8058034
12540024
22430602
15303757
26010214
56251366
30033238
31889315
85622677
77833703
89275370
26189507
63814005
92916547
57935976
12367843
17160664
97233466
54458060
57119919
13495528
48807020
16570478
31926353
50192645
96683189
49467057
70751622
7113706
54103372
58745762
82429786
45526241
53541396
75662115
12980481
80910301
14840813
63283477
62084814
87235205
83424805
25519236
79956207
24599124
72586812
25786270
4001355
67142355
20620972
16020739
45002974
95001996
79374495
50384292
60525666
38185335
36946225
89802387
96158299
51111321
84736398
38486694
26239387
80623324
4317332
34239141
50607214
46961130
40758605
23573903
13961545
90645339
25808895
92471249
74565875
45646563
24956376
86609725
43951869
66720995
29150484
82121605
70121631
79354711
1551508
40480886
51909183
41721181
82772608
23914583
36567665
30260229
67193201
92237219
93550089
55788290
93129820
14193542
92467311
59003499
12699962
68813833
14959870
23770244
53644785
68933505
20493317
54892428
16239536
89292847
63791771
4724215
88124183
41644732
2560194
90070533
75240044
78829058
41283872
5813893
93563144
99848010
33277805
37412751
68462955
66287911
27225145
78378561
59263655
33882209
12589502
76764946
14943496
73099708
37368421
5449826
31670833
87540323
76663924
96177583
53036602
79025651
9911165
63039790
31135467
32957919
64261625
77927779
5886278
27891596
42272452
67541624
13837686
97597315
54135321
87528009
77696073
16803179
9361443
63774395
16559751
15360012
88463995
55642239
58016606
10987111
8245771
68642265
92141669
72568145
67231482
5877075
49773003
74081296
64587508
1740516
5832215
37547672
17546538
53842224
11694052
90499945
26231953
69776816
58545956
31622926
5855475
60397649
71109221
98572077
49355108
9859262
77748217
76093990
23073362
19393586
84115623
21054370
84954874
2851470
60996765
54289664
32090206
67193736
11802140
20846773
44079528
77789652
9419414
25446370
35073967
57759298
96972615
15294896
38447803
68478484
70934678
62681264
40327557
80373426
85510759
54758408
83725910
15552545
74151829
89110851
48346688
55545401
97146201
58350494
50240520
69415730
69885408
10148176
50531401
97650694
64430120
57930938
83636343
64672717
99251214
59416022
8079230
59538306
39128078
4020582
72376576
63434148
74264424
13390143
49867596
45936370
99701744
38915034
2175232
51397280
63674926
35690934
4429476
15225861
35309611
4917005
59323927
1912682
39147602
13990528
68551579
89306867
27328132
23680994
23822395
33482381
58224214
85490368
19040380
84929100
76971552
30487339
56239647
97022055
65456221
13421245
79036740
29854275
78573446
63762483
23776623
52893642
52485777
82540966
20150925
78534393
10417881
88084934
19037977
3064926
75188299
8139371
98685636
30310228
47405441
54575260
47386291
24378061
73893392
37897668
53234684
31611012
75818745
13812667
60694038
77668618
62950024
32703777
56529797
30790504
37406575
48316947
35846359
93282665
43899815
38959063
15060193
98443106
77266441
1272445
68501718
93191211
53306720
65078509
15692650
77218323
49490611
14221499
5491078
19115125
89878718
84941793
78531963
86984457
84532086
63139969
66926391
90688522
7138956
33758253
39235860
15410002
76561242
21927120
40648634
99661381
90982473
41255116
96014591
26185989
80192593
74579355
29024244
30433348
16009932
38281811
80454619
61212393
85798010
14143243
28637516
25995220
18659738
21109649
82669820
27364264
66863941
2504854
83997927
34230043
51469268
66833053
5858502
2115356
6984300
48951706
15765014
55846246
36875411
80648868
51333810
46654694
6439024
52291147
55609071
72275539
83314111
80533415
90708301
1754367
19455877
56699198
54066587
45283883
57768690
88023546
74460126
40071134
33304367
77736492
77376827
17011879
41415808
54606263
80839988
14219374
46414749
87450204
64244278
48609517
64239625
90375635
62905429
93896453
65207699
96439750
28692863
19429153
16152406
28668087
52904986
6666840
97290681
51337582
11356974
8888383
16994006
17531700
57164471
29478407
62563339
63928062
58512128
44215930
52613199
53488950
53636237
18391262
7168383
16298376
44553963
32753683
83064001
27562725
74420323
44285897
43861062
46785602
95575565
65550288
97795916
34314700
65081634
53526093
34741248
43446138
56164330
84321584
86781619
58091944
17722552
33183700
12000511
39803096
49871897
21833781
85069260
67787747
86746136
93769222
4245471
1533255
25393397
67994094
24696304
80698895
43286221
2021142
9042956
85728742
90350671
65498747
52737474
30303449
21445875
48273007
18586933
75739283
2612491
29295514
96915937
82112155
78106881
87620703
84549307
14443020
94575010
81942498
81871584
99283126
52331111
77688508
13040750
42684303
56038888
81974596
53873282
75577578
78631754
84698887
95217893
56267770
95043119
14853126
59291829
49540562
10560199
82384329
70517763
69856232
60525051
29312731
5050526
80557153
77868450
71232241
74943639
89808652
90611705
76398381
63219216
98395444
19150143
25366296
2319397
87195680
17678045
35608895
90991543
64425981
89008635
20655138
84511270
16815827
89722567
44168270
41911515
48862045
85004342
85848113
58514934
10447604
89725158
81370227
43812658
33156705
73437039
1855426
25198193
34261293
69731357
3521613
48764400
44318663
2404324
58272086
51859597
77658534
67076754
40631970
5279877
11381740
20438913
17588541
80054008
38753978
1437995
93102641
72522636
66407472
75825189
44786928
88202301
76435548
95686627
77459014
41114038
88401131
33149597
97331643
77397179
71161028
7287583
13654469
52866716
97991608
23467405
87893639
22388443
22602048
71100531
85407799
27880423
92638241
32057203
35473764
88857300
96308772
34214405
53593559
95543103
66675160
24329488
91437487
53743135
81249368
41228482
21170799
87393205
9240104
59831434
76402488
64867332
5038594
45720877
67686109
75541271
71098659
75844545
58699253
79356220
48708071
50854916
81537029
89092697
64503124
97700713
30553953
78113929
72728556
54360269
42785899
24940229
35414393
53479188
42054042
85207591
8018898
15621228
33679172
51060140
31576356
45969958
77226848
40415484
85207579
32356198
55922506
44061460
54743052
9687272
55815166
19402999
23571226
80997571
72322905
41122582
27042024
47981928
24688876
94286238
81609179
87620682
4643185
10359112
19636575
70228806
12748156
59059014
28728582
24915308
30156457
98550218
45936459
69265654
95030155
6133863
31691655
22449966
4411330
50386893
35000151
24426699
63997011
44592587
80712051
93124167
44897345
80484930
22903426
6835095
75389242
63610429
83613720
52392726
67610500
77278017
82943451
7919076
39692740
93969242
1048081
88013107
50330128
36206527
85312538
19663185
27094876
18752200
10023933
31491572
20353865
2845766
46434263
87858976
86590518
13448769
13234049
46027601
9175695
94540443
48891401
35444489
96474848
96326726
66332462
35421228
11903049
39057178
16934766
84333679
62478014
7146010
96815874
70943418
35876486
29039029
84570397
39712315
45781171
3140305
53865544
45038571
58132805
73047592
82512711
11263136
33559554
24957178
48850454
7789710
49475086
42964996
75312448
85805880
31852007
48468372
61399187
30747954
94127270
75337066
64690611
35831823
94340681
29553438
29691305
39803175
38314941
43705559
76566110
73491988
6234251
91832129
68480232
77012834
43267342
78849448
23660980
98623744
25037543
13862920
90667327
24275338
21024856
58874427
37777503
7832672
31953766
55093892
91415569
77632098
48416309
72811690
82102650
71848428
9291243
5795422
43141105
42001577
86118861
63088733
50463198
41869074
40333822
98456965
20970580
9807239
85690526
6691182
3436737
11425344
10041137
83691281
78760309
47614961
43554365
18971879
26908879
91537758
37719609
33843945
21312550
96687341
90244369
96913712
31756588
3476202
53277685
52779009
58692956
1277448
57165716
6231461
32351783
99466481
69165508
55108095
75483615
17030366
21829237
77394355
48850973
97145981
42010989
28984918
12144725
66634984
72010542
11283163
99118363
59560451
84158330
57487729
99017543
84006591
32418148
58073847
20720293
51693500
82725378
54582514
83071020
61246357
41975072
76105930
57120183
95947172
81739523
98358916
17010674
61517205
80416856
56047266
19919269
9506569
69135327
45573036
87671408
31631755
25599362
47682069
37883967
78316429
11932660
42049132
87327625
55463241
99621801
56210905
51187122
41533950
73843822
23041854
90732795
78476409
99968601
39415297
13188636
49047470
16684794
44992547
82298930
93684458
80331378
34440876
53400884
41013683
75732332
18180137
85548918
37697706
57730678
37930077
99526553
11326876
56646229
17639369
52828540
28432787
1900642
47101595
25537373
65948891
32740628
63400576
41487551
27791088
13845058
45353408
38893642
87451621
82138330
83344440
28915029
74020183
51849158
69849921
70156874
22087511
40869435
97761022
38959597
15712597
34829702
92398696
63073089
76666901
1459921
56304923
48312590
50081133
29980302
76505849
49074653
61772096
33985382
95260244
41583447
29556826
72972238
87930586
39300846
34175929
57745092
99314605
85013621
78497212
39818083
54038264
96186684
9567373
37869942
51699144
55175940
51147451
29660121
75407648
69818338
92757271
73752014
43461334
90553300
39639248
43838490
32680090
92900121
23109071
97426809
93671832
84885174
57728012
11099562
7006977
96559037
65865241
1879886
39023478
17790066
62926341
48859055
71160419
94500857
24863005
73418045
21836893
77316239
77199674
9071508
28320216
26895557
39578285
98973343
75878966
58934841
6137055
39690499
61718374
3331017
86636797
6813710
56247437
28036200
86522062
20769792
71198662
54280997
75923640
38694371
27582107
69536031
61609562
86683879
29772127
27451814
72228184
36517908
81779880
5193923
14366935
13460799
30093651
1145014
69563071
95796023
3038539
27717420
34097007
33135097
1883083
33099193
2428520
31259915
19776924
22066377
5114761
53491109
17020510
36301292
54909113
66982397
59611234
33296894
70233784
52173167
62462497
45530165
45569426
94721355
16197506
65668425
2075833
56357621
3478497
69380793
58799597
7204190
40720781
46323389
28222375
70469742
15799919
26432651
17496491
92080741
52785263
39896536
58841340
18683396
45124088
62743780
99757131
87553702
16448560
54797796
45426039
80655733
98956751
6263504
65807111
99502576
79243471
81889935
34193918
69176208
81797481
45434232
51400411
43388161
17240394
98529049
57425154
2484806
41917307
69053666
75624590
71505226
84995122
41719931
85712893
42341660
86185211
80327449
70827326
48760184
75261087
76644560
40479905
89905042
44396438
34998759
74917507
55775133
31185424
91029875
1967235
52149764
90974234
89733711
19130600
49116141
42711360
8870930
61444399
61599404
25498592
80906978
61391254
46866994
86422209
55646316
56196175
50537221
56705884
4515303
33666843
49101565
39945007
27352238
46891949
97809750
77744366
26530493
39406089
61404388
93108846
84676411
97236204
37509106
63111434
77239058
96017810
96735755
49040475
82311306
28966355
51033016
33187069
91459923
55942893
94108717
25306558
72506139
61476485
84468595
18674763
60214979
25994261
95485073
96102082
62668923
50377376
40760899
5760105
57042288
94923030
89511579
53638069
30628059
59080250
45155851
38764639
15482816
68756390
30300115
4028802
82206246
22323741
30617142
7974583
64565930
37796833
23074492
59760411
87353202
79696103
85835067
34386043
58062933
52776161
30173380
62819794
3729043
57680829
42205304
91019133
49099528
31767888
47415681
36633690
76375863
7934475
18224066
41333070
88342036
25362626
40916413
28834049
30729239
20513782
39105758
21345947
34249322
88423602
72540643
65498855
80069882
47298650
31013946
45169653
51072917
84048708
96382503
49176544
31115186
88052783
36966050
81324939
68117794
77852203
40190912
29368021
86970320
60559389
72202319
92634534
3581654
74614093
43794586
91412360
45986964
80054325
42740565
1855518
16529085
44454184
16810490
8797198
79180905
91125281
80292702
40476043
83608337
21069477
36601714
87850560
46229652
74394067
17426130
58743484
66493318
7691727
59084646
64346661
82390529
2714628
49096995
44380368
38218004
44060725
46477074
23357312
55102065
54208058
2619008
27072203
46611564
15441747
47149767
79468499
19804171
35494413
15821283
44088814
69590941
4530937
91203728
76837604
11695184
39161176
43112008
75808681
67136495
10300083
70878445
28138134
18699009
73597163
17793653
25172716
66801689
21706267
31713000
53854275
89444190
4027354
95617395
50194231
51337360
17724805
18316304
46553435
84506719
47777547
33667418
3295178
17079259
58160396
82687429
15206848
98723008
30547608
86373264
81823263
62429447
48572077
61425348
96157797
12684591
5458748
89139934
90393739
97695814
41121934
31994285
17730332
79680965
70256564
8110400
20026237
29016629
91942935
84859538
29977262
96401499
40702280
45706831
44760571
15717291
6550842
71871064
14794951
1001719
84389767
25543388
91751197
18678851
56987786
84364613
21878295
67335681
59332770
94849398
17657664
40071862
77032642
45911577
95034458
97123594
36669846
26969430
8142818
76233413
31272310
82432759
78891014
6794943
49699505
4263191
15607244
39544486
82674429
68622409
38960584
8975571
63584604
18717507
31501445
92032112
7087220
16715493
98907919
95617117
28868736
2147964
42466306
75132498
75018921
22194000
30616423
13202640
52838829
30214933
64178761
75491779
23066731
60292122
6755902
83385658
76602745
35853196
70261222
80857072
58113425
92959005
44247037
27316580
88709288
53632170
4837328
49055274
17373829
1764358
19086050
38763228
20393978
75705979
22884683
59158194
81084037
79893729
11925341
9654007
26309977
25386699
3304033
84414059
95671772
12893613
76495798
59026865
26276754
69682564
98618007
40631588
72718142
96885394
53591101
59086875
76974324
35194678
87609129
42913462
36197817
97549702
91544614
23846401
52949693
22838867
48791980
67899814
2561838
72658609
11821262
40946545
57736775
36800753
54428327
15126507
3354965
43306399
94717069
91887001
8542051
55377686
17501290
84704564
57052609
30652647
13779144
11232928
29066107
38255782
20334536
34033228
82223511
84045426
77809231
78247333
1570283
91745898
4133183
46632338
64084323
45769932
7894711
45568082
68506280
11388442
95987513
3128944
84714439
4470680
53247234
99926697
38896852
66844086
42749716
46017655
22563348
70922647
41022466
70392490
4481589
69272244
93700491
92290559
13887219
95477813
88682629
18907023
35067469
82783503
72050761
23374724
14446130
28697375
59193337
40245438
10396035
69410576
48316570
84495571
51970030
49754802
24246518
77741125
77881563
18309232
24641135
39783454
72263336
13504204
22114647
44753272
48818022
73870148
3620583
80906960
37042774
84255460
35958028
29152248
57454419
82072209
8772031
84415654
6238482
8199227
55015537
37051597
85422331
95638178
40528562
78559192
98217826
24930935
15509743
87264846
49719941
77992856
86279218
58349782
7759153
11558345
91852848
45557098
81335316
52508099
14493822
15979959
72842609
88830303
97684765
41641902
91116867
61919486
32788061
97970639
79299808
81794685
30645031
8493688
43098452
94537255
73595956
89069795
2493443
71881991
70996670
78930649
5014964
61210367
63306986
1603119
15731610
31194083
93138428
76156891
1813030
50271293
39046968
98480581
85447779
97352819
81257153
29704501
85982903
92442081
59629688
69459573
79319234
37498517
84919007
87303809
96493844
54149270
97623952
22180570
66678568
23376351
58282923
17394742
35605391
47384311
22823356
12714420
34934924
10816736
32170426
68344140
10905716
11151286
96283949
25790281
35212898
91951920
40692559
63793291
3560746
11398467
67137002
81940722
67314706
37979774
12004775
62872928
23176036
37932152
74250457
87936236
89387808
23006468
78935297
15495545
60573567
63179851
78749698
65101218
22624006
19545439
52450030
57957969
74238713
53271540
81063023
55503677
70181858
35221832
43745931
75275077
75791781
20445817
51578096
96555203
30255960
24211917
42931256
96648845
74212771
15479183
83862950
50388314
65049742
76447655
76211174
24083106
30194901
59762210
98108805
14329274
42022218
76082857
14111763
73765567
62781561
3759571
87440352
72613817
72874967
12229814
22943113
1399647
77194846
57278704
27608614
40620684
82448716
81544615
58684982
8587013
71082124
65398392
36099580
42395335
15150298
83583977
68619994
47377105
11530308
78085049
28818195
48851186
30378082
45412757
15716271
70499257
50374963
93458143
29066857
91634468
52542005
16869394
99650369
39362935
9828540
74137315
57666154
26513324
28747900
38290042
78838104
27890839
72594126
75703044
27145312
19532926
98137191
14767644
68758644
3601333
11725052
99774888
88469588
56859965
45038620
64132969
93585313
51083714
30980446
43503542
15000028
30834696
91707725
6651233
98926365
85756866
87539357
33496627
81763775
8043766
73719135
92707663
88762551
75338036
30086586
55424713
32911359
70304566
27035050
28517759
33123448
73530805
59297363
71075708
75909983
3487560
11023749
60038225
35131029
21219604
14245514
85189898
13002217
94787838
4751627
34899538
71708097
39973796
33342985
83223906
26859104
64454265
15460384
53069310
84810665
45906431
24631554
64168180
35520719
25882609
19853291
11654051
33397934
25765076
36444685
84965804
65975341
88205441
69372293
6840482
57493213
69685853
86992552
99383924
70429860
32568888
47114127
82860140
81386911
82426576
76847001
34758507
16559193
37625567
49232453
15380135
85959361
96376851
76896230
40838949
40651268
70505854
64860334
97867653
51246248
69540179
44947889
62405769
66360349
11932380
82985161
18626482
72362072
88125050
6998148
93640384
44334529
14386308
78391298
55122745
75263899
23304258
67002211
55967020
45413099
52347600
63938368
65625248
68034507
39411030
11998244
91673889
98749761
15847037
51061458
16221420
42782700
70502372
60637148
1063347
17983667
33188334
1848544
80325188
49550781
92150799
97188911
50541974
92829426
4122807
18210979
76413603
82341666
85718672
96265334
75006411
23124630
23205843
40316172
33013184
8339933
90034065
47406872
69870159
78313029
54911957
92699692
79805649
6764171
18349527
78220595
24378588
38685897
70383679
79886701
4439683
60770613
78638065
54822497
37397699
19690527
60747042
3602100
14034325
89556962
64161990
8672863
33037845
27796939
8649375
43028967
43051854
14657630
64438940
15895063
25401308
72297121
51263250
38067411
40103057
37645260
4577998
62060465
63358373
20721606
11444187
18440711
43851351
74285162
34319785
43766182
53766916
33640989
64947879
51409190
20747740
98802139
54433341
64659047
18767847
46890205
51820010
25138162
43893828
4345259
91188232
6031520
62103953
87452633
28145735
83938826
42069120
42428681
89168920
80377470
72534425
44322368
35553309
76584825
9322386
50948135
2617882
18786028
68567113
38354190
98571571
93917657
34833841
10986217
8275360
53374315
55969473
3166101
75454926
75113590
44396460
20689550
77672917
93080404
88708922
50514970
49767210
96184435
73215442
79557325
95182906
11627860
87203347
14912058
85775116
67330856
75736523
27135060
3984048
77960555
7156582
25554579
24865111
84763101
2931020
70847929
2509997
98863502
14211467
82775236
33357585
37412409
27978123
14979115
5255210
48724510
37915724
47918287
50987465
2888397
63859676
70103799
39927065
26955532
27710383
91057886
15150715
96496572
3675876
78779929
64933370
24533044
76059752
33049666
18018530
77852440
63308201
53342078
25691931
49244780
73813056
2180460
73656683
11884833
95120897
13847069
26454525
24092208
49984160
60758782
42497063
68175674
83327892
73692329
5207501
45920578
90742627
19332573
92326982
59406492
13393534
25317897
45867194
36037177
67157914
43639666
76236139
10417439
22768688
21655587
1366660
57785481
76672482
66396979
71224881
23388991
68036544
18977439
23090253
57982166
71369149
74112007
76096315
66753056
18720441
4720978
3552411
40804798
1747788
23281662
85912398
75375015
35138736
37422375
79333869
76149917
34310085
81820063
20737253
90879873
42229537
31427708
64963319
19557799
13000911
68551798
13839134
41089980
39083422
86506042
68929466
95040148
74839145
89845325
64072051
13883343
33269379
74947597
16945376
49667669
92970769
55692722
24448521
99897285
14968248
65712567
52751058
52312809
61487001
47444702
35643671
32410688
9463840
61348880
50852442
55765879
83830240
65313904
92376014
44125162
45785234
60486653
80054947
86667967
16826715
44591100
31417590
48492011
98000320
95756241
38595612
74095837
31509066
42076923
80902946
7611702
51681217
33979923
83716139
29225068
33057636
4701379
59538430
22105160
13789295
68431169
29527309
4822635
78117229
57272105
54807342
9996205
41733773
49745597
7285278
91436492
2697261
59356308
54282767
81129300
45911805
49168777
10285932
58980914
99936932
79828767
38527790
69271437
40360367
17295045
25785735
16408617
48933794
62703710
49764118
79579748
59822354
51107797
87408615
54539236
16073503
31404859
43161515
27796989
48340164
45194976
28426961
71006836
13082741
54904621
78870868
28781427
30284414
75183068
15127332
40012793
31120160
16367206
16612328
55710552
92950841
52344634
79588317
60421093
36081403
43651262
96646078
65640171
41760571
67538906
14696146
66188434
82835046
47896209
93310467
70668732
30865414
31771293
57027645
2502739
11811559
25653230
96428187
46990117
20750731
87725090
61877685
16350100
75393087
10062337
12148735
41725567
9576042
89739315
22477181
78238816
36577493
96059215
22416480
12393667
86433183
63904068
72507880
94847965
54934243
12579039
46794242
65445142
37074735
7574488
16629717
2396714
6512688
89661686
55745234
46576077
64141187
11075914
18796189
98595515
22220150
10806725
83906657
46108870
42829870
5169929
2861897
30365770
38644016
34214400
28858061
53143474
67732159
40860627
46101606
63513880
53315144
92519450
10673140
77742349
79086128
27713505
43308838
24955901
25949131
39815445
69879859
83152257
92855871
57432834
63934861
78164949
37674940
8944739
1228777
51510239
85151862
86088064
69918803
44977577
68689710
82418433
42337042
74743336
79013199
53155153
28968476
2292393
28025556
96751499
60551687
49170294
57209515
19832019
9372627
45987429
9006799
73183086
52092227
39708782
41636661
49445862
78764009
83350471
8934893
80728638
44057472
11280868
61795205
48812967
77546173
46593020
17078683
30000271
28654886
19714536
43656717
85591791
67485090
74365970
63641806
87764583
6755850
7336062
87140569
39278281
63430556
99149441
14460503
52662911
74501291
9555834
20138763
53055260
26592442
77031153
40055668
63723066
42852235
95725574
55481579
70469220
49130706
52628457
61760911
22216787
31888033
23646188
73146753
73448052
81856710
65727309
4794919
40396991
43249082
83982639
70369979
61643043
7047001
6684674
77424413
51817189
71572347
81435675
45266958
21782414
72476634
53868063
62756605
91248916
52523551
4297033
56424200
44867402
92877854
33012176
6514517
34389667
48564119
4212968
13577849
22940254
78994483
72454698
43173029
97075847
15299902
39315358
88718192
42875901
21566714
98566455
30002750
62496658
37588558
84631192
13714017
23162259
36252456
2531851
30308175
97378353
43207049
79530479
17251991
65244032
61124940
33503923
85837233
4656148
11816163
90827101
5283258
38120352
52954268
9801348
47300153
61800949
46613325
2627843
51965199
55504491
99845123
10922100
10750982
82235816
2619282
61497532
49837657
21290296
80251364
97214209
82841166
55650646
34937936
96463278
40616308
54214743
44262584
7682041
79767581
44063727
24919300
69984000
48010242
87472560
53792326
34943304
47721777
3039777
85134522
1433568
61493541
19116310
79325523
50622597
13483151
62188512
45683119
40838412
11037873
87885419
25483502
66497832
75721389
82623012
16782006
96038202
31583981
24845572
94783184
79114222
18882105
12753994
95871958
98759994
31925555
93632895
57353333
5571262
87293671
64629549
39681324
76285046
10241303
12623848
9043444
25605637
26870842
53394745
34747561
78653437
91772125
25063891
51665959
88762193
12046334
57066579
40164519
91427452
10891992
31169758
99780078
54665475
32540290
22692644
93619631
39051680
85742071
3628259
91602533
46423538
54120456
49080497
99279043
13501936
16777093
59491828
34419924
38502217
27533487
32976818
21924729
2324253
76561171
89288843
33305980
33875932
56555881
87819825
59359146
2544367
30049516
84994152
8872627
41942304
19889957
55176134
29814496
40560610
56001002
66654326
25078499
7075812
87724710
61367077
60559166
13425998
7040408
62549665
83516693
73742647
50561916
66330714
34247066
77545794
56553377
81933013
55846106
35309456
48606463
8766400
21453490
10744418
2810650
12500355
90620337
17547053
65618727
33726794
37824820
51473591
66286663
74950564
53549716
34400092
20215881
69572545
96362396
35395344
84808736
32172684
67114356
33361990
83814471
3893112
56373979
93614454
86825122
71552793
11454583
6268331
48514589
30235647
83625884
57954864
70390822
38715600
29189768
27919846
18024607
96492877
89071960
86908712
94562426
80509588
51194734
99575681
3875763
95160271
31385133
87399585
29123529
35349837
97081301
59298868
28093871
48300424
66381186
69307698
96179502
82610129
93036373
86666061
28106171
41444980
40471648
59610345
79725404
62560148
41525228
7888748
77072663
93888008
73608482
4210254
30205509
23677474
18275169
57530478
24307937
89848186
18560380
38517626
74137272
15872657
29748999
94276493
89653628
27811107
7124036
68357445
27055995
43056843
28251967
62370701
86016442
87673378
11124520
24405865
94160515
11429541
34634271
64404707
99752846
77391305
44604044
47064501
65700988
65081747
62466197
8319734
23132946
11548996
56051185
98840764
43901431
57930812
38038199
87110522
96718006
7896790
9284445
25231756
94291245
44949631
73291321
36668904
73107107
63218123
89761771
76927888
73995214
56561368
62934040
70146923
27489321
8214043
96279917
77838423
74236815
9666885
99489772
70582813
49564479
74713727
16803860
20424042
13316883
68186706
28284840
32108576
86090337
77477139
7975490
53629216
68912467
5355877
84892711
28268595
23736732
92204210
20140471
26934477
86310847
80844973
1989602
14857208
65655678
13736427
43937783
24653392
76640981
30546719
25299479
20427623
82714325
77546900
45681949
40856019
10904462
3235930
5386869
52022423
7832684
65643532
51963142
61020252
13536235
62729828
82951459
38671359
84079266
35692812
85500167
64653632
79358786
85894304
28138427
87340860
93868725
91918096
90637321
36127690
93430356
50503255
25037246
20180962
92379847
32838897
12362349
36642217
55772759
2483297
63323653
82949379
5337861
37713107
58534690
32991212
32741642
63136595
94974529
22055109
79387945
32752562
77479296
26388247
59871566
94558970
10308454
7927745
56611316
1792922
9680660
60531125
94952807
11404911
71306791
82847377
67783037
73380738
85992744
12550892
84977217
30708589
64378157
99786103
75766806
28633419
63826742
30698155
47729087
94360945
50059581
77438785
37587068
1303967
63550747
20303499
1505323
4636365
31888745
51377301
82292164
17930288
16145841
98871691
65498950
89465094
73467501
24565531
35512531
86930158
62931018
94838002
28597987
52096781
41003828
9817714
95392264
39443359
86827130
71982349
41631518
77707066
63595997
53802473
5046774
73752909
17249640
59988733
54387786
24908508
1528510
92513353
65473277
46083119
17604735
36989337
17207248
60020967
11110266
30443030
49028138
31942890
24809532
9969290
99777107
36463944
97872725
11082104
95104364
97717631
23285801
35228999
36584293
66667432
67022493
1350121
29353510
41532147
23999484
1853443
21125892
81224215
21100352
34897883
97161966
77512095
83752921
54386106
12305531
89981905
20400177
94030664
67799675
31146260
40633356
87318371
73041570
2617161
60070539
81880152
66910607
61932755
31716367
50776115
34231285
13395207
21290134
94589907
27239147
37236405
18570575
87298675
94257409
39075982
93961626
8212943
20782362
82604112
77106676
34155756
1320297
82949943
10183050
29548951
68798586
3513975
11752085
43995064
90510475
99020545
90545949
44313807
34978128
37272606
18169329
86640124
8933783
30452097
19875909
65136600
57449804
47142795
71483694
21658282
72326555
89107573
51933344
24172360
40860132
73158906
43775578
49093332
43517416
1163320
33408021
89236603
64243992
42030464
23631178
24179081
42379402
46443494
43232428
42761571
47057079
43327804
28170755
9565039
21873408
88630936
31789316
9274786
24213503
88719281
92276289
49549263
10257820
27261655
54763791
99680812
27844420
3366359
72140202
77234239
40735347
77388722
33134499
38728995
94241968
67271902
88000909
98244786
19441337
87974319
81603663
8269002
74958035
45486815
21120397
43500640
83987403
75772912
66844057
84218168
86433418
55918815
94183045
81471510
38011777
65396773
59816097
72875171
58531650
70779796
79499204
56693322
76879403
61881134
3890618
34214313
17957931
7432471
71034788
44577987
54428804
57612273
66843406
67998623
8695901
97306465
52377589
85160530
64159714
39511038
87750606
17718321
78472770
95724978
97645924
12081242
68814746
52917348
69908269
2924067
94273094
5865345
7730100
71596891
70584038
53187317
19798116
4526871
87121010
73821300
80386337
1335931
38696380
35356030
31959783
34774232
73917370
26771445
21986825
87822648
21189385
32830825
53580248
82004091
41509158
95828459
43899237
4925299
17821183
96800189
65608924
26148160
42489961
31350241
56634578
7027778
20701997
80414690
88712044
80489430
63398020
69528679
76092889
11827452
41452688
30559097
32982713
13376707
71575337
98348096
88580095
5398642
49811267
33339710
73802759
19191716
19764521
41223252
80266698
54109242
79478548
56230751
41298741
32146973
11813191
74445578
64073156
29402732
84039618
7591462
89253678
8990087
21459864
87059350
11198611
20854780
84287819
77873676
68775225
3995732
72301748
22562733
25593698
16776503
94156170
63848019
90284040
73818717
70448564
77598034
8030980
99307829
44961170
45018405
3224853
33359235
33855223
78651004
21007495
59721485
53737498
70303233
32513411
9715390
70858506
25506380
32494886
88608049
63819939
93038467
8286511
7671951
36055025
62467968
34679482
10933162
64399194
67797188
64648690
89757608
95096884
91286594
69814459
45433860
81512549
42141659
89958647
31494661
37038240
93610284
88134009
8005595
1487458
91693806
8965983
35854031
80201377
26896511
8962995
96251757
7023228
39881613
59855046
59512422
27233367
38914922
22490811
40059412
82888934
11516885
68298110
87976182
16771067
16321504
82571017
49908560
85925112
40810741
10107913
65665315
12049541
44120083
10251616
43536171
86052702
31855421
43098596
40099552
7090933
15583526
12263580
48268697
17438120
67490000
27622443
57565881
59845762
1480252
69071570
89045283
54902210
86046290
27628505
74869622
5055486
72444040
44177953
74480372
18904647
52803897
58292373
57678684
50002282
67844978
74606539
68779876
62201525
99363735
45061839
17249885
69074563
60933843
22479301
43118526
41992906
14480066
71254719
31447370
27358611
59216224
99858843
87515608
73518878
70396512
97883567
16138244
22711671
43585938
58461543
66795469
86875498
72177481
54498356
55269670
87582666
39785063
33700164
3390955
10447266
80271970
53188517
39603357
3805427
1636367
82566356
87440648
11507218
65511019
82177774
58383738
53062049
95976217
9712818
18735152
39628428
31043682
70149986
71247135
62597620
4359669
24717413
5332037
3755567
44523905
61689154
94808806
8719596
35221429
10857915
43081673
88277427
61994734
72695499
86180585
13768056
77294262
8289837
40082380
92561479
44907443
93105733
67101800
3152777
34335077
30809892
54027964
28100199
76553053
34562538
36537068
2316418
40250815
19608968
45882847
60474003
68869962
44943034
53605153
87656204
18326680
86084254
15521959
96397128
22389224
26347882
11454564
63072607
92067907
75430069
86122155
85675421
51435717
58911293
72728260
15703630
94933713
56070859
41244700
61490823
55444750
77445500
3537860
12959344
20707497
11499382
74504388
52031192
30853317
73950067
38529303
59067199
48609704
18157804
90405776
62527558
8405555
68708729
48899746
80658125
28950252
18050137
12601114
48440481
32319791
93947836
98949825
73362428
26681052
95291672
77739034
88570396
7580314
9324744
32518504
58341951
20942475
19705445
42541587
29410111
96281950
13860432
19240584
3883200
23263519
46425921
67706338
27171765
69403654
53195024
75492569
53372757
18161528
91375818
25537770
4282417
89877927
70418842
69369910
53746457
67627238
84892267
44733280
4842931
75347332
39426877
53381189
18371135
35171705
42774038
89659150
56908079
20881167
39507560
6122083
1604830
53473415
67250336
98985134
45413768
95143146
77655032
94548420
68287452
61907663
57082933
10740821
83284109
13829384
38887451
50534297
71944171
72911535
20340820
34285643
48817398
21197542
51290428
2948685
63899883
14214012
6756572
40559987
66102952
13216002
13771972
26531349
46197885
87489657
14515481
69596953
78963440
94860982
15136256
80803327
13038546
23139179
46688027
56035846
12501873
95851230
8015667
66168772
83475918
12069482
5080876
15777516
27235581
3640420
28780623
12288708
28746830
69837580
83211761
27096704
44333973
64203230
36830928
82429028
88560288
58360126
7125616
51520979
11092566
74319624
77148053
73728412
45784947
89796094
78523605
4937982
81412712
14987000
43041441
61663371
46711362
6421277
59357496
90768561
67990891
39988776
56945134
85630853
40918315
40440510
80540404
5698100
12589584
32848350
38082828
36748857
66586559
42458270
9399605
54302803
16627831
37316062
94188424
74983230
98273424
81215566
5537699
23331686
15831824
24178790
62778952
72530096
89191001
79512269
12315716
48361614
7137902
90879011
23170062
5540008
41139833
62046229
67134977
11712531
61281158
76523759
74442015
2008892
26060316
14828607
87080583
10977662
7392572
31809491
32582838
25006326
48596989
55242873
8515489
3751116
19172179
62369217
5858643
6551678
3484315
18848760
34788766
60570248
25592511
38734650
85191648
66772116
95619441
89714356
27873227
91621585
52620304
48108820
57098189
60297869
75791133
91682073
87073483
88426129
15655819
40544004
44524062
13001001
46281433
26082662
46001011
40602241
98938551
41372615
27636242
72419682
85852689
3896009
88248817
73566281
18674975
72951058
7874180
73368703
11191859
11135728
91380672
6523434
41585819
74347711
85877538
92415977
45625324
95611235
19455382
60875493
11460393
8029805
31278925
87588303
63152942
21734409
77261281
32447316
94207642
35170336
94663891
42010850
2887426
33740530
88343500
84677999
67033355
44687004
55058357
92475163
47658259
48505956
89583446
23169843
35565781
57886237
13832595
21196347
3044145
64750226
86602172
35515363
40536524
24144749
91097366
84840571
79351667
49524400
79201784
78490061
66726827
44071668
57758105
59561147
66853703
77880573
36216154
95227842
19601889
90931515
11440597
60408972
41848464
23176601
37825912
67905433
54620734
37617523
4838109
27613384
98392669
72014544
32405971
12280502
41542726
72692286
11898114
24371251
3757482
60492810
94678799
81477010
87467395
71915240
78332758
21023011
63378657
26454570
55463887
82623066
95631635
69481893
8297922
68200927
95865597
38045672
43370361
66853748
76102594
88869701
1846655
52850307
55030401
44682074
10497107
3665650
66100931
64460041
51546361
65121919
53177598
47813873
12054886
60276980
30449036
75004996
53237599
72288656
24051779
14294532
72589823
50246356
3489136
70056018
75944002
53216700
32460176
89997267
68532395
40256427
20942979
28121641
30044773
72877693
54345335
19463790
33204690
96352677
35384961
98817243
67261503
81800384
36576039
84326714
54926587
86060792
87678024
10098014
60406599
58000239
27298956
95876310
70574913
74988721
1267281
12780232
38268370
35700699
22202309
16098460
40872305
35984361
40570776
69030154
63909358
15794911
94038009
61492250
88675415
98528377
9013280
99679560
84761208
30639777
2409517
28572919
74529379
27533573
78534418
27682216
78004521
17895236
71424036
35331689
34171752
63123502
93729798
59267039
1848348
36739661
87667612
76844754
22746837
29404304
54442616
17844526
6925174
42601948
43511302
32919600
54790304
78943580
28104649
43154861
92258191
48460243
30639899
87683830
18120039
37091653
12778182
59140124
35178213
9398481
63996637
16995426
93912319
42521961
5406779
30297044
98592908
73738908
61273584
8931078
68419651
55786233
84896342
70769671
16991783
40052989
59464624
37733219
65579073
76376863
5997934
10723162
65464223
67995559
96588542
26182440
39321128
76123884
59330620
81628161
66312785
19327286
95771568
56389364
97567858
13703600
93426238
43291222
21462458
54394809
81724691
94615049
70850922
75016535
96436903
42089533
51519345
28796131
18195996
74185952
87222549
60230702
18085290
6726083
34505860
35756094
37014397
43603807
84167483
22170070
67207118
33891514
97301749
8688934
92834581
65799830
79322430
2888836
96110282
12867982
2949703
31367792
84512526
8557491
46955793
6887462
76710268
88905607
82139603
43974327
58494431
72837694
32944052
3611741
43314673
16515260
58238840
3910703
95758150
60005463
48970703
64355616
28881976
38939387
7969095
76120466
28392733
87037981
30670996
96555131
16772210
14663236
44380571
21502473
32461981
20411471
7286405
81523883
12192432
82211502
94295027
42303108
85772811
21317735
4203958
63741130
92529128
95366239
84717188
78878900
82121614
83649821
57287523
66027474
83286536
26930285
84497311
39153066
38037127
17518939
19013668
95036152
42819753
56654348
35497599
46745277
16712824
53365634
84005560
87165918
35377304
79836020
70201645
3016666
4712064
45849839
68901045
85849511
87499078
39801797
3899818
74748221
52109784
81257599
25496834
92790068
78558431
58423457
17403384
64300988
61592940
29319958
29264656
88406082
65654885
54288320
75240849
50018600
58288242
27989173
58789443
93633736
42405443
27975422
89276585
28511370
62995907
97710928
45348892
42636271
18156287
85538128
13057485
22410515
15450815
81574063
67171362
97105325
17774919
65228556
32424415
2121841
68779302
56589570
87673543
20660734
27723817
66172678
83280188
50160383
63283900
57395501
77279398
46797702
19924288
68884517
69766608
5439533
30106425
34438740
78447864
72181109
53232596
55480250
96491799
78210242
11054939
34372187
17857422
70942477
1303620
83530853
13908497
34880404
91008497
98788173
13583547
95050197
30951181
58307022
53982732
80002511
56111534
6975747
85888288
7570481
41184808
35969689
52142289
7193741
6762002
85494152
60496284
28075372
36711461
61708669
95372131
48338707
99076168
62385463
13403642
87589807
54409130
86108178
50797141
26741978
74501352
21213778
71555468
71205531
88724997
67469131
39391145
10860209
60524703
56870524
60423282
61082163
29319739
27617182
85799455
51353849
64851075
45655238
51442958
48952802
36683642
55817940
73366023
44940936
9086991
2621700
66183076
88789515
43080461
34000713
51373116
42545145
28474801
27622345
96524324
21820274
93487383
49095711
72408331
89817716
56622138
14604796
54739974
52951406
43523118
57560307
10739108
85659048
45570543
96741380
27033044
94846705
90172606
40363566
5304548
57379715
87830224
68303229
33422578
56820783
19819710
6806371
93058842
81925610
50477019
22726223
64298765
84285594
80438806
2050313
38952558
60729775
27541049
71054876
9507644
14703218
41714163
60271029
22712409
35041912
29291674
66095787
28272752
60728935
25366948
28098283
8078014
9530554
3740816
60003383
83414813
96921414
7961653
96447162
90485851
51520833
37824259
31672801
91202867
55949143
71216045
77152008
33456465
55549259
27697278
85306271
70528812
12729399
74351273
32545869
16627048
89028871
7463374
33468524
95987543
38654998
24697869
86164295
57886912
60494986
19796260
29178356
3459385
1804564
58219584
1534266
22918299
87529855
26833980
44719130
77019544
44737441
30508814
70060103
58249783
85351811
42374991
25612230
69698846
56225919
27611762
77485018
54648641
79696683
15746739
18299803
42019527
25763687
26595052
22038824
18566017
71225681
88773487
10995955
80148035
44542727
79724121
75602445
93473287
62017799
97629195
85792511
94726092
71387073
12419512
68483355
38304085
92403300
17783035
7651230
33608687
15543075
36230867
9258027
11526310
68983305
82692792
24252305
80874877
50999098
1572598
27095685
54507386
74538622
83386579
83715454
65205099
42466803
88711537
14070677
69370913
71525395
91858744
44579102
88559621
8412977
72628361
73906978
14367070
76928606
76183082
81984896
62898655
61419555
98976145
88753584
3271311
24441523
73266045
37306471
52597863
41428929
57288265
34535380
82960325
96978851
34624245
16515723
38650673
56918003
93635622
53641607
92078638
14364039
44278209
1497441
69792621
25006342
28420448
16317492
58396755
94631136
42422578
8640302
21435220
75961689
75720131
35768280
56699903
23293637
18671607
57395454
19600715
50843550
81246480
20575212
58764450
50213389
78224885
98816418
46218005
86746865
37660703
24818919
78553253
15158750
11277584
92086328
26513677
29916341
63035292
41703342
43514868
56595499
4158662
32447330
93514201
11827677
61397293
35636222
26867188
85683715
47430890
58364170
43154311
29299613
66839876
43805683
37309128
68893557
53743763
3700407
70501194
50714537
3188814
93396781
53493433
70434450
77843836
74766908
26958756
50948257
43786175
62316804
63828106
71835529
88155079
69966374
57390509
8620103
7226506
86437858
68942259
72459460
79645184
97327132
40859719
90915826
3381439
51765388
80101624
84832229
9325751
30533995
49261781
69768724
85264633
47835316
20339388
61669394
47695145
28763722
26500788
65038060
44743854
3020280
38584868
25359896
74799180
28011777
88934577
21821559
35905418
67476496
69805420
94826440
3130052
27344871
16980203
95355874
26090349
89852580
96934405
41975267
27019900
21797232
87872613
66645479
28571631
48264857
56262383
20780198
89995570
86605624
96822639
12383740
84127846
53942472
10036801
24423934
1584747
33898288
39535758
97917537
6767419
21915356
36999602
68772201
64948817
23543508
74499190
99518837
31228671
83670187
62310090
13097179
69531279
19862862
81350984
63452202
21078878
37320749
1456871
64306494
41436804
65907763
74556815
75407256
57855496
41517634
37426181
75199602
17416596
94401588
97537131
86727171
93486516
29404568
63487359
74975540
60865173
18828545
13082715
31252934
11057692
48094908
75563900
51150953
74767126
71148155
90709358
5793756
20887082
14673462
17955781
99536909
63181297
49689790
19994657
25575192
55353815
47521470
94809510
65776445
78298388
71354693
35037677
79067665
95760397
66704921
22190279
18876747
81893799
46537034
21678020
50672187
89587830
55138863
66127874
17631286
80580999
69857061
72348718
54423052
31787265
33077652
41918702
92401769
88688653
58711540
10357864
25383741
52836257
72355127
77929914
37940015
40408390
40581919
27702152
52506207
40611542
8183971
91914123
62871953
68124237
39191337
20758342
89589974
48326968
34506677
87359982
87727371
54506086
42855197
99863687
10664754
16405936
82877329
20390757
78918509
4339941
47318143
67425312
48438136
52493390
40313342
64840491
62926576
92286311
52286317
84777143
68341832
27862193
87355163
12724126
53703021
39561892
79804784
49726425
37133686
54546654
64526049
48033590
45406885
24606472
72204957
78830896
88473708
63183028
74631567
8415563
47110276
74327077
82597384
70940575
31392224
41654353
13282844
7239559
36456362
14982421
93835456
96456753
48611310
52269869
79777848
98685122
19521324
42051077
31040471
88310472
11309432
15579619
62090241
95780453
4890072
57908541
9942229
48031395
4011397
78671899
26181701
13932722
67294403
6167533
87638332
97175068
55642635
26041985
13955646
2756352
12594546
80903668
10141696
98978838
24534648
24255368
50990710
11887674
3522327
76873198
27990693
74366690
57930824
79275240
34013518
84302624
7141014
19540075
7225525
67143255
34740334
99361203
40919451
44865019
85850742
92913624
55298479
48410636
23881000
12318907
18255868
99778476
21463006
67227808
7688557
92650134
1710041
11106648
77897596
12562052
19816653
81950313
60730390
70746010
76950551
64798336
46432311
51067307
85571830
26277529
21971684
83437546
97871927
21527010
98787825
82047227
59728147
38994398
75733735
96956347
22683043
47582384
76318334
50121508
70555843
88696940
66160854
71977513
93906871
32161572
72984168
51443371
86869924
62894846
9267891
95684339
24564073
18107327
65295801
69221119
83341657
23620891
25083739
58255235
62848587
11899202
85861055
85652521
88382864
20796049
98875309
42189864
99387909
71116292
86479499
4642547
69661616
19758157
87126052
44848605
6712234
85208014
81666340
52808953
91573561
82184369
45723396
18779684
88738548
6440881
37907558
80735725
29963069
92939298
44506945
8531585
46515385
38783553
25548119
10524660
28531403
59188935
9782835
12042555
17535926
82356778
33261371
95300910
87954912
72290298
54739009
73260849
94964984
46106732
33651302
76834327
63162698
76499371
75746688
63271849
94775238
83056040
97792547
12394648
61695525
61712783
14779627
57996305
18793867
80858768
6146723
61994593
57106821
43509222
8663727
7620422
24625282
32392716
99507805
70932793
57771517
16073824
51159427
94986427
82001667
30465325
11981493
90446273
66605510
2229033
10580154
56725787
73434425
18962908
67867200
45233849
32175933
49389672
2339557
28798997
70850319
62818764
32486863
87874121
99521799
32784227
73991936
13240839
10831223
70135754
60008443
43314062
37758176
9113735
24375528
82663426
20076597
55420169
21297094
85964188
12161917
72047463
43610991
98976887
96293842
56207840
24002074
63617315
86440855
60294312
85229616
19063305
96402882
98021831
89540723
84946868
13219859
64366222
14154666
35078060
57885489
3206943
26917109
51329663
77170395
55332434
62728673
40593645
55738168
31900847
55181115
23510931
10877400
1239025
13136019
20960127
74397065
1546419
85569775
72875717
14571503
96033770
78890613
96634460
88069178
16145023
84841651
58402116
82588447
54376301
56781118
52361747
24857980
11721180
83731540
12035878
42352129
99631079
64048223
21096621
53699647
48123790
11026872
46410876
15148700
82153056
9749390
38618830
14534587
24047176
36511829
47328858
72180808
93697630
10401769
50441373
38143783
33359589
43238268
48094452
80703662
67871638
17304799
53400531
49548507
83056866
9593070
48862669
67572695
41041143
40240811
6858992
40389257
30744957
79147376
84364680
73418872
12366483
73641437
73375908
29512978
59704714
2373106
33170948
30973271
49773665
43291664
21799670
31618665
70930383
22751313
91228906
31206600
30939581
52561588
72981208
79797080
82871456
61530439
12721241
65688674
69188076
90661649
75660375
9948058
41448036
23448451
94722273
24488077
88510339
21777363
78069331
41303664
65548690
45548454
46000467
4091836
73323867
24083974
21276164
34861491
18454914
8049658
87389408
54469162
53363670
41199576
51112877
88177206
23854714
68053986
10782699
14841911
4651111
53230522
59598349
7607311
73779681
73099376
98280720
56779250
39082386
24288198
41906473
80325058
66381778
25537512
19026492
32285987
60335686
4449291
84386062
80962260
28442851
78484574
96500750
74813665
51443114
3976157
64398268
29028466
42361014
50783271
20289501
69917141
71315257
25122192
47076440
41894759
72217611
52684582
74968133
6956900
77974627
92557276
18687083
26436097
58934145
43702688
58997738
72987585
8675039
48759734
80664174
53910870
34848440
67288253
39638749
19237117
65728633
68602186
7276229
42653039
41493940
56289820
65051888
96689730
66599048
74181276
99687623
20139847
39381478
6921857
1855698
99139291
50830817
52013923
42713236
78121734
91642631
84185033
65264807
68586909
55392446
10192807
10421197
23723352
10856148
36607927
28678890
96390342
62714989
33522406
8283086
2232458
34054648
97935941
51801156
44496120
49551296
90489980
32572638
67399236
87660203
89726922
88720721
39432735
2288803
86998925
93771645
53609074
91714397
56006621
32307110
33010390
5821484
59749500
60028704
55508391
34828760
37103460
48835902
60968355
76036703
4320409
41891704
35158315
38750421
48756451
15783947
58437679
15975484
42037836
70327932
88167641
40584084
84778815
40102382
1143155
11679920
77228005
24997328
99913277
91119323
34949565
9151750
55558374
64775573
60044218
69808921
26560898
21130390
13694371
13053223
74824162
81939909
10289744
7745365
40454206
50869269
79776924
31467091
15327772
1750437
17163603
49361477
66163489
3949041
61492960
62416381
85966697
34334146
14894206
64515891
28984399
67772285
70684861
51807363
9220188
60265877
43123852
81959095
39235258
45265220
75582661
80070969
22935926
2499381
12655015
38969633
95471640
12697298
40589713
40700740
12306577
98235431
77524707
74180892
5562001
99888901
77525923
79184404
96472713
76107547
59620975
87020039
46819529
4511641
77637734
11571195
89159202
6034881
60649826
77138077
40323947
68923163
50500837
99884426
52379473
49156625
14772892
14897057
35147778
73083866
61478304
28580195
10835159
39209316
11923728
97318244
54548882
51851298
91228381
22877688
67976835
73704094
52117775
89150153
51900353
83805799
47734336
42853394
52229695
55718448
98897691
89836617
92845694
4463494
50919925
33275967
7822126
58042513
74405075
10615432
82123864
78852881
15874448
88171343
25398454
24987028
69151159
82333564
8029102
71203024
96974719
89527646
6878290
64428457
61179375
19969081
5079051
73422036
45645877
43673674
80974635
80552328
96517460
93061055
49633922
76619608
7995648
29215281
37801114
13632626
95859291
97966254
31316930
14476526
8625990
35148422
40260747
74492845
83127464
84298962
16863806
82583542
82144627
85610451
95488474
42075180
62837698
75625485
92652676
38860433
25052752
4068627
33261581
30564767
8563194
45901513
92691571
94498614
64533325
51358684
90067124
12687082
33289408
70729753
58509814
38898010
23062056
49804859
62875297
63923611
49193209
70036377
66935873
58595538
24911885
95376107
96287933
95088902
4548348
27730437
35259846
6606956
3477960
12972419
72242604
4601878
16716572
47956311
53695290
42400714
71536329
2229422
96405260
41089388
78733629
8666275
54729091
40319036
95558843
50237081
86937807
7450171
26680238
4946469
76649432
21859574
60094895
46533284
49762084
71195039
49003079
92562014
78911291
60439179
64830262
76743109
72516376
37986833
16134253
75593712
71783419
2473851
46336090
18102115
68076052
83266660
61197435
53576792
21964599
89268729
7819651
1691339
48150517
48533202
91292260
42069185
5266876
18180787
33856550
81327553
63897094
11444668
77483536
3511725
53523110
12412419
20882359
32280714
66880789
94122301
30314753
49307051
59233673
98169067
79765075
37536078
47002161
76051672
22289640
1789136
71464021
74368450
54868341
49098426
98292953
90305262
57216646
7200008
47520804
84781255
97883203
14172757
70100561
90480284
81789014
86550423
66533330
75814621
8549040
52224716
19995126
30464466
7643905
24593615
44039370
78725775
70679764
22285777
43454407
18900502
20620811
78298642
55587040
8168422
45660905
18156844
47542548
57400362
25542195
12989271
53913306
82922144
69637552
41226344
47730038
81787385
22862960
27724358
48498723
86857849
54702618
81132943
8770408
89452518
47479735
50746703
84015318
6148464
61649610
63010620
65733526
78252725
74361897
61033276
99355347
5957846
96041116
10549171
36839541
52371731
57700516
21631511
10531572
70175877
37341876
95181724
93197216
43446396
29132673
41922204
88126756
76301590
91622049
45336698
78326855
37520423
37096642
86874428
26397571
61614150
63223718
10164054
39495204
24428149
71130183
64798651
41120676
30464478
83285300
88930250
35097483
16089645
49766267
14620881
89533118
98084122
38356977
7328673
52431451
61412627
36239554
15882660
66176760
98855971
97607942
32534351
28871422
53834317
95472493
5279985
9801694
30167722
36144175
61422343
36147873
33149594
11078051
43389783
76668891
99685699
61057587
21811068
33380489
96991296
33722615
19360971
20153284
72456956
63621253
53844695
77552784
25134633
23195782
23373968
81402582
16095217
4349018
38893518
98176624
30819541
14859612
30098719
21676562
13920179
62361482
88817843
55267632
20218083
62992398
5320484
18682393
24453741
8612157
17481147
79143457
31386690
46072859
95080018
81458870
90324750
8353386
38423154
70346936
7319311
46011406
99780493
27963874
90766218
1469517
95467025
97966166
28296628
85151970
76383317
18233186
36677894
92671382
66187453
22788548
68451678
98348037
46859734
95013548
77452035
57558772
65770780
42626408
45998039
93035894
22001706
98031018
45696879
70252821
8519820
69752870
41856575
85902231
47920479
16701135
48986812
28825326
39151536
41240092
59430584
12955602
76469609
91239850
65067847
57442091
18600190
13889282
4455649
16924560
65785082
6477008
93985628
63693755
39399094
5379459
49126677
53830687
29828043
5584440
16869008
82222324
20937439
89629283
49204901
84845274
99965959
36482402
95436235
46122801
12250753
26275661
23837070
99148132
57823284
40164183
98131752
24760794
59274314
26613400
85161594
8843610
75125068
93573936
67366533
43113837
1039574
74803922
45619243
76426482
35973269
90038754
51347202
66678565
8341920
89623930
1965616
93200396
35290828
86921451
17570525
9300666
62148109
70239048
57960403
80063231
27421167
66200230
47153300
55815791
97278488
50832817
56873212
83303983
85512486
28081147
12685725
99571587
43660144
14246131
80458012
70982627
86106269
26194516
53266287
40899411
43777569
38741037
66753298
38809462
90986081
53188566
82712624
61339078
38311606
45732779
10493386
9232623
50221497
34691535
31670543
16220656
56992447
13829841
69011219
96481136
75440996
3812174
20632278
31692098
14085726
29632518
51208191
56099145
50448746
27832664
94990475
57507520
97740763
8135289
50396479
45836153
35354387
21136961
92310797
53549544
17028620
10003182
48416326
13878581
63190805
83848915
10976260
24368248
65702499
73395812
63942301
11228142
38066721
31298764
58503846
29681759
80739028
68475466
97800530
10473398
92164044
70693676
76875663
81857989
71710574
38743386
95294942
3658783
92766241
24903959
79609387
75086007
98607130
26954374
93371510
82987525
5938907
14067579
99106285
2977424
90057684
58411350
51671227
30779899
71756223
86243255
70570134
54439900
98685055
10424239
99551776
38115663
67589090
32832350
41092589
18657497
28510704
32154955
25018470
73002062
91071721
25860641
48710706
97177076
62948236
58827630
30759046
25327782
86873372
58497502
64768042
57075116
3232933
97240898
48467165
53569944
53205659
80446057
36838202
71839499
90976821
45320545
68587998
74559109
51646101
93914952
57904842
55598269
71403778
12811433
99114887
50407275
22403351
83132533
80779566
56420739
45939571
32993639
65800972
84466599
49117069
54195685
58457055
81065076
91616793
46308085
92715274
57248786
94564461
82789965
63617991
87641614
93045875
41275817
30290471
28997006
30595555
29173029
92152444
31777696
45625280
9958033
52434866
52704417
66454768
40068144
21529583
6263862
13802946
58607247
29633329
39115068
16401074
24206991
42863654
51927503
93755486
3157504
22918329
67703552
73413089
4722471
69029147
83767738
38841824
71437881
42148886
50171264
92581366
11974312
33559381
93139815
97456102
71592049
10522341
48633651
48659238
56434203
39695841
22752911
49460288
80317823
90794082
82157637
13872551
54296714
86096128
76008016
62486702
48704699
32809773
5850177
96535875
69498165
83461858
11973832
2882667
39919165
64976832
24594826
81608291
20027269
42697610
58437124
16352323
50777021
58992218
59375742
76684381
97374150
48084297
68405818
80314298
17161005
52590453
67544858
13054603
69595143
78916464
99625773
93858545
50412166
60149748
95211344
76369852
66985583
33442573
67542331
64012465
47117268
33986310
39750227
32470709
74630925
16185005
59727023
33629474
93830116
89305298
76387147
30637477
49349630
55382339
90822209
99628062
81461200
35756597
29512372
90375682
18882540
50293245
33712144
57539653
11936070
29408781
27162361
5748423
39235861
75687079
39497420
91093235
94913840
3185157
66623982
43262357
62376404
31536100
37299727
44796129
7980313
2335708
60944638
28865507
24595882
41896830
79239048
55779961
1788166
72854154
49113557
71491552
82939949
42801221
65443886
40625234
57806316
19795643
66140796
42387024
12164522
77501151
86100136
95136761
79714201
37789503
27843530
61895367
92596049
26929180
94787381
63255461
1901304
9613595
62546846
93875614
47619870
63933431
24564787
75781965
57831637
65331469
34712059
91673045
87045960
69927487
38735998
9342374
24432128
11149077
71341101
29500085
64696529
3892082
9182525
80551266
2312752
75799398
17762649
13848263
3464625
58780232
13647509
13587718
65115448
30959993
56381097
3197301
66448877
84651385
55811732
30226610
31297857
25067011
46584778
26001442
65569069
8710858
22267762
31371985
66547454
74541512
19125010
11966632
35480537
58989558
16109537
20063473
44437338
37203595
13848394
64982906
17124557
61237272
74699969
71294709
41750989
12378607
73461302
99138943
22749019
34640751
43208276
66029781
13512519
86537606
53512707
5466016
30267472
49972391
44140151
32829801
2670950
71679249
47336797
54260656
53035496
26177935
86386730
91192347
25979748
78513735
51325883
79134237
88020503
15703779
92989007
10327473
38124834
13949992
7396936
9727636
26628673
63583991
48655211
51750026
44774151
70323098
80756280
36837807
20229947
5144056
27179174
73637777
40880593
28398654
87140347
62776920
60878085
22375775
7904324
19362416
16895437
64381057
76432071
53914742
57064230
64782603
26733787
46271960
54451107
6419063
71931078
9012906
5896833
80356137
7608478
26759123
3667396
13629539
28016061
69445925
34073127
38492103
85274735
80977091
44927064
61075559
7227869
31029611
15948194
52249530
60105342
6091372
19658679
62130606
40839328
7246193
7936875
26066450
21776261
44180329
17204112
3369235
47570729
89991155
92859604
71743836
19154724
72574929
12519697
50554613
41460601
16699217
37731183
89014190
72412374
87489205
55574711
86022363
23314866
75266231
34892882
93115580
66389243
20522581
13724757
26678937
4550442
37557894
65029720
96374650
77409934
90831831
18654599
72235984
14162236
23697745
22481695
34183509
9331626
26570390
2339154
89197937
19276382
83168109
61168097
26922634
55972651
21925438
71123393
72045430
93518959
72242720
70493761
29885743
57602937
31951619
80946901
5724690
37901673
58148249
16786973
28084346
8961501
24721606
64562633
82270292
80353850
55434376
37633174
55371095
25659988
92647997
79901976
73728757
88387154
58404084
89812205
54073382
16887606
55672882
37671001
23428557
16839171
17272840
44873045
5019706
51464022
59532560
99315369
17823676
17664293
42547553
40580712
32213455
40769521
85137018
93022805
94700669
45235439
1927748
75717268
15279534
8791762
10329955
66295239
60051066
59327743
74119260
85072803
79585145
14437420
59926233
55432484
30030163
26870331
38913495
89759738
39253466
52619670
70445018
82608996
95396336
73109553
74876268
63413711
54550631
97112563
24935832
77787842
81974831
39639794
23263311
70011464
41709646
84007520
49635967
57528522
86299277
3225063
48134632
70197015
83643661
6800929
49992009
2638392
83285162
56549379
24180468
54032644
28146226
93669653
90130949
67028056
68736501
64175152
56201421
57163948
20411796
33563832
85975517
20808486
56691909
38500450
84874838
33662491
5508582
94384169
31982432
34794810
20740039
37841297
28216052
5043589
35450453
91438483
35511317
32231533
73378741
63551615
94369812
16887808
20114626
2082564
39923669
56225616
50454889
20150754
87166308
27804389
34677468
68352906
69816622
95331637
53769856
37326888
43771047
32785296
83831768
95684262
51811036
81306902
3804145
32808202
44185797
70839110
64925894
59461626
68409703
65363658
22145898
17173135
68192179
75821698
38408690
94717729
96234350
58238917
61683393
97131291
71993528
85136114
4265189
56969871
95726430
38684401
1413323
71694301
40361579
88073848
19825006
59544808
53324105
32071201
49600785
56670414
8857317
29073464
10634298
97567857
69817098
96438568
44431833
36143154
37212044
20736751
50546779
76624455
12133410
9906280
76947409
53252046
64423227
15203326
80606834
64425790
78303896
27958927
89985182
57034503
51252996
51176486
17797629
62809027
10951943
21673251
90275067
25333372
68445871
79097064
65869113
24763231
86996381
42772199
70100485
15349157
82910514
65562670
75545173
24202360
81972083
6203838
17192996
15043001
71524742
60019265
76150610
86013291
44158705
28285834
21347487
87158065
19317962
10186319
55979207
40760265
21185602
81113332
14891977
29518431
26052731
98485366
45524420
40852813
88000470
86774358
6229757
1196400
9847912
19217453
8552536
85286463
44255777
26928675
39385311
34453597
82138354
85867299
58042957
96482282
31052326
72844919
61708168
20440410
19447011
63909174
29587855
17151694
59165959
41894551
46020718
52343631
47552993
82352417
26166186
31343876
94542060
10260495
38479504
30701732
87899760
85647376
7302986
72854516
27766559
63638247
43085324
62288778
23902941
81313950
82281634
79627429
97267026
15697184
22559221
40693008
82311236
11597807
83434091
63595506
27254560
26708012
40923224
87682127
65743618
10793327
78612263
18183690
34062963
74195301
91904148
79986077
84799533
70724040
97041851
99507907
43873683
3861161
40243508
36718456
18303786
61456504
8490373
99595014
26351611
75845859
92451159
10294701
67761750
25471362
38792021
21602611
22693508
13958087
18925643
98857569
68809225
71786932
19646875
24446518
16129086
30226148
79099111
61603793
72564801
80981035
60678612
77246834
74956702
70510956
5770713
14265799
75359095
20548383
48634852
71070369
39550848
50635306
58740344
22874478
63415781
68936663
72743309
90643900
60648460
94107313
64514231
43506398
77533933
46066539
67687223
50358026
63017743
43663994
17731443
22447225
62583330
86232445
13339881
53168067
61670284
1289729
30516635
66502063
61494960
69689797
63863215
7259175
71084279
76183198
75058028
7791276
43118269
53067918
15697402
49730538
31370590
80188155
15655194
74522028
43165777
31176955
55845577
7403593
45862562
56213130
93981732
36720901
88298480
79836832
49774259
96068756
51731115
70623823
65323019
61081007
55439803
49478522
47745286
22174330
88110054
47849441
53620723
92888342
47684389
34241449
39112412
83187023
89445373
63686859
30242961
16728831
91899746
80858989
19363799
38181822
34076902
28061139
42236770
53711566
71844716
95151363
1615892
28767296
42261020
1036607
86325165
71284006
44410558
5308559
86846908
54770372
96173998
52898402
99559026
76054671
21740300
58571581
15250481
16896758
23885330
19793559
60009951
9552512
96964482
2653521
10029687
83426478
22330625
67147373
56744598
56323121
42501841
57067784
84860117
68137125
24166347
12911381
80200198
22282989
70226917
56491151
26608986
18164969
83464036
64183505
99516050
22848627
13618583
71625622
87587443
93698728
40024799
30997421
47348680
10079957
46799492
66968714
50042061
51433190
5640608
4070623
34310925
16235709
41513801
53828106
6596041
13746941
4235867
42837242
86193251
9566499
23672471
90531281
62111912
68581480
13043714
20517909
73750980
60716240
91683409
46817250
75760892
61046067
33739227
87778016
11904964
86489275
60644262
44304961
34001271
2105843
29662267
57612136
41406854
8487854
39625128
36667706
60171451
66079258
69834890
97633827
50611277
10589232
5690261
62612299
30455172
63644303
96015774
60109519
6973881
36095074
58157281
56913607
35065112
19826630
61340933
58785787
69037957
94371467
89665073
62688668
79147006
13706221
89148713
94420695
9864047
63246382
4458413
62626194
30321184
30158225
81323400
20945365
47142224
67459997
66081612
87731652
96960682
75094752
35778825
59874127
48594689
49689122
89511332
15259309
31669651
97295694
65941172
97741372
95542978
66047556
15457768
6765358
63860545
42304579
23683049
27494019
31463068
31415213
82467988
85827065
98084397
21867280
79943006
48332595
74825329
59596139
4574937
34316475
86868055
25127302
81247492
56938808
64745498
51029513
54320161
71385135
88228417
68338188
74380919
41067329
74572063
80787425
23875872
57714809
55780904
69588150
93758480
49926129
21948484
61692074
81323756
85680701
15592930
91047926
33562025
84926670
25677995
90521093
57266509
76091054
67001140
95628212
13996861
36676929
94986274
48411673
73158087
41592897
90449138
77305119
16295140
39435521
86793490
21755537
47723909
20078033
71063910
30943716
27031694
87881559
50961901
70738428
23121044
74229174
66151151
85667903
93673337
85465875
16393172
73844036
21490653
3515214
61491897
84498003
53125943
61744130
87734781
6638239
97942329
9141510
64683784
17214343
86359124
45047941
67164632
40409888
82827358
71888265
56233146
31046700
79632028
74813621
93854647
78323811
49781121
93197300
57947526
15584583
74943464
9302693
83530452
12966981
31023603
80112410
10187644
53792482
71672470
93873936
57429699
33095037
6324764
18384500
15668834
5271135
47575876
19320682
70821873
61735915
77099386
54077241
84992365
48603154
53235683
85713143
74787058
50420937
27630185
93575894
81102947
24989740
42057537
31308176
61053815
85599530
60471439
26121084
33845619
75291037
48871340
27822429
4178564
22668146
15597407
94143181
22076796
74843504
73836059
20190588
21095614
89037704
33508734
10413821
77810398
60939790
12304730
55240252
63751060
89801485
43791089
20274471
94227346
2982885
51826682
93136043
24909751
28195387
75112917
41438824
89524241
22332080
49665042
7635713
83424556
50530009
87451197
7113445
2428253
7555444
40764832
94524432
58283110
73995948
61046778
60495549
65770291
55666036
45561885
15244601
86997650
98356144
23714432
86862421
32565110
46448055
99178382
65509462
88650466
32303625
71180135
76866976
77467758
49000048
71561511
7951973
69614551
23788774
37096987
14945791
45653693
6228025
95670015
12110571
3013195
97044262
69541506
46288768
8548585
47313976
13960099
46272267
29625462
89452363
52605074
65034511
40022363
79319084
61637702
16023054
82055470
36979785
46814336
66003133
19356133
95471388
98315353
43404093
57900301
52694395
98027678
17692775
30709849
48118017
67536882
99067143
17814143
67604660
49773125
19095403
74755283
29842413
60956632
59036363
74727043
61392067
57399224
99976172
42573854
5533237
1770241
29172620
84490631
9614107
65326435
33406731
39381513
42780504
87170387
82158514
58692248
30540156
12491448
53080855
8495715
76441595
12627946
86588232
28024724
81730936
75201027
43192339
44380233
35490849
10397514
9138249
30021066
94144883
69177125
9424718
42009944
54978846
92751096
47784766
30770877
65258271
82394826
35751961
8207707
13234945
10404769
44216176
82697106
97228092
35552553
11847488
89547841
35824461
77703789
66826788
89716806
81403006
68507418
87633588
24116921
8801806
36642135
43021115
64056474
14892254
23531532
71711462
14903203
19532095
14649909
92761203
34733820
29294279
77555416
41617616
64682254
27700184
92345656
53145258
42871903
31029471
91821112
9288668
32641588
89553276
90871447
37950429
24160569
46726462
75091156
81434435
62710019
97492581
23178404
88746621
65001413
38915473
45819838
15572164
90219391
75931048
37181305
60252300
64895048
79138333
61642368
77760907
59273837
14945885
44887704
2138926
16648980
65494515
94031545
43803505
48217180
3902584
42059162
54519771
65122891
67702842
48556208
18213150
17922776
19851168
48213853
27086500
44559708
87978609
98730910
48308026
6799428
57342423
10554298
4578478
40861715
62918957
61954080
52348003
35760213
18664877
15666786
48678316
67017075
5363044
71592908
58624611
47622584
20108570
96359610
32721229
39537687
40035074
47537000
15088153
27811619
72705742
80150222
21897865
37778320
17667687
71774825
24334647
44501806
18132656
43255117
59652724
23184555
76021478
11406660
87720480
76103568
7680012
20470884
10947067
31579097
31542739
67883955
27454212
37063634
98144066
64357878
92453662
46642587
88102200
94956046
93419323
16856283
99526143
49482361
73751402
98217298
63063768
33837614
11368158
48099812
44912357
54936064
91474525
63048934
10427387
67660045
28064925
36960911
97011410
57062181
19592434
41424561
23415992
43984417
45218012
4546726
83839391
58710074
4682489
95693134
16854191
26852607
46567822
35661665
29379351
34991678
62329094
2942747
96372254
65265805
83467019
71838821
47546292
26736201
69662204
47777229
4875519
52564058
24804788
59155015
16969362
22899263
73726335
58313134
35807583
22684022
40607367
67502643
65820966
13833272
73300898
28262046
1808067
74476723
50618856
38846008
16659504
2876975
96414682
65415575
44591105
88992325
47079647
69767572
81965650
43490455
89376045
36145363
20003753
18920261
3568414
20469110
70909043
60504439
8081723
38814976
34555953
93734391
25283767
24421252
9242924
4364133
76098165
83973685
53771191
39808734
16605488
93663096
44909642
29940884
71824846
15199730
27618541
15645611
75596072
15113577
60853222
50025809
26293300
34941950
14622867
14201874
45598930
73849497
62443554
60915164
79395845
50556753
71315547
6651890
60701700
4893521
39240321
7307227
98400485
63571808
6592716
71075393
4543093
55651210
88121675
45574910
81687544
39618657
73432393
71032142
69088845
2688406
42897742
94035958
10600850
37505816
87643523
31424212
1539354
66515471
25493104
67918432
93681954
57342791
95292748
51956984
55599235
89265494
95519663
25428868
79094422
8581284
39526134
64702244
18185344
69991144
26303393
35086505
66740207
94860070
20108384
59217223
47553636
14476348
61402347
26240827
64964964
50817809
90745519
39343520
5900178
32604089
6678864
61552573
84415302
14891618
66640397
7469831
14550804
66395702
21983224
46595094
36406204
52181306
54510702
97842782
32862728
41874257
49871889
37481254
6977095
23481467
65644199
48964028
86833932
51042689
37224437
22838661
15023798
36700723
30805248
24112794
36862478
75829803
46628571
33680632
29604518
58513361
21170286
70954302
33605123
82330503
98003355
44528244
23073477
53835248
68598198
61697945
14382912
83209038
27920305
82315763
66136548
46756890
13806343
95171994
90765040
90984599
29202643
92738503
1726600
29693501
34387461
35185786
40298533
52415362
53839719
71222428
81581555
77362043
36671312
45180222
93073150
72348364
40719052
52802636
13144052
96418524
84699899
84930095
49308010
33469853
57298479
59293767
67619705
74306391
66620453
54446901
79821547
41129730
48457417
96306679
12415122
76065783
82105692
62800779
7036642
98049337
76803381
39677585
45006741
31391603
44813696
58130287
10616644
21703180
94155718
22039919
22931744
37348100
93824435
63227228
49725452
99564739
3831009
23569701
49814246
12260501
38721173
19289291
37759876
85039588
59943943
72798549
86326328
94879284
79539231
56201383
53389474
62370497
80887463
76958304
19704374
35049431
84463106
23330640
87350166
18929215
37984763
18167042
76428782
86261969
62381979
58423968
37442270
49442591
93320435
50326395
24227151
74382699
90079227
17119064
51695238
4967211
25261063
84811659
16428521
67678986
80341142
72038619
41557433
99171528
10487881
59693148
25499373
99209559
91192107
89720674
37901742
20502703
56916352
28758727
47907661
18324508
78164316
23008976
80468131
78464852
30240059
73777035
3438439
37778584
3034561
41431932
56829217
10470779
13403941
72845568
7459734
99988806
45959754
29509722
28040794
79568431
95629513
84342619
67223770
10090871
70719925
98057125
16917992
75842509
92106681
54577070
90973376
56788887
97719476
46069762
83224311
35320588
60201934
64452206
80352794
99420650
51736558
51397389
9212475
86437275
94544819
72975877
86320884
56227991
49971317
75249471
61752621
7027716
94705240
10145186
84655778
2963751
49761116
2565086
68632563
54343518
15293002
17156941
63078730
55082966
92096615
32281902
97456848
85612343
56072979
97649395
25300955
39058613
15758066
79728672
63516799
51226123
32416239
16336956
33291333
59750055
71972604
53249655
43098575
82011393
36857543
74208774
50027829
86980415
22961492
58299288
10754924
89763396
82338865
87651339
24614427
99896365
88614957
80295234
88090463
32795088
49346236
77821142
16159035
9872267
13015971
29390401
82655230
25096517
20965424
63567339
11424742
20246487
93429935
89406456
17509360
55630170
58978451
25323780
23001715
70852306
9548849
5909527
2730207
12996822
93842984
93258175
68611462
47980695
7386831
13018778
6706043
65939785
87165512
14656703
78357616
67970296
69470221
42022545
18392631
84046193
27460280
10508407
69388076
69999071
36629817
98235361
4128589
72596984
36262297
41514286
77679603
82942032
69656651
61146778
17876400
86765395
3286654
71531117
89716786
28982965
42708189
96288652
38108908
63087970
48900368
91404882
86676342
85718914
70782222
38171940
75672718
54048933
13616351
11143545
50910156
32050719
73659450
2021243
59092005
20208914
82185694
73827181
28123228
39921184
32382606
52170786
81007963
64390009
33271390
37701493
91769056
28176738
45718842
75975264
41473350
27684480
55747866
62208327
74139101
91932781
29598558
2521592
17758940
34299169
87265582
81413256
49897456
34499365
90879154
2798291
42406329
27264890
41264765
75288680
86372232
96441276
85719349
66665517
84459948
17923369
1415055
57222148
22683907
61432463
38371478
75240658
4983959
65980632
68226383
25406841
96058688
84393725
69694139
97045258
72705866
97022672
85673590
86204278
69887607
80377455
60870846
33701165
6105903
5662116
82087159
44531790
95353244
10649004
8191871
61927141
80929617
41369130
66987989
16699584
88154014
49067588
35549082
9539666
86269860
94221797
66566635
14693569
7426646
40933192
75518366
85427191
89714267
78113917
73341496
80555334
34203899
79830010
36363665
25624501
37319264
90564796
21806885
36362139
55292565
80083089
9692085
32937879
20142657
3134940
17600257
40715696
80009439
65450494
12899029
52211956
65341323
8957844
54752817
68741846
56875976
15046372
46993375
18219138
59744133
32486223
51527057
8142437
48391351
91831667
12881912
5652944
25605898
61431866
15377607
47683634
33957232
15186009
59684926
93148761
39701077
97830054
90716560
82456987
32090878
35735509
46916457
28498930
72737281
94920379
81788778
20414152
20825728
50118152
91485501
14652807
72600899
23642045
84369230
30093669
5943958
8359886
70851379
31491796
59917169
39009228
28070788
19352001
91907832
24448256
67782582
19276819
3534807
31596299
88569580
18582972
72623771
60648394
33218782
76462710
93682653
78516593
92927426
40857531
42887597
81696675
65270725
68620990
17832461
24600588
9765866
24843211
90220043
64144325
26608858
75860107
24267857
12321046
58289369
35331406
85879081
66432902
85549101
69560265
8920840
21691813
94108513
88906808
62756420
48532530
34450663
97744346
90121679
16407927
78717202
98044999
21535730
60465228
53318669
42836146
9072978
65258399
61306765
91846429
75384614
48273677
53744127
10689363
71016561
69287923
26356965
58139632
75936365
86715117
40128859
74077567
11178845
68778468
73779215
17586413
25199552
37213565
18380282
79984855
57887672
38621277
19491743
76388808
2089217
52545651
97083213
72525109
36660775
93396349
96426797
98433006
10799817
8791718
83716905
40669702
1304605
84759319
60472718
9276195
51686274
25833954
60097059
99738309
18555798
82492331
52323616
79559569
54558061
68620054
92342835
43803443
8853527
12455880
99863194
52250022
62564577
40265406
3022512
56193072
78475774
10523899
28922517
20858593
67453339
99039371
71271495
72587875
56986193
25133654
51005117
28463216
33317510
76377578
19717047
34105696
79586860
44193691
30740242
64312109
48473171
64942263
14111252
69157257
93747268
83413796
34022457
60282794
32140962
82366528
85296941
41100007
97448309
79723578
50435658
45722284
3125198
11905222
74725559
17588188
57284155
79116127
13429302
53388146
12649260
98976371
9637037
82957894
91391862
72330294
78151548
69162256
21195157
20743828
60146204
28154172
11902979
51588792
71791876
76032890
41781282
82429383
37795309
55928051
34616403
58359203
32703286
60986736
80355492
92266330
36539779
58261015
91032968
84518643
62854657
85667324
28236041
74454065
92987977
57559990
54804000
86218506
23975349
89169153
54818072
31048472
77183816
53443307
91875547
7788844
9634963
64510182
1351602
25902686
44619739
86977527
46312573
60611831
77020368
63784169
51538373
96231304
14267350
89238368
36483639
23075270
68738842
53230985
39740233
3418810
61905761
96967229
95904080
99461119
6707826
20346423
21099243
88840266
21109507
77147582
30545874
2672185
77179417
10984561
95964063
71580834
98530192
58530326
93374495
81355790
12729560
36239363
95834381
42713383
67821383
97585620
79778928
53259696
92070851
61689839
80963871
44973667
97652698
74808955
38278611
54994246
46672794
85543002
8622889
80475174
73999098
10175141
1653746
84487278
53238634
35264722
61386623
5665447
82022116
93383423
48814885
48695325
56053907
70799800
72414594
41453180
16497980
47461294
10030914
21971033
45721261
11014218
60598850
91742737
24792016
95563367
81877373
70909335
97017864
18720148
43690141
66474560
61375270
84618381
54272110
48137888
61278109
53153006
80251139
93678579
62792535
51696130
65904552
97876866
23781640
46935736
37691996
23435855
26340670
66065948
3787949
99081748
45009362
15280454
7633615
95213583
89173972
42427159
64599927
82112231
12606144
10140575
30474345
99419254
20091262
59362063
5729188
28099784
58844006
36755297
59106299
34737851
21490042
2210589
24668418
50963213
85290118
76032264
93627021
4892302
19512369
7141255
62338451
85230266
55365102
24096043
30780048
17543432
52259905
29929088
54963181
13254611
9884770
81211290
76805424
67755070
22235494
57285012
35014843
70726208
85237430
87876795
85656423
65466715
72798117
24174608
74425431
84641897
38238631
54237480
88910983
3258441
81170937
74339589
81908194
41454627
84512923
49555614
33282774
62278604
34780705
70975554
90925085
81085112
63330015
41389364
30443387
6729864
2390181
28904886
48269170
24113058
63048036
34478786
83654043
45538447
62488497
96516677
40799058
83443894
22953448
28780990
47356636
68601321
62996572
97118900
19970995
75342352
90555148
70417225
46834879
59012885
94807331
58625543
84937159
19826965
26806240
10920510
74168936
9558869
71118411
55078394
90766019
34081274
97872274
20372344
44668999
29236321
67312008
18319656
63096715
31357563
32749255
42784501
21502991
75720501
52622701
34811069
57654815
55680596
83529930
72496191
24128018
44492358
2653873
88673112
17718651
77378720
45569759
62596603
63488799
85635269
95338977
3935852
83037045
81562007
56767536
98873304
64054743
44198957
90432517
27612583
98034515
77740944
69328252
98482735
91756162
76257044
3566038
51666415
69399424
84464188
50082523
62158267
69163518
24129562
88150351
85836995
63099499
35355842
25706976
30625434
58595634
66480903
11023633
22400478
68561234
92646105
6881772
52688325
15939527
57016808
68070453
29415917
34837617
33896838
22901954
92438506
37977365
16468682
88675760
73061077
70102494
51062585
91076532
3859574
23971838
66173611
95453532
43063912
74086540
33445228
81672031
88534975
82781794
54928315
15116534
86398679
72267652
9171852
24865258
44734405
62209902
60950212
21315094
24671779
28492791
76573614
79190293
99242757
62584411
61423452
46641303
4043922
84687762
51693378
35386532
36083531
6039485
84440671
74219873
7557758
89192254
17867244
86838002
5392299
20115456
9086014
84270593
61982695
93754273
1012065
95348512
6071746
71097841
16789280
84718239
24007438
87826429
27962355
44773634
42812586
69828964
57026093
92405798
58815151
32941198
8047576
3429306
66716722
27379445
77126846
84514576
6076487
9754735
48949095
84492376
74661266
55645840
72982396
10024320
53768236
8104745
67443460
61158002
43911595
90750760
49871274
49006788
70796110
49463488
89209272
55594901
96153341
91478133
3981014
51086486
17975570
92774723
5963962
97355838
70322296
35643813
78265588
42141945
86446247
45228382
51395544
35852818
4762033
10671605
12188802
19652794
44383357
68321472
55028637
18334255
99228924
98850810
27583315
8136610
88227555
71192258
97237768
87906520
16215946
16894126
30118991
82915239
32405559
6391601
66092434
86338874
12217817
86999226
1631525
35153433
74586236
87411751
45404481
22419167
46268591
15344591
66552421
82775377
79706913
5599409
70585189
43856015
17145764
4793775
83348012
70544423
52897594
50026845
81474399
24697694
8752690
57170769
99726332
46871230
79412851
36587684
65397531
19194020
14669577
17606780
88501184
38098241
33608273
63505706
21495350
83847895
78499259
24551053
55511140
27449043
84263651
96799485
82578922
46437712
32206908
6256994
58516357
14995973
45244535
40971768
95038410
32079078
73306826
19312822
79016985
36237527
39943624
31049292
73699023
9457840
42514746
36110415
1338384
84060889
45740280
51159265
88022478
47830153
19477673
73344872
27257678
38594702
7810491
9317336
22348184
7035082
51572236
56276669
81205899
4848401
88012493
64968123
63465434
11076639
32628867
92572872
26067712
58199933
74742128
50525015
74093438
22261005
84390399
4930271
59153803
49897787
25451335
23687529
6389060
4270250
73632171
3334924
11506403
18654550
17827471
49592747
82047092
6939998
9551491
38147284
80758130
95883212
77860214
93140353
87640388
70563698
87253444
93402227
24154401
74396813
89876166
4297278
32792891
81535108
51257537
19066400
41730150
15029390
53693645
20451930
70162807
88514153
81098943
39177012
50893346
67855800
73139192
93913375
89804456
98321219
4620312
3615324
78477573
32909929
35900680
17563642
19665767
50120586
12936744
65562172
78273878
75047361
99080363
1247127
73980327
16180738
10736325
60579804
77626168
9856892
20331705
40453705
25783963
44020659
81694797
44852327
22955242
59958542
60372471
34779250
60642399
94895810
78182008
38398903
2922689
87434246
80803295
80057586
10518451
33221769
50584526
80823218
35655239
27264746
97097088
31837203
31579007
20644107
94799653
88308650
29706567
96095786
27970259
82833015
38760255
77721985
50214944
89900869
96907530
80648749
31204436
12112835
36039210
86211012
30877288
81651431
91840148
85181476
43904653
49538193
38500903
57309614
1149552
98116961
34842998
90376558
49376088
36507615
55929071
70482875
31151975
3840208
28214967
20037713
61873498
81230720
41781341
42245421
2324833
75304583
55911061
92220775
39994532
52852969
13101297
21405300
25879076
80367375
16297598
65035451
56409693
93030408
29947213
87233509
56795169
50038912
83382391
52900820
68111623
63454973
79569705
7781343
6746890
48568512
98334806
61195472
56513879
32409023
59249701
57217587
70830191
7640858
46720966
87762057
37430194
24679104
26991209
17304999
74111299
18038600
3678793
74220433
98410647
90821755
48350820
82145606
9035976
90148821
30929959
66938391
82136714
38523671
68747840
56569758
51724589
38938924
12499421
48372113
10708288
77183587
22787276
7427692
6692687
93422157
79355983
56133948
22341473
90564607
65371696
18710698
86634409
45999175
96301143
80345766
54658219
65267193
93948786
21633178
77244540
7264383
3065944
1068129
98896867
59916476
96220318
35912471
42496266
11455885
51089387
28841546
16577713
11625387
78620254
17292193
14537770
14699720
95449849
47963108
1642062
71187926
39563066
88599964
92730451
23273823
99472454
20579715
3085537
71647106
30928162
57045301
10665772
67928960
58457591
27845181
58980524
22673312
73182720
13856527
96954749
84864047
98968408
6097682
69330004
53028064
63312865
11720864
58191065
93677490
35833886
10129195
44988196
39037024
59663994
57561631
35470407
58209760
47769276
39590088
17176436
44193353
11468160
52118074
20197966
36020789
85433722
48347674
63597421
53900356
22227004
10045096
19396074
17399437
21000266
82790251
42585607
5920343
57774234
73808110
20393007
26997196
16363993
43115843
49238702
76385062
74236477
71910155
68243052
52585752
75358550
46560315
25379443
45398641
98433365
23227914
26942430
17829737
79803709
63117987
5703981
4893735
55897598
76363440
64950015
95509035
96074796
87790007
47869069
16929656
28373726
81749178
19711823
25747782
16329634
52503453
43852165
54147673
40598927
60810672
15366423
51243901
70962184
91635623
42830218
86356728
9578195
29643926
94664846
76229353
5095591
17820578
87292432
52562310
22331950
75597796
37904885
6462211
57230512
55146063
24817416
18249977
98288153
77149361
15344323
97021945
64684050
47732082
21221788
27011462
54002694
37126750
90865757
99919779
86377476
61571928
77803043
41605126
91565260
86441721
42796415
21498385
22006159
28881998
86891571
43359043
37017273
88436572
22827597
41276668
57632655
1337548
52630405
91236067
31452237
6821697
20546316
72252107
59617600
77643797
2299174
8763830
11249855
60415371
22005780
4815530
8912720
40044790
78900250
41187641
21195126
34537053
83903527
45880863
11166618
49804782
70472825
41749799
94070039
65322681
51625295
80568167
75702902
57948968
79396979
42098754
89433969
23048584
17700572
86791985
20041683
14066368
51017620
17144914
59476381
28080239
17868925
50490421
2664509
79269765
67179334
69529709
97992725
86377114
39132306
5481511
39322347
56601171
77864226
84980337
99162725
58404553
57559785
44854577
75351634
2199851
2685576
99487906
82951883
27300166
73266844
81089500
88320245
85278117
44292083
41062109
15525933
89135096
97857703
7181664
78535827
32740714
5766469
38774178
51047876
30240226
84354014
75505002
78501809
44068005
17336911
68418003
65875091
2111093
89879474
33325764
68421958
62875523
90904660
45701183
48563124
11446288
32279697
71529242
52115699
60809920
74290623
36485148
27081240
35425779
25955458
35728705
37568525
39281815
75935390
10210759
73041979
90170002
93854113
42177557
12579387
64351551
28189990
3120960
57115598
22155605
35440080
1623294
49886241
32264208
33555181
81179150
12020603
13682523
66239835
94094718
17264358
34018814
91145844
20435884
38395253
15264970
13625103
51238286
99854972
9262019
92359899
74022280
47789526
76656028
44411828
27062416
8258823
48813812
55423060
42360563
74983174
51539767
62800099
11681573
33227916
94278486
89632562
30378506
34878653
74389715
38163542
54905525
80097024
39427795
31837696
84531131
44831462
39585571
18099964
44515122
64140646
1012208
97804971
85400177
2132635
27273095
15241080
99450229
22664587
64493612
39128464
52016268
68960084
75284084
52754679
69777100
80196680
21251006
28078891
51818289
41334362
25625170
58896203
27227474
76056688
57495167
27033229
92775812
99047610
27230772
98778506
16427760
12964270
19036538
86723583
34987193
77433296
62622962
37450510
74344371
82536853
38077185
4912775
91963781
40927827
59971298
21214489
94085290
92261593
83966398
7038078
25209590
19972646
93034232
78573262
38214568
34203699
79170113
65431712
1185950
82270437
70408568
31701656
86525715
17442825
45753926
35447320
89320117
75731420
77646887
58178500
96236175
64142872
88817615
90430586
40016254
23671873
46566381
2070850
69203723
62078289
31125025
6569089
84128058
87203582
34571036
58805714
25612546
75314764
19852527
74828260
11725104
37711531
19152739
85588201
66439816
40272618
72852036
26870684
20573725
36482297
81572874
69264264
62514752
65273751
61942151
13572141
22420223
61554808
65347015
28479579
86528926
97092642
1506206
59187605
16867616
48243107
79820927
98399203
8423822
77086830
19698325
19142634
98576847
75295386
92963999
37265018
34033578
80389943
87667806
68193232
25975901
19000263
5755061
65061996
81857438
12830103
14745644
43017630
37796368
4554978
34002740
70618786
7605229
75615942
4820321
51195473
43754352
46077986
31591607
73514617
94822198
45217253
36558327
6922737
49886781
51959598
49043145
18400102
57212346
14280005
97660535
51853866
95894479
31772883
25548956
96352770
70225516
2180694
15006210
28277002
57760606
20718126
1992055
2818819
62086503
97964044
43480289
27690247
10862619
45312405
89928629
36804371
40055140
84090904
30172171
68050497
89862395
42903319
75467101
19331482
23838117
53832608
22931785
81692841
34415391
45788384
25247782
81892703
50643901
77396974
9338881
37517429
78320167
55300083
21987381
19000452
56988529
44729935
30721536
44895143
33404672
94964714
74351780
85263095
42308326
10916703
6846597
13780842
46887298
17462950
53317542
96349823
11052762
11809915
42292501
13807963
43772274
20295110
72653870
2615099
16850314
24153067
52145173
34431524
88921763
40999509
84557732
91777408
3555552
14614046
21429781
11530080
47762829
67902969
84546867
16221795
68449825
40329286
67828696
23332575
64981745
82746713
48439178
21312096
98270702
92877858
42162414
70212654
2390179
5618979
10647153
63124991
43255842
85537495
94069436
55983877
94238097
51328565
9744110
66056009
80929366
28696278
4514926
57892295
77185550
72323591
5981032
97205914
81113645
33596595
79185375
96965885
40265069
36046391
65673987
78795065
57766842
77491277
32412501
30951078
75674778
72125775
43622780
28080488
54437584
6330927
16326805
66374367
27694489
9241357
4508379
43985503
6193546
39875658
82800637
85816421
47127124
69762762
7464267
79215969
11227939
88821864
57819975
82893570
73982768
76944712
44331205
51700218
77735987
36950100
74984241
85587551
99994775
91889655
33597256
61279024
56905905
9561299
54461642
16766163
80619191
11881016
36524869
32946940
77265533
68558091
35394075
33657817
14478423
76879693
85070585
17409622
7734260
91092337
79094376
47061282
52491769
62156487
2606345
5143051
93493217
96044064
43909323
63478381
3887811
83527827
33526340
63798865
98568560
32018023
44688265
31671770
96404872
79611297
44095055
16661828
13517467
14822548
64757831
10808011
23918174
21680724
41015994
50388048
66397554
63686129
85337960
28636503
10508468
9909039
53822892
47885379
99999367
30870697
84549005
23154411
49770863
66140336
10409166
6267097
97377707
27849373
68213818
54847223
78857680
71988017
72842318
70931848
8405056
52735628
24192134
9828008
25315381
56967596
86381597
62168557
9928873
87390449
76002990
56846315
82213700
74616017
45974361
4112549
44617659
73136164
4758219
14279157
93780692
21321440
7833657
4299416
58599886
15548846
12648328
4505279
73580552
62719765
78112796
60446360
31737289
97998710
49699421
95896149
4660482
91742809
30040309
98722787
79393588
71696376
57903417
28052889
52909269
41212066
1449936
48229102
17432062
29915362
79125569
49361828
65909781
66404639
13329104
12046469
10540493
10218633
9482471
68399065
61534515
38646808
86911473
39202852
50950746
91354058
85669213
6943193
36438287
98266681
82495705
37735546
37406175
29171306
82899719
42361491
86120876
74474692
26442929
72038786
67511513
8337085
1650814
42937098
49284090
94517024
89866721
41917837
9552181
56190734
44321335
94977568
95933975
70541119
79100601
51274901
45422370
26632445
28861297
75882621
27383516
89763857
3442855
97332138
47694980
72196375
81306253
41397091
37478004
47282741
75821313
9234273
76915322
47169626
34800326
13075494
48441549
84490355
7303862
30128858
30433156
56784357
52346356
22338989
4296390
60231805
42090110
92010224
1151678
9507631
41746466
24560291
50774943
30733519
32620805
91262615
63703111
26298622
68413429
14142150
68799101
75897819
46951875
4699990
42182137
61910637
25282589
31462767
72067649
81229463
50225778
95332508
60490714
39604171
99621941
53462113
70972987
41380276
41064031
68981751
98798418
39920260
80220283
94416567
9254606
28994000
92340660
2945937
80666300
8957877
23269214
36810302
42023960
3766856
22957578
4440985
82103921
58423953
57951258
45348683
55806610
76285647
99125020
23259551
3169501
81458742
73645785
7069406
52196415
96735371
77388097
62760653
26295525
55938437
18383248
20400544
3230993
9642954
19460790
47244691
56187970
49720769
47776701
2909513
80974188
11092723
85942074
31835354
98252442
3360900
29939136
63818769
62483051
1158573
58329110
49082794
59020592
50162361
2206802
32002402
65939391
95863824
46674832
92355651
66940856
21147666
18063775
9210685
83795064
55093086
62836655
38940053
18710964
24012626
75615769
9017355
47317982
80594798
71425076
39088697
79494693
86235512
48978264
18017069
19714237
17927889
52177548
3937048
83357823
3417652
50287535
80323469
1092475
73202046
7504528
10967779
1684781
73491849
66930013
50627181
71630617
32450629
99093986
23174550
73113880
23423676
28188289
15212171
61731896
76804632
53812449
87170380
41379029
2372728
33183265
54212638
52338766
73481340
47710630
85016455
48002780
45735855
3849628
26537744
35131410
6644749
34306507
93235609
33514537
15503677
81258622
25449749
2159357
82348984
66005947
32718111
9569908
90954810
68865271
30817475
94759177
11310749
47290474
15365006
55091475
36277265
32637051
32906303
18012789
95162291
54908270
35616708
44652117
17215932
51526309
2742623
4819541
93748844
66838153
77427001
64201634
59869915
54549002
71263755
10671558
40166207
70937508
10707054
61904702
11499078
84647823
60904658
83734700
58305898
43097843
27084616
90107029
18270488
80126406
59398069
88088781
65092038
55006043
93601168
97719732
60586483
46084442
86296481
30911116
12510594
57491922
37138090
36241198
94392983
96322571
6274847
31711596
81781207
20524068
95819573
65478373
16014820
33427855
29681982
96818478
14317808
10009770
20999428
52317868
98396418
14213263
82361529
64295610
68792087
52657327
21873557
27938502
47358851
61255561
30027247
11430481
51587882
32526206
73108390
75964625
48849914
68423929
90305831
51298258
74707278
66105553
9984154
51049719
44399063
71802803
96060666
20557489
79905224
96567910
92052819
55303196
56874156
55302789
53949384
48530971
94476078
32471280
72999129
84348554
31832071
96440448
93327468
9298911
9884382
56203513
60665512
50930861
93900358
54381542
29270154
11925261
24928834
57857640
4527957
34994756
98288095
46514732
3643532
87767394
73815569
42944955
45645455
58571631
24308673
40582115
45428149
38619366
15965508
20445466
29583276
21794110
64224092
44399673
82036324
47528863
63345587
46540735
31425930
38228106
17635256
81832472
70303562
97716996
28886135
30218072
40301928
90635382
53806589
34125971
11627495
56192515
41338287
26081600
69713762
14848788
89809979
99584709
38048291
96493273
95182968
45977755
72090159
78578956
27570073
32156962
8368422
31781515
10008788
38531110
65977062
22279637
41345408
4702323
77332916
88422870
20295326
61364597
21992963
15967091
87664042
50736528
61538628
37554273
90965131
87726873
72006475
98639785
33774734
62594849
93424252
52660330
46553714
61833732
33038524
37392797
53471627
16833349
73881613
67487324
47279434
97431784
21070687
4027734
6623272
31045243
79061655
43014731
76518738
66141747
3459244
43424178
68739194
69993434
49532474
65898577
63233291
68645562
12619376
48948926
10028087
37964273
31468500
15696041
39467754
84679066
20300042
57813876
5822526
41948985
38146630
14013547
5267926
4543362
10537063
1751920
97612746
95516318
72453797
58441082
50548892
73830852
8499257
19276814
46892576
6094831
62761903
17424954
62600760
2007703
35851042
95345291
30895017
62342944
24818326
53428633
34298417
39310847
61919415
59000825
76754863
6790430
73179733
98627741
75592414
96895162
55554025
63076818
24252212
4083253
89942553
97905888
82174125
60635141
17789694
31076641
37988751
57058025
13566022
72218499
30975530
20226798
25968635
52419423
70263960
16671765
65707926
54135071
36021260
37388278
63431538
75781321
73943960
8165046
90725955
41390421
88186664
40830898
61014962
41086622
55689624
78197014
54281002
57257081
37819714
47914937
90044268
83714345
2351236
4924935
38908093
70242770
56927318
68474116
11860170
42012017
59925634
53733349
53109885
81582672
80393458
53009844
61591236
32887068
30239563
43915559
86858085
98990334
90304218
56520667
4810330
57873966
35366705
8805428
43795362
3086633
30566744
56709767
80226852
40497068
84791000
46362318
25364996
95389845
67580753
86929418
16899495
82851883
32784316
82081639
1818740
9309684
28295709
6217371
25851312
11042376
71762042
78340690
8746530
22969293
52004847
8854270
31263515
36477097
19161505
79154438
17369395
8003185
47254790
50676756
70135842
70516492
80995830
48354408
56317622
35082286
41837987
26120023
89838062
60813093
29954826
43287354
42161712
72277109
37878325
87817809
14805466
38384804
43616003
22950546
93607305
25609360
25643831
66129057
87780636
35970549
38665660
50119236
12330970
92664934
66792245
52357625
52172987
45967694
27073840
11991476
72426324
87107282
48736926
9757033
51074310
91707468
23836991
53948983
86891509
37023291
93112863
13280471
47930724
41403048
80896655
67356708
38262018
39378159
94786540
35174092
57353089
96425915
97019289
50370785
3753379
94454886
3830260
67571823
65265271
85536167
29626846
89347904
61394464
86679061
56777939
10878847
88116874
24617363
3470088
62813865
53067272
14924857
52433717
18859000
37282223
83161311
23109583
61344839
85595269
48481072
73825841
36753278
17609348
82984514
42437337
25736778
61707045
60320978
45288445
96259197
56476910
42586880
93461883
55948156
21445900
38901558
51502198
80366095
80327050
14976284
55983851
22140652
67274373
11568123
14577614
2160290
99574638
20638796
66290887
63777804
37171721
51663122
26234580
74057941
82614645
25184519
68067628
48680300
2368833
16004306
17852843
2998447
61583820
33475852
34673084
16126410
16606986
52527982
39294992
74732411
53422514
21813720
4697065
38215874
78836246
32918397
67839151
30239395
21922033
26394160
7318570
95796614
43819738
51992924
34683326
13821478
89867898
86700404
29779371
72544669
88618634
48163069
48552618
16528320
99947543
78935069
62142970
47378624
91236322
66888915
88386508
17715138
81526155
55324922
10878278
10717429
73674266
21539290
48986239
81262927
20512369
30352790
96136325
92483996
32004294
76106416
12103535
28665400
77526244
61796428
82569200
14395726
59552839
76356687
13987238
73112541
67058474
50910206
90494840
38854550
43527682
39247349
8538509
59184669
48104347
75271314
70046074
30084271
6438052
2551032
32886035
34765131
79194529
58513982
62727650
83390134
46603030
51191768
26096304
87261486
17529580
58741099
90911960
38638166
53260377
11976182
47923862
18033022
65720113
8677751
48617460
28685286
84147113
77374715
80080946
64499912
43719581
49494476
73266817
26834300
10989431
47512453
78450326
45885649
39539751
53288380
37913816
92469936
19173163
39398809
58888134
16006489
6476268
75316178
25634272
50148435
74011502
61083646
62230362
78089965
21616890
89203111
40874359
54739465
30709716
39551028
94953621
30021785
63527984
91500522
71817773
46008856
14098829
37725965
75992058
30526239
52771120
11139060
76283807
31973529
80793105
33855036
31530433
23091425
89634526
80942496
97011400
85489852
82282634
21486234
20658323
5188673
57195206
75247415
34195587
88379087
24931818
27156716
78299966
52073144
15404132
56963841
73740073
6413578
11553505
74488519
99908236
72036226
21518822
46343486
34268981
98226456
56206879
18208543
13028342
48488169
38758584
19500590
20502119
8580884
82253879
86887669
24674257
87718688
45683809
47180807
65415034
84727947
97342203
74117957
83802877
98899914
12259726
35505132
57568313
56897393
28637205
29352764
89035401
57310033
91666091
95945918
57928952
16561067
65090678
45854300
59294315
32259238
31445537
35783407
3189571
84298192
55469722
22694772
97897256
12751430
8449896
72773403
55515553
64520169
77364015
76003223
42390706
44090628
41899513
96672562
38720093
90492935
77101553
59472610
77546379
91389327
27706468
32283165
38657849
68957311
75765518
95473017
34295912
85412294
1164908
47979516
83691244
43984147
57965981
60335818
39546683
89128903
31567162
70881885
82146355
42018481
14487935
64328930
28930555
72634437
68789412
97121859
81446268
19636142
9865348
78914056
68836076
79628513
97252796
71646774
53647996
92884556
21739360
17473185
67294915
94320388
85928615
32679011
71651461
44920250
49431490
70089100
5766578
1840368
90317807
27867110
85084267
73016915
82807538
53783707
36265633
70254685
98803998
15828959
54826819
85963865
6532425
64587729
93422095
81017346
64844050
25274443
70546994
67660033
98463162
55618935
32349019
58629589
53862362
62618861
31723081
99333774
16311913
59080390
17563728
40408841
84347772
26568550
44497449
50744451
86699826
81516499
75144341
43840763
7686994
61407227
9506325
26303073
55057068
4282846
44425808
49808516
64987147
8828972
13346920
45346681
1605839
27540152
23129074
92880193
92914343
48436457
17478329
51328214
6464188
99028788
58709623
30592449
1885819
73295883
60832473
7569676
98088910
8295175
80468436
45267056
20866416
41075467
20265250
89611942
76408337
55900817
48176434
28317314
81478575
35521417
76826526
85585034
97045747
27434156
8052331
31658440
33440518
38959290
10246772
88579004
40968875
23508493
2311448
64980564
94373537
22370915
72233739
34377305
91542437
75495137
65355796
75778215
92239239
67342457
96264744
69882842
19654045
53369070
67138359
29446741
31711375
18595927
33980952
43584253
80893149
23004024
53894863
82166530
39346521
31244212
22306984
34484900
83967952
96291340
25556108
76590137
25297846
95066676
78332009
65605293
95971303
53200535
60261440
52995885
24375103
25527273
82826388
42662887
86555372
27298503
83373486
50678274
2587332
99758824
43849083
92922859
86517219
62347178
33281379
59596404
73429575
29161221
37013529
15522601
28280245
39771536
90155073
52933863
8728523
36205296
28880566
73770355
22077951
37066095
77670094
97302527
82113456
24015829
64684810
99542301
54728329
76241672
19195239
29084063
91325790
89402594
50595543
39786133
8707359
73746948
26231201
80390229
91277839
51716411
92175760
17640179
94149245
13894208
90998447
61360383
99489251
19674463
55069816
41339326
30496769
52349987
84476175
59862717
2321448
5464276
50312423
35569256
18756646
68276354
4025223
20419907
6925353
7733599
77622683
1668142
97659583
42489338
62550827
7042768
72536316
97726029
6739499
98325991
47282261
52734246
69382408
60929879
3909887
78450420
92454305
54696958
3440923
57461393
24881602
15948505
77628002
8105386
52441623
48858411
9005831
30147498
30646654
63961547
27010942
7554805
93260389
37365717
18134914
14734947
16865325
55195707
32243466
47955254
52489263
78442747
5143095
8538717
26732368
29888101
54704872
81097215
13252332
60208973
31369234
21765128
19942878
66342041
87585538
64548105
73243927
22997720
11482614
66749575
67464463
64694618
22582716
49959215
86267369
24905362
43957018
84477718
81576434
92415633
95416984
99056563
77053970
89158119
52325802
31033765
26219172
22125521
48129953
34395698
39442089
30622751
14382600
71750314
61599033
42027200
3188975
29793075
73128571
68206954
82067144
62668526
72656070
9808721
5255010
76706112
80365894
59906549
93531105
78054265
51425462
73829584
52791841
44618250
35405059
45442625
88885002
70860566
5577114
1711190
61681229
66711330
68654157
80456068
63417032
98323316
59855744
70110128
54542376
56494945
48489663
26434876
72175708
4894098
4332503
52341593
7202134
99923206
61685028
59051726
93927614
20674636
12848132
66914291
9747370
92294193
69633314
94776080
60734736
56161384
97820728
77713907
26209021
33403023
82763335
69073897
32985783
91639348
54470090
81950845
36952472
5306091
21885720
55597486
23202450
34311409
22052848
84556452
67724901
5016068
16717913
27879600
49730188
2863093
33494484
16115267
92110835
83846264
68214340
15086113
86279924
71003202
94116266
94786041
66037467
32546915
18538880
90927670
44496014
11447248
21848567
9012612
43026939
3653522
1242824
71530852
96101865
66012524
52431273
56875541
17464390
37490885
84953886
93105207
1525970
69483287
54950888
78378843
86686590
78681075
85524269
81451367
96351893
27577663
78822670
52735166
69177744
13512245
1845525
99982835
3723499
72833875
89622005
30051624
31300428
38434354
89221848
44327851
23673653
60712008
5806901
76472900
72821610
76416339
12904210
91192010
78376502
55394650
1784099
34518618
87347645
86889136
95049026
74169629
72927063
66030465
96081052
70179931
69014195
89181483
15417222
99446902
55446919
57572131
17565146
59557788
56333857
55923711
14847034
87102688
78262997
95896018
14730442
33528685
91938122
87289789
49841655
18450604
2498367
50674288
69755713
64575898
81417659
64424760
34032460
67100627
44331869
2162574
70443130
63712471
39775505
21401366
47175146
90052893
54760376
50520827
93288521
76070300
61778962
69940018
95652638
72364738
12652700
7708736
82656527
12527676
56641783
20414609
28193109
78922357
61443229
48887122
55964030
69818505
2021007
50785428
13926521
39742926
49009013
1865618
20083544
13178055
14674387
51845124
55045668
75893790
72863783
60591130
26063520
71223559
12963938
81728897
43470046
25560193
47929105
52165904
16991044
1426594
54743038
6696747
53439949
80239942
11652504
71542113
37373154
10393084
55804265
23287023
53731880
81005794
95490742
37504861
52728125
57275939
80234722
20403333
97971278
34508765
54157066
66685515
81669762
29134521
90324974
99718468
22723426
67431445
30485337
26370764
19296072
47712169
78773891
22117071
83898615
31120118
93974044
64218672
84350422
34906288
31717196
8211608
62016149
21628847
84482133
24624324
78766023
85252982
18740867
60407928
52810424
89230808
56472545
50575619
78202574
44479103
58781876
47655225
94957548
99617081
78321017
38703071
31886687
92342067
98917547
37479944
62763643
33299846
93694216
67307822
41876888
3901808
82069461
73462640
46876703
79898106
7673864
8726709
62673022
19847722
29883640
35218863
5534173
20767234
50701552
51635764
3300821
32417333
63806324
60493234
12702534
10298762
11724058
52158138
17238290
8561705
49830375
33241112
24740119
74040320
89467252
3077698
66951012
41942412
99498070
1690180
66008011
86829793
71333433
81718435
57443375
61310344
91079937
89170405
65502434
41952982
16469041
65372071
46297030
44046201
28883883
58614594
8580193
18789097
10202053
15113295
94673079
38352213
81074393
5497951
77944255
68467946
12677222
14765560
50911100
63939241
72785608
5212955
97856978
29365422
24192421
35465683
59803397
74762289
37378675
73516980
30807126
62974978
41894120
76124557
52038664
44443523
21719626
29061829
84012774
16807178
96507357
28357608
94438981
87614424
42347273
34638570
74001329
78707544
19840069
77190524
92106984
43485838
32056602
15014027
16204697
60369649
1315040
21013125
34322440
71473731
34390224
31082919
57759678
53254001
84989272
79433058
52609661
98447427
41081011
32591767
81033719
54581087
35819246
55309189
2337678
83565413
15360879
98223088
96460690
28413272
64314681
12107617
5677636
17222709
75842479
33335483
32938666
56732031
6815317
16093062
15605913
86284290
80668191
78036225
67674434
9120639
74480136
49973520
57944732
14555809
6077556
6231911
35834998
47809832
32011107
99057344
54091349
21517158
87439959
37827902
83062797
86648420
84185565
41864299
38969535
44436748
84041362
62976404
32606582
39938024
29960429
42043518
28306657
81493385
56543883
92139296
23468653
63761992
40671698
54069583
19226009
60427657
77149222
49302458
57419433
36948773
77952630
33073496
69001434
16081382
5471351
24303367
89298010
62506525
96034379
20350422
84794468
15960319
57736848
50947206
3005992
27137407
30499539
47104674
50592733
38044861
58948685
37814296
96358059
62143022
33487317
14582592
24360640
18201432
9907653
49969718
80009708
72013850
1743475
56607985
72062046
1944792
78559551
26900001
91027709
61934603
28523816
74199179
73340729
58476684
64749814
57849349
60448593
76233163
96241716
86050090
54187120
6457200
52749680
4269090
45604615
22838180
55444431
2124091
20353422
63996535
42584276
47315945
52578856
37850215
23698593
36546758
52179209
89093969
34240821
52452101
42403495
29734077
50738388
98403484
82211705
39475180
52319299
93629011
40863939
97349673
66196027
46699058
30015505
13336641
67896783
36867185
46531007
79447123
24737834
56420866
49286836
24129809
12581532
69342877
38772934
42039630
55436189
86970806
40884109
47541478
22270244
69588485
59426525
19319422
11154313
35928144
73420443
27003334
51851568
95600103
2060014
11399702
1263459
28817407
11639891
27242490
29246611
56580406
7638079
77539640
50051605
41280173
54431907
16438197
52646563
65982305
43385623
45546728
10407690
92043875
76181787
24154906
55399577
75663264
66186555
79474259
96356252
29057932
15236546
37257861
31729713
30171829
28532272
85826178
65289668
87140492
92657639
32795784
75127793
25080280
5216797
59306775
4074757
32717706
65181605
84515499
32181200
48757357
39800435
72149943
50382576
27366274
50208938
27819756
63920353
32520814
86709197
39156732
78076697
69154459
89296947
85716788
63253073
5004989
5666863
98063202
76358575
41227245
83538851
52504371
50602986
89199033
52199588
14835144
61083747
55944839
20473823
74348407
19904679
65640850
61421955
59445769
60302354
84766816
40076595
13770592
65167011
69722463
80659461
96134392
82939086
15117547
18776411
73701267
13489037
62533168
91224390
54429355
96543528
50787940
76347846
24959854
80729711
47610923
94238807
36992253
4610086
47412462
11451023
39357983
22449605
91696394
94886419
78399709
49924956
88407050
2124215
57810118
30868848
59005328
62731728
95373870
34327634
17972206
12992922
72454192
27247707
6196283
76744224
21989598
56025993
81732370
66215010
34448302
30688704
73394765
58335370
90049738
90372817
81128783
55369955
47572603
97929360
61552436
18296115
78029523
77904295
74587555
29726171
82186697
52564530
46599679
63794595
72109229
26637632
3603046
43483983
38122715
82723962
50962191
17560469
43995900
72175785
50827895
62100276
51052031
51269022
90136818
81871019
4494405
90435664
46853443
1502000
36113689
76397400
59052340
5734396
54267374
90141375
66557981
43324119
69821836
83950626
72865839
92317061
80510899
88541388
37696292
18985286
3531619
71206365
7715130
85841958
33175018
59446041
94885130
11299901
66791548
34423213
15156489
68131110
46522049
41982688
27844160
14885194
28821415
21678154
88860752
4886016
70188362
55553588
33682814
32108129
93859494
72753501
2272274
14296265
79337166
88345341
55234321
22418262
74422808
34022587
53657447
57926985
9493384
92582648
72664481
5130784
78357826
83065286
84017497
94944429
28730696
89918888
81479392
84877968
66097861
76225551
79624972
81243677
5285842
50836805
50338754
14657019
24776517
98247028
17396673
64817262
69421217
6377304
81524967
52330546
19116967
3280922
42103298
7801563
44407731
87780051
38290314
13478694
65269190
62148632
2042596
54802423
49256415
12144980
33744863
59677614
33299608
94729244
68404106
53052846
99414933
60562447
1098767
84158988
50392632
52542555
82822913
78310084
69974545
47521362
58337099
54889509
77199487
64940729
14303564
94232450
4490491
51424161
34748799
31026778
62638408
22293016
94310665
31170682
35598930
90013578
48786331
64444114
9386136
91468910
56087217
68981197
19754313
89190410
60088670
15512407
55344366
90408574
38223241
44859341
50794316
29387592
63440411
47355546
22446845
3967427
75670073
94820852
92760590
77239586
49993950
92720472
81814273
51829174
6182127
61622028
48115636
84751116
90632474
68933172
82133279
54146455
81380107
11687008
93398718
13961464
61850556
8738560
35266932
81126194
90556564
36653467
21395393
79073427
17640954
83270050
83179756
76991803
39824850
2764676
5499560
37583809
76452753
66404439
85234121
66622977
72596540
29242716
84165753
77637669
50138222
88857568
87271712
3612053
71857216
20360761
60463592
74196389
9295806
83428022
63908911
59819240
14893123
12300510
88825504
8041643
94956355
21987741
85504735
16374968
1697403
24910414
71725987
16466297
27459483
18070903
11696789
52212556
17839963
85184140
64432809
89819057
48983161
91510859
77252063
39100164
70548146
91232787
57579114
16001974
66889769
4901127
92676937
37755282
99849293
78465910
8845808
33316101
76552437
73626337
84119432
71162485
75987913
48921151
7165268
7877818
2692291
67530287
94541332
13001708
47769070
62286700
5320934
73250111
32107032
3921874
87859137
73982132
22276175
76892486
18329125
30433933
71012868
6853677
26764761
84461722
56130071
52563200
78277303
84989179
58395675
20256344
95509044
8381745
26845495
13853728
93778686
67083056
47465251
19600762
61351177
24196640
26163018
62943732
46223651
71904286
76080610
74245705
50007695
9657319
70922554
68418967
81982582
65180173
7550622
50732960
6619717
44243168
52584263
37681304
60228989
87957438
18653280
8479515
16610754
84227455
9627189
56695187
30379508
14248919
95804265
15268344
45562192
57115930
56026248
7372791
30052470
24543451
59473153
71307696
82820977
49203809
33362683
25798858
33337065
35685358
68388312
85832325
55617568
64258009
4786366
43378065
48977197
27612277
11372548
80692794
12975406
89630011
45238545
90384775
83934547
9151566
66500362
91205545
33758611
42593834
29277449
31298157
48391524
20436812
84766294
74963054
39111563
86848774
81029321
76272508
58943451
19966102
18440296
61929960
43219227
29612998
48137896
25316004
47435878
45187535
71447926
81637969
64590275
39701730
85610233
48414058
60215278
31270844
49146418
52533277
77468720
99384841
83413004
53316839
35298983
60481158
26334819
12418599
39781458
48522839
59087029
67315384
72380897
54410134
22399206
94159359
20059903
77233963
87450087
31162978
90141605
52716320
39746808
36614856
38387611
44151503
81807798
58392929
57514636
48513942
51000580
93856760
93891319
84881225
53516013
86221144
44636614
4621801
95149122
18228290
69485653
86166081
56169944
49466535
24695153
38705697
83374968
25269938
12157728
38168327
69022617
56643479
51995179
64547756
64700134
72736691
97940601
41741299
91773618
5586972
51882626
21215338
13456692
91280773
37496339
93212181
52206817
68650478
44069479
82364465
49784534
86077763
61478801
27104270
4147705
8470145
8756524
28106546
91027093
87737894
51076937
27980870
29699976
48086139
31093113
62283009
43605835
14368311
84272679
64370216
13461514
26353085
35551752
51750769
20608178
31491660
69609380
86773081
83340488
24581971
72992373
12135648
83120787
8411250
32812122
4180121
69889252
30540801
84339251
14792158
92186691
9263979
59674701
58188970
84991277
49619415
8935366
11615153
44657324
94218013
3142891
25182291
55071037
39624855
11280633
66657023
72891880
65712134
3210862
28081613
8596368
63689394
74629214
65924336
27863154
77839623
92974131
75487206
80417192
81861498
20755148
56141374
71687204
87020027
66887496
90861653
20570263
86741031
56345241
12752425
2308529
61061209
36556647
99733535
26113093
41520576
92789002
89247585
45809939
6050206
12706256
5086885
3853690
9281002
84359853
23938802
11502506
93432373
43129130
83816234
53019930
2358773
72490450
64696543
2879164
10460475
87843202
55989258
36035679
51252593
28347691
13410245
97452043
99489299
74507171
29972700
59165160
54533923
71128168
24032399
66177660
5440164
54836985
70708326
97108141
99007323
63916235
90250490
92681565
12167768
82202015
55309623
66768958
41668617
64068350
22581984
88306186
55577339
4268513
35761116
33839378
55667537
78913807
18206619
13065661
58156969
85725152
31852874
97920973
21180175
81035877
97225387
67091736
17581343
22888552
77164432
79894296
6298018
1184389
8406710
56195991
37178707
5793396
28084739
72195421
85422534
92425573
49217694
98640536
27883946
64760715
23135655
60068747
73358454
95935844
38054113
37993041
11879544
97491410
5392025
52921057
70879970
26180758
15299583
98401387
82143649
88144565
50480439
42985651
31916637
27964826
28343821
10089569
91925530
98261193
7518932
4435298
5168312
42351467
6451020
16067771
30258523
90759822
45596345
6918303
77723399
59997111
39047042
48636540
51604162
84698659
44131905
87201957
41898017
13090841
76525316
64566995
72924982
29062049
83851491
64091868
27717451
47385525
71036911
81137775
2736585
83664729
85203725
67897100
37581459
36903233
18849749
21856625
75556724
17740095
5485252
20395124
16585269
82273600
1310988
99791040
4591447
38207023
86959750
33531607
38422907
84114265
4701633
73845629
40563107
77631403
85422340
36500330
60259498
9620200
96088727
89176641
6890568
25142881
60460182
7160681
73446050
84325037
33650805
12612455
25997177
66566198
62148177
77337963
92776922
12762000
62476394
27502956
71894359
64614968
63861512
71331636
80087665
82544197
81232583
84589478
19977840
99092220
54892151
18335812
11982263
33656863
8747356
4586024
77270434
56716443
10667784
98242308
6290771
9658532
10751264
67931522
51593896
27098149
94655370
33318002
98312618
52707313
58978773
10673895
55716183
22008010
86147998
57081291
25702166
47948947
6721895
33474246
16254727
21021929
94277829
49912393
83888135
9233784
97841331
36734703
30821526
89078197
17889331
41378250
81746078
77125802
10111837
49186922
93431013
57649118
99487764
70477156
56207081
6864984
6303054
24985301
11620117
52134884
96986062
63647066
13787103
85198652
10890360
37370559
42392360
20054202
19815530
18481041
51880741
52536319
75835708
84546470
94155447
62619618
53725527
94291887
36622759
54115816
91359921
2445789
50765886
63422627
23090825
42983135
81851157
5128067
90665839
9804129
15751644
58233623
48326375
89842951
71025181
43046297
99799838
12380867
36046593
28470919
40850987
5861632
28889020
22377316
75026199
73104435
44050038
99620295
55543028
54146763
3461003
82629008
25339347
20085036
76752974
94374655
16427139
38059478
47467866
31365279
48757216
5976644
63306858
50404812
73174001
95696989
50206399
11339380
24667418
1603769
51766591
53340282
70632087
15723156
60226197
73437377
17779621
71647849
68328582
95308805
60136322
77052583
6837765
61246526
94618956
87153792
43830947
41425689
51797906
23638146
96229126
79099820
45290353
85081414
4369003
74708573
87895843
32631229
32425014
11706759
36568427
79810935
63741167
52028025
21202563
94121458
99471188
77295802
22361461
93792796
79222047
50587014
55630371
66095280
32853280
45043866
33184560
69111841
72298652
1648870
97332543
95916399
80544055
49805117
10034058
35104766
52502841
11289625
67409182
64572342
32470790
64582676
53473580
21256628
48913523
72988801
48286632
42416009
58803622
86918225
22413843
59776401
28785523
88850129
86159128
67496450
59053980
96446184
21378520
86511338
18974706
94271914
2912279
54312212
92509368
49511433
44906086
28561731
19479136
70844131
26151595
39998924
54432482
16866032
61621254
45478853
45956573
77807735
27175740
97537864
99016067
5267144
84607288
59813459
60363226
93375660
25170743
70542569
11961278
98984943
69469892
93460665
80341678
74257742
73681410
61098528
81642724
78454379
44514139
16887782
19863257
63776125
87911549
71749531
61152484
4520053
9950630
51320182
19790402
11867515
49488728
21248825
46456557
48730501
85183052
9733053
17445735
51494253
23669951
95795958
70026263
81214240
91231242
79609866
42561334
89106733
18560312
75435233
11881017
36464368
35653085
73158485
48876771
16060575
32892255
45485192
60728255
9719642
24918714
39925348
37898544
90611280
34411484
71239431
36454780
38253975
68166705
86171392
16166464
28052614
22585897
70492134
3037242
2157530
93794544
27334092
25375893
66756535
93542930
74963623
9853648
19555319
74242341
98244655
5831044
18691498
91512017
73139722
93436618
73682257
16443230
91912914
58273049
17243039
18370608
3441444
72162291
3449244
93297176
57913088
47382055
1319669
39388450
21087278
15483914
41399830
86221549
26648208
26959403
61414149
11033805
12777109
80756516
62080560
15038181
26873565
94444799
72877236
2599014
98714057
70232899
75786513
61983524
71827612
60980127
18807693
49147929
57229787
64506052
84752996
4552335
46189218
39872946
79951899
63341512
33836880
88958005
75147287
29815447
96451801
30274467
13558540
57809008
57590841
13958461
65580490
2515446
22092327
82394876
66677929
54244136
74387854
81596099
90010175
89648969
83737051
52902269
49854505
82975877
35697037
76385581
85851663
5035763
33492536
48182880
78902485
59990606
82301478
92720092
44885931
31535241
35074328
99159322
82247154
73182167
65429103
71336347
48819929
86421118
67656886
18710518
26583764
8830980
36199334
51973202
92282787
23565950
17258499
34594066
99642007
10199063
74155790
80457082
46355773
20283160
17822971
24088287
57477340
99307652
92826403
1890970
38842505
77329636
89509375
13175511
24475150
99342069
71817925
70886225
52590207
79399937
30181275
1802777
40859437
74830376
16262059
90348888
20340695
29768162
82590360
41638687
68747690
92842277
96320634
94312258
71995980
11725175
96567900
37220938
13188892
88609716
16738092
27000310
85656839
15022422
52234462
54122097
8752280
79477559
93682873
80663117
96279831
5801201
12281985
12173186
70677575
75410564
54645816
68606150
68425379
52491633
44868214
74727543
6277334
77255759
56841214
53959960
8601071
23426684
92854361
31171075
45022641
97359201
63478296
5537902
80258793
7113057
75628572
62038554
30735405
67571978
55164011
34431649
17690726
31384105
72022991
77237647
33855561
47020474
13013318
37584071
21949418
42106445
87519371
97858553
46963678
83104487
41331446
39803798
20545168
14672344
28276889
87003963
87475243
41609107
4082828
74249923
57597500
54785712
97083167
70270414
60664822
57057083
47198663
66740555
63859248
3535261
91799046
3740493
19712744
58285329
67376343
30578686
25658367
50208019
74929466
18146080
79445911
60756885
93133357
76081976
7118081
66720671
93512734
46168096
43082500
46482864
74638587
65448050
14441477
76272546
32289786
26503355
45112392
2673154
6422634
73659937
69892109
49037433
16238078
16048215
54333974
98743048
73291748
66148939
19413923
21176208
51620622
93345652
13679555
54969227
66652219
21605277
84442549
79564668
9408626
67664832
83161696
96692484
83389875
24376555
30938535
48598544
72886376
22778188
63223362
64385597
22426826
9271001
46576473
20587067
59188311
68855231
66030350
5928559
21007382
56155612
30235223
94278450
60158632
39215409
71954680
80654956
95510965
35040782
20865784
92081484
30814008
90803694
79165223
5480448
56146554
35451944
35567278
93704799
31534799
2669616
63462012
6966924
50109922
75922741
2250125
23511694
99989767
7675195
43870889
57527870
23801604
71078269
76554480
27725503
51060217
84705654
80611032
85861326
70884965
79253120
9549727
4429767
98433588
68850802
20361960
75191689
6026291
56144173
89089990
29421923
53859641
28707024
58854503
15268699
88369868
23534767
16913620
42083225
61939924
89715794
49724622
30976115
19542522
69372739
52090702
95396691
83449490
77115173
93357170
62349641
42360075
58798577
63982851
23954605
57459149
65664069
60253267
89652022
62337989
46768635
16055882
44728333
31349242
88943083
22943937
67603498
55974515
20619133
29868047
82333681
84294064
61383052
26685481
86283166
21763145
98302942
87203599
49655277
65886693
26047857
21805039
87248509
37430546
10678627
14485629
52781856
56746544
75714691
38279539
85145072
95944120
48434926
80400820
54795612
82120646
91551329
50802656
11308180
78130856
75513607
26418494
2018592
96883364
73997989
69127619
97974464
60879942
83082581
20709281
1511274
69727146
15856562
78437759
33745805
60389213
8183668
24631635
78163668
85863689
69440449
2704923
46158673
74194259
74785546
69760028
20064792
78529133
32829252
38350671
99056611
10780008
72101295
51868847
5830669
82524508
59785214
22603643
3770872
80495899
20143746
89239373
93000872
82096248
21155062
54226970
2276252
93200347
95593143
75281027
88945949
79546989
89186518
60423992
27813496
12342353
26040450
86658149
35317015
41744230
12181798
26853470
37458874
13719326
15156072
60515051
40853260
57239694
96666274
42542755
62020266
82548693
45003225
92920379
29479106
76242035
32721350
36620193
98234679
39389245
98610482
24242805
40711128
37182410
6061762
34101422
86875979
52220177
2928594
80329318
23738780
28295380
66146859
84905783
86518116
94857021
59265711
5046653
54354616
21553146
89293551
64556789
53823294
93104992
76763850
67214318
19415571
50712463
39807642
84438970
50742211
93297068
70642813
5114039
43815213
45935115
24380300
38640778
66406308
30580542
10668177
78518841
39277266
31278364
89884656
2692964
17520410
58905327
99303736
50564152
19643290
76232780
37563413
73021452
8362433
76019717
64438223
26444841
3066706
82461707
89968743
43046417
15081725
17743896
26696721
75443131
68547672
97871635
63089006
16384731
75691710
34707991
27410223
39359624
65934144
78784665
85583125
94183380
97864703
29846634
57212793
36592918
35915758
68884160
97588653
41422012
38295587
21366607
8979698
15887199
43464991
77808163
33246371
77555405
58186654
34200308
83265965
35349992
56924842
70246570
74090045
64932976
62005367
83077005
12736872
61016585
18458685
26605214
14336585
37021255
73667396
52712679
29021874
5738432
36200813
60116879
47963631
82182573
74512731
16661542
63238049
35817459
24449778
98994049
15614930
63971523
67870789
79883627
22080874
65353341
6275127
34404062
45508031
44226581
60742479
65510855
19111087
70976039
12477299
63340436
39055158
10525179
50941630
54499660
18976622
3255170
37649222
88531497
8267490
31500171
47097177
31399428
49636713
73363120
90992547
81369817
25601771
40119575
81849300
26581187
81320820
10272786
28783467
48968327
53667419
83628419
65337236
37340362
81521218
75876698
37733715
47540298
21792316
80235941
53540544
55947254
54274938
98597822
13306515
46850151
28284480
8716365
80928099
96575484
88156550
21651479
36819280
65927024
72432285
93164106
98411134
57257461
37353700
29208127
19952449
65806499
9160522
93611506
9470768
34051089
21198561
77802945
58674936
3709662
90996911
99435051
41973661
51942548
86318820
7022282
76662076
8423123
89149403
50621243
39455448
46223318
12881171
57083770
55385322
82733739
84776559
76956888
40778149
64849283
60822277
40550374
30388279
80730970
93575335
22396788
17300923
14388368
74555861
31860448
26303995
67682818
44138139
70073673
52662460
96362025
97344033
54281622
48247892
24147690
89956403
68464501
60904628
46733951
20912355
75449060
93660054
87498377
24525068
57369480
32895224
74566606
93913818
32508770
39033905
74264056
12727597
12209111
53380954
71047967
93574935
97486228
89948562
73969611
92873423
32511734
83243024
21911055
24662311
41301526
73206584
65268112
88279156
6908225
74538779
34819883
66540197
64414666
39383141
96675973
56789363
80917415
98470298
87346428
9832351
63918246
96965306
9358885
21175542
63632504
41586030
70128168
10442882
22794506
3304518
62364250
5436770
25740098
68515794
48463267
44850000
18198079
45777774
97765255
45012429
43845995
96646117
69243967
65857119
74237280
5282835
32896883
36969408
38452229
57843070
4991276
61784818
14580659
1671010
80969074
6819207
46253723
74422580
78373353
13544122
10339651
40848295
63820853
79902309
11734031
39316003
53784601
47961522
45476259
70148485
36944345
30177321
10546204
89582865
13231773
75091101
72914985
82361081
41306082
34135378
80629511
42257069
32724606
69640864
78407175
50920255
50596505
30655521
57160940
14639877
67238842
80086107
65112781
58657195
86294113
77027893
88925634
12479095
24212316
64166046
62512043
27384937
49999587
73494026
34080601
89965148
95207890
33921836
91903759
76824111
59925917
63058042
34918096
62134941
49629042
67864335
80576657
65796174
51545496
71553018
30119516
31340533
75178750
41486358
67284729
89778464
81854062
38687621
11704845
39628298
81677956
6971875
51596591
39775861
6186513
92528486
48987264
89530737
11334994
49239899
36338522
69887129
99268386
35309517
63705000
9453042
48349488
73680950
64648017
10729005
68006526
70733377
43630225
42307963
51243488
27466723
87076980
77771797
10063852
17688289
68613683
86661623
4238103
38773793
69867138
45342657
10461789
71041769
10446226
74462669
66992644
77036482
39031338
45418162
9459852
38040014
96451343
22894216
91214548
12234229
92988110
18111994
89734820
39390102
24353099
86153990
79412675
1217777
68417995
30845138
71496350
13495679
38865365
24307277
20328739
48219461
74866044
94114730
96043342
56328506
72876016
10489132
60891637
29774984
60546363
98645959
26060769
39084845
39491352
25128621
38998502
32486080
86762753
12576351
71676171
73692550
8792485
50771958
14668393
91795012
12280322
55489576
73894999
1965314
21359467
8259407
88351881
68624814
21499120
72547497
42592172
12791472
44779806
94783772
65773695
86730585
82178492
48822981
44027521
84476134
21704657
5268820
3491666
57924962
92604821
85618567
97727399
66718631
61335885
64177117
48806355
46478103
59142047
22929221
35824962
9995192
72505165
50019038
3657385
81463187
1275028
98150561
61659210
16694646
85714934
17849201
3717960
75219299
46005556
56065071
36933874
27777771
88127691
45949576
36635559
38853460
71294287
32920906
13207438
17698414
17067197
71668339
79792139
48007680
97437380
13413869
32358992
54912214
57723947
71749526
3259936
70641081
69192301
98445443
3160526
24500629
96624212
32007513
91626489
95368411
42895568
30162525
83459263
98851475
96741485
17812529
33975987
8656930
78949518
77664286
83254525
45581977
70733288
8890713
38797700
92681612
64493209
5590274
74408710
14199327
16948853
77671487
51354493
30584170
10838307
43853704
94215531
91767101
62990333
44005620
22416183
26909732
2998943
5584328
54673897
79126709
76614900
5496821
79208036
55654351
34032745
53461536
2362649
12981418
73279823
77666574
37509060
6806413
51395036
80179693
4639122
21302703
76616831
95282638
93462001
95635631
39969244
87381655
83165446
89542750
4965359
36310614
32763133
52783853
27319917
10234129
96051752
50720231
88579138
15103078
8493049
20893866
77230473
7674246
95475776
82996665
52777617
89226395
24672250
56289929
83255898
27229678
47395631
24404694
46783751
19717726
6877828
86460105
95638251
97457126
30131488
27359433
54527885
78998686
88669348
54721729
67042586
14165766
54223444
14856851
11365014
99037767
80694614
11296158
67788041
18194201
6845181
35299858
35705699
83354598
1358132
60814202
22736916
46483534
47979532
22741491
3361867
11003438
74760582
12985753
48171203
74587301
53225961
85946191
31095779
90905148
99031740
40958044
97177895
55236226
14890044
85927886
39975628
55500998
6898643
43372353
36312356
54031382
80652656
38273807
51391498
88174392
86384970
78034123
14053427
74474690
69951732
49105510
45311987
65229611
55143052
83131426
84338543
85294863
21786866
38201503
3266175
4729565
19967916
81063649
58757117
88457894
19001242
84029988
40036978
15632205
99748359
63356075
61992756
22101672
68095999
72414628
87867988
78450497
40428765
23358991
80032939
49849161
22274172
71413176
53301494
23521695
54899519
1065341
18001145
62865043
8048955
86720695
25534289
85462934
58402822
72315082
73040721
61479369
31824930
85047797
65496244
48152667
87529438
96322284
2234127
3870792
19732814
48202482
6503988
96859070
46433250
36295083
78663925
50851829
57558934
28653638
5366964
9249852
62460229
10988451
1908979
59826359
88050120
50585294
40759125
17943484
80031394
22680544
80791150
43533443
97227497
10319501
17010972
70473520
91297285
58086635
37603261
63963446
29914683
26748931
63332633
93713132
20684128
23222515
60054443
72996195
24723049
38260529
36315791
92113249
83773364
47659840
84706879
77539671
34082514
57807513
90241341
18829560
78616038
99795938
24383977
68196673
25095871
58402148
98782782
7168437
14839372
24552332
36500654
68521076
75712246
99217869
36826038
14303585
53181321
53463370
37648559
90077020
28142374
77739017
32537704
82286772
29196350
27890715
60667291
71086258
64449151
63600582
31686788
95732391
94012591
87060165
80012757
54399280
72111447
49152971
41085808
9074832
99905199
46875389
12770869
47793157
6877360
93177587
46008910
91287353
60877123
99898529
68718890
56165509
26580960
22145985
35537985
31956616
67881696
78864584
73440939
55383310
45206018
43547359
34630120
41962137
19810871
87745886
41557196
35909666
99128364
61610184
63910141
50457300
14103605
93791560
3707531
22827510
96174612
85950483
66268013
43680366
62522468
86046520
37892508
91476997
10583641
17876469
85283775
21626861
55993829
70696759
85956173
62350644
20776467
19615260
6534717
15899437
91314610
40545547
49244207
25479715
73899323
18595760
80484781
38876167
56050497
18432720
67760675
76452300
9624327
95950478
79482904
82568855
88819029
24163222
2622375
89053523
75805145
43971435
88153361
55609453
96722265
75893828
62109342
55084049
84465008
91026805
17849062
21260916
49761142
93532535
76969566
4186627
95256084
70905953
33790711
50543614
47378134
1806879
19340947
94904216
61875413
98178353
43652903
79296411
17025995
29648291
2295961
8119767
10775368
9410272
67471968
68174058
66724050
12531720
64109596
52939148
17088773
75045899
43130512
10603515
6158324
64150809
34956636
30860762
79513049
85269010
89826678
57035106
31608210
12075520
41238119
50218394
98445373
95851676
53120701
68812365
13335662
20884375
81921944
18794265
2784467
16291209
22921444
68178577
77570845
23748633
2203212
10673570
68336943
26925141
54892111
82422955
4537415
28995814
50894592
74521390
33622399
53553274
88199998
52137558
94715065
92460369
55856030
83098873
86583790
37055140
42012354
49141278
55682322
36541881
63703993
73554089
84652471
95799052
13560128
70972953
51156677
38931748
64511931
36185971
82823592
16565941
40367198
77843502
22860937
40403965
51527832
29205220
72304251
96342590
59071641
24519555
38697683
35945088
36507273
20911378
79315165
32050490
70914986
55931784
92128075
75003863
29182891
78805687
18085055
23456612
8801554
2103889
6935044
12002220
86889820
12303516
20513510
19349585
54603083
47730316
77533182
3697719
26779355
23219834
81510245
45175325
14393610
14865054
99062056
88959737
48591241
17503516
9370470
31217817
83592813
16488015
54101558
72306048
15086735
46044196
73039893
4728031
79843959
77126830
13918405
59757780
67777600
78988179
89547801
3003566
71329751
1792531
80552666
5497328
76983632
52647576
79989075
84283312
6207206
10700986
73558052
96472543
39102313
30963161
48629476
47537534
50514304
61202228
14432612
26693617
45829646
12421901
7998214
91099464
88923539
37011746
74752000
30308024
94762787
95986509
21813847
1573961
84017484
45227421
11638671
33727248
27942571
78196620
12754064
64356195
73172192
48985666
70039517
71823822
97088596
33956165
40562703
71106240
27125797
48758921
27160400
48277755
33852217
66369252
11857623
90435594
70189519
46666395
32224608
22302865
11746019
41406536
89014813
15113101
65569691
77664415
79371716
80371826
18451254
95086512
39960022
95785830
60905343
79977784
17756986
75933891
95880168
52422694
94112559
14726871
72341161
33129692
27288461
1105099
95374524
87221223
60502185
69202191
44857038
26962579
73396638
82140134
23939434
85785610
11078162
19535378
89684741
52980770
4625042
40479225
51935686
96614258
80113665
52000813
49185586
3308109
9805189
50009063
4417366
72602003
28068197
26804090
78447030
14058366
35812482
28821682
43472973
74345111
17361050
55592648
15719904
3085493
9463893
73935955
5291766
8843999
3411164
41348731
84737754
9529314
96740080
66688378
55940826
90606753
1240235
7947546
86069817
20566428
54835934
89381447
95838849
84900826
63425729
41740164
72510204
38051087
96396634
81121835
89520887
33924777
61261526
82666952
66887981
20305025
93077678
11806527
38725834
92067600
63310639
23441140
31974250
96927722
32477467
80873099
47935558
57696332
11736195
1410227
38184837
41606192
99598904
43090879
82532892
81126234
85054082
72330757
19139842
64854315
16591912
9308149
82450025
97640547
67943630
81780053
5125292
90960393
23257430
60389000
75777744
89743461
71021183
89317158
70179514
27325826
89890065
18669252
80568014
44070449
18000510
36957300
42554087
24356976
20683425
72571675
67237826
70088854
18319266
86522143
89448836
1323870
27938700
5581536
15995235
82431356
14230276
54926479
19997616
65735197
29845636
58748414
28537129
13057766
4295251
38547026
46586765
99887097
64139239
93512829
82595983
74355547
61041213
70160107
38057876
88574658
8924757
47982560
19428840
21646573
86382401
49158889
83984568
61554989
93012544
40608508
63683838
13483553
93302590
73783136
74448053
69089949
49287735
78402814
8273387
91508270
40687993
67018850
17062030
49978067
73373992
46661902
32486064
81095614
48965805
82931958
4695874
29494001
38849842
93606828
88541039
9671678
44433287
9125692
96695215
63615553
8175369
65816634
74021143
89242855
17895326
16300597
85367292
7084919
20856612
18640036
30087552
59236706
46709423
80449113
10254588
52133513
88523295
85299474
27882356
36994695
71509256
50848977
26652785
93672358
31054033
94048882
52354373
75547976
84259722
30318641
74820795
99885924
5820002
11695205
27179367
66956409
73778451
88205280
62776660
51919542
15238044
41321733
63413934
30324798
31749668
15820646
81817181
43307538
42465434
6799626
49483604
93255406
79646865
27263270
5609652
8652613
41181960
91668330
59196434
95548228
72080480
46766238
69549292
60679083
34547415
14617293
17514257
43433941
40610959
13072829
28155145
21760965
25943621
78588895
79883864
37520515
13843959
64662577
11108427
16344717
77122010
58598164
98378400
36396890
56410116
87309296
18988586
77516345
17940966
76745323
31848625
42539779
81863159
73985462
64645968
56564463
29342140
57207282
65302141
19449798
56351748
71496347
15216891
82340577
97277500
67104335
31547841
93008746
78134088
14432913
56996693
25662829
70771616
70500679
74495329
58355956
97634977
60076374
30853177
3344093
65154486
73313411
35536270
65562806
79829152
15158983
93909843
88596878
38904328
18349452
19001809
90216896
26840653
43650481
43136325
29284517
72573225
18264702
20467157
1147371
80141869
75056803
76072661
59067048
63274465
81371029
34330106
83622389
17833534
17328701
40269383
76029512
47649167
18789994
65407691
92385879
56425232
79885940
31281862
13872802
89342908
2137334
6054104
10244449
13191810
41536285
76037437
83230320
3486104
57193704
94333380
50998297
36007608
1671804
98097278
65929758
71828177
19451269
88939338
2166219
80225796
6272666
85652818
1529812
46989840
34225072
52495854
43498471
72319767
66328887
20563029
46025244
92444024
36447847
53810175
28600602
1444870
99864370
90534018
19944816
12673281
41045495
78234499
69194029
81201408
33021678
45146674
12650266
90139559
66158906
51789806
7411776
35313065
69912550
47923135
75658124
32028225
18585406
83716465
95226704
28612113
84169369
14895583
41453283
10656352
52088295
36588186
74251634
75493157
53367396
37985934
71442717
18231822
44444414
32401896
11519731
62797127
47414057
46638932
20726717
57469386
39267254
69327791
32980218
87826404
20797030
20692114
65138713
44012207
22205653
8517910
84170857
8365718
61347571
32857671
25693810
7754987
17867442
92352066
65814754
42718768
23920226
20454495
10339079
49711678
56456422
42672502
45692930
8232348
68873910
73360238
86629723
89801535
83913928
3675203
84275121
90582098
13493882
79919654
2219344
16327084
28182855
1143701
80064813
71709851
16647669
53980134
71838074
57371195
45629362
1257466
35089953
57147982
23962093
11839773
99429916
7642319
93448481
65961969
84874917
34581256
49625350
28348326
41630621
10236197
71209880
57875163
40940722
14921533
19265259
94831726
95957851
72147105
16921657
62948796
79131956
75390533
96051344
55879853
19079809
40164828
27167867
90717540
50944113
65891152
89624892
82292862
63645042
97071908
80211880
35908203
10651980
22965421
14351594
8304570
25851475
67109939
6802071
14518520
72746129
28081854
30323172
17181075
77985640
94163142
16006632
29923406
24933239
36018832
48660007
36532586
78901869
95370988
28549474
95709525
75321723
56325067
50603493
1495655
23473317
17197812
92451972
88050316
2332475
53719768
2155714
38027525
62026029
5100220
78032728
11460203
85208645
22481520
53941339
26231707
56656369
97729992
9468599
34826196
83542060
3853082
10816855
46866371
37880274
99778111
65971001
82267539
63051196
28944828
75833953
17646112
42323353
25184858
56750916
1217181
27733060
31386065
47749757
75720740
59755694
61277896
75960234
62369170
15374879
20818363
99335017
69027383
72585475
63100712
84110067
21885433
7391038
51428383
67280833
75053184
73205398
85978734
53434674
95510396
28467938
50375657
55675903
8224136
84870636
66030994
58747954
31345983
12642613
22701565
58578854
6132020
56139422
23523692
15981587
71084950
76235227
4646965
82418923
77400252
55158535
56328069
67166630
27632191
87458799
41385495
84021870
99578680
35269876
33217777
58701897
5884883
38294653
30432851
23110457
9886573
51962414
6431028
88511621
31432335
56330801
55537956
85737067
87928611
96192570
28336609
22636093
86482177
16358452
25251914
60023605
95200797
78701813
59866220
88974285
76572974
38563712
76510614
6032185
88376306
59203471
19887776
57263152
52260775
94245356
38431884
66874798
97238268
57261792
34815348
92045785
95117442
4415850
15405833
40624528
4528245
61331049
8179724
92854666
32150384
4866039
46249539
14790988
44148982
3001340
63846155
23828835
98612324
97494050
13382444
32430536
68054773
46617014
2961771
70203508
56301321
92254975
74643400
99216125
14660217
49837134
14348166
72720863
6087036
86832303
54434186
64098568
39844261
88103052
76180685
33319021
86395368
91344351
30427316
9638722
55185679
79710917
91464911
31949063
40088056
84669048
25618430
55243819
67974926
20233828
72551765
99549134
82566220
9865028
77793214
14530036
83660231
47065002
77452311
89686446
24585696
50758509
58881270
43895422
50639845
42491263
60427392
58011430
41676112
41236264
18082803
77104763
92413855
21721186
98183567
86248760
88098119
11518366
62568798
85965942
35232847
36166324
1342146
42158703
56878147
30341014
45628325
96199656
86131625
81751047
82283866
97079587
27123578
44351304
48434106
92838414
38122660
15679253
4774363
43695494
46478637
69252619
96084907
80161988
73742848
94861421
50665481
96286392
65491157
9136243
40814829
1121807
35095306
2356113
5749785
81095569
12989304
16785270
58464727
55522116
69857836
28266983
50601512
77604725
61624628
24228859
58689170
81213999
19503526
66779605
62802694
79321484
63793048
48447290
80949839
36894671
56375881
34345776
12195141
79748058
46783926
57714350
59855132
27182890
55112408
9045891
72165301
96613625
12271189
36175673
10140513
38165345
4932681
85730037
29763302
67825624
41063656
75190267
44068199
37082012
79618956
3751348
58170668
76818058
86300513
88738468
75697019
20428477
89223149
80867435
59912794
66081439
11882650
75487149
32006007
52372507
30402440
73806833
74576336
39875305
12062318
45954734
60818736
43406845
38837118
41445309
75996320
60922900
56592584
11133849
27224201
4537301
65133601
39495225
88724088
8726723
21454803
24272729
81153767
21549850
83266295
24333073
88411494
37465013
89249548
43021850
65822305
78595359
46580627
38420154
15241308
52785055
16202110
36027900
54743234
60255175
28244998
77290472
37906244
44974105
63867815
90675861
90417493
92399905
11210439
53013553
75052625
42296359
39829101
56076946
98232741
6610218
41478464
86696318
61761654
88334884
7901441
86174082
23499101
71984473
5752753
4249280
66504670
5931787
16879627
82372573
82227829
94675309
20584071
38175924
94929912
51867930
68437001
3619065
74756234
43240329
56426962
59437687
91079486
81233599
77577640
52979651
31516706
10122330
17097820
68240331
13815820
24064191
47712865
54686481
47418626
40603975
75512766
37714244
78842035
90094610
7478194
58562161
88961697
66170563
30922237
78344916
75662447
45785224
68269738
95516087
2009575
35775373
61601236
89012530
61403172
83907146
41123805
91920845
14142675
26580881
41162949
49573739
93585316
85950265
37757433
18680746
15263456
59190002
44760171
50938492
74279566
61732000
98994226
64774302
71937335
20022530
7154400
13754602
13726863
78846541
38077583
89693022
88282441
61932496
59996763
49198622
26412997
97261831
98814882
18248877
4440841
11641334
16448824
99960720
53492335
21671824
26508942
90161713
42858638
96634968
94347010
24806918
13311597
23896154
98422411
49625141
75519498
12994843
4680314
90546092
28115167
99067737
33575452
92440460
10451064
55467701
12992003
40898227
98520900
93148090
53035085
50748664
79033709
79090581
76537915
56119936
15792826
95632859
53609498
1600783
40642717
54534807
60097263
4669273
83843903
25223850
5537575
10175779
72263147
41320874
43148144
17048463
47505047
39259435
50798361
87783807
93198843
24029777
47634209
6293876
55297345
82899096
40382595
78844669
17802810
26557933
82267709
56413863
83110391
49212486
30167676
23773404
92229830
74323355
35106823
21999365
91297737
17730949
59329766
1622226
9737722
87869019
40558913
19552099
19906058
82281645
34171449
91546923
55995200
11056717
73430423
93362251
43041367
43633791
12601048
13527974
74177931
11917524
20162284
87482638
5896071
15822447
14732878
17761454
52248764
81359731
41060077
30948202
9853670
55235424
44097926
62535509
79115469
15275870
32954613
62562934
52026579
88886133
35164233
94270063
4520966
4338379
78197047
26859415
24860122
78767406
41559128
21974870
50409470
22439277
17895739
43719960
78570911
46185902
95437963
40907174
49499798
82440620
51043688
25601475
13942867
40801117
83265535
31796921
64201092
2375901
57296712
18607020
79131778
13936142
46729438
20128712
64501066
81549639
35796838
82104028
37593571
31172394
62200051
60180982
38450025
91805932
52921962
39171990
36990806
50944375
42252876
54555295
3574692
97739795
14854746
99587460
92196737
53418956
14234436
48586858
75740156
56343137
75080484
71136416
79474427
64152204
73766408
82492377
85799563
32593971
4099074
76795383
46042955
58887355
15009687
6256843
50656698
10241542
81615560
33139436
27753512
70005095
75160787
61819414
16556245
73536534
4857610
5753228
69662183
12547097
18742097
62883476
22287879
6686214
28123915
36882428
2097893
85932608
81290610
74171702
3368818
96194169
59373634
21084911
89178300
23706048
35292272
85750509
10309696
98140465
9414693
45408060
67731992
92747545
8595690
82196751
38426288
21387793
26052680
32215725
21737340
59723677
14867406
30528242
91277602
9793211
72315028
35460815
28993585
38486078
54593203
91894086
31005484
39121151
17336696
96075117
17371857
49998914
28861501
11529606
9462076
79474511
18570489
2898721
47321986
10929763
38189996
97527192
18404601
80484399
17282501
50345682
34281076
90692014
53851776
2600492
95503791
93983786
43774380
27549872
90669775
53722956
10157784
19254732
67082864
68317805
19329286
33969300
22704718
64081760
27045730
66346323
30094938
43696359
24722602
46842525
72030114
11339800
94703888
85818290
41679790
2823470
25684771
32180143
85253140
21349190
62776304
69041823
53242405
31579884
6108539
10139291
60737096
79443681
77625971
44272318
63972853
39358600
79528105
59503023
36220103
98385298
39594350
77856151
70938430
6026441
17858554
9991791
36159727
30038946
34778699
72841777
99989189
92874407
63450404
58962560
2910234
38350481
58495352
98759082
68467240
43569489
82286737
6941908
43047655
65485861
40531240
69259022
23494164
61939486
23549106
22187659
77038019
37872772
66326597
64661687
8072324
21260571
12711921
93749673
17902828
90489924
7830713
82850196
73422586
18972816
63508859
20971570
25157633
80986635
9085539
67728747
75308134
22585287
48625580
26028790
2086212
69450081
94928923
87472323
54836294
24855752
47693520
69231547
73298989
49802381
73050832
51662007
31500616
55533263
29551830
5390283
42462715
47750449
97494672
27122542
16844988
95826363
8594326
56300061
95654923
47586547
42320435
37363689
99426956
58333850
37770543
73324471
84378267
47266425
91447928
72546744
67037860
42816778
45416882
58069745
59690096
99456539
70727817
53887018
86527550
40045761
4626656
84972970
37095304
72242627
34098515
69703650
40826908
29507414
7814993
61492741
13007682
8125788
40431162
43855621
33477858
72243104
23111942
59747589
97800705
56249232
61922854
89772313
93972515
87775373
2455380
28343038
85922265
4079878
89445678
2568332
33150987
59109250
42689114
12963715
93233269
40114326
99913974
17440378
3850899
38011503
27452571
81793774
83863724
84198478
75929794
58359756
40541549
4646375
92720823
37158605
55911307
71967027
45826628
6463318
52112799
27290348
88883482
84218244
59786022
68068497
18501460
75329955
43322235
86948793
29527666
53121375
28185939
12540298
78808772
32142251
20960610
63678667
24298485
7968848
32334516
80813266
83760634
23789802
84776069
42340132
49943509
8618352
6660924
36897643
96191852
80034602
1366689
27032738
75234300
91686804
13814394
6134626
19143443
99344811
10247920
92326762
77557658
8317321
13932177
91854498
57280255
50004435
53366959
27324980
10895139
1377511
14047984
88763962
28287109
59635670
42138368
84701759
84756426
19883698
3708830
77762501
54798301
9033314
38299034
46883312
16617111
76135623
13515778
24885713
99310278
92320797
57453112
9959925
30052058
47283139
21974845
70155783
24873505
41350895
70822868
46430612
18797738
28314052
71983484
5094613
57783320
98532094
18810858
31111755
33928102
16127348
21180320
35691664
45956016
44933582
68841509
6561844
84417208
70204491
36309362
4984811
60327532
79255573
13816576
14126596
30310853
92319182
88742719
86499422
92432101
73418627
79410166
21438527
47414007
50924673
89323069
42260582
31501214
67997623
56412472
5903536
94485470
43724108
26850951
8304920
30434866
41588639
56594191
70372908
22215808
56879158
50032834
61035256
45134507
89311892
51656178
65434697
56196586
45082852
61258670
49896558
21129415
70611480
35822316
83590573
31341503
12692928
70677524
2248350
4652972
39624117
12015947
74968922
74309588
10421873
96168320
60359740
68318337
91824531
77244557
90353736
15241010
68803482
39184752
58236585
12900272
22469780
23256994
76681307
12856785
21263058
60482575
41584972
59228819
99182050
26196504
88487602
20683157
38342515
86821125
53703484
53959601
63875562
73806745
26348957
98286782
6370373
44813222
67359271
98216109
31381988
53303757
67573092
48463709
49079199
93290341
44274345
59137694
2220493
26771332
85564167
62097253
34337663
91696809
85911092
24929409
89408943
58516937
58925940
69720317
18194922
82739408
85742577
60499326
43265510
25692591
88955824
24703352
1395016
10835394
88129038
74937701
98986621
64396854
57869543
93595478
91184050
26696684
3859768
80267152
26383024
11057675
46919237
71723162
15554247
82774422
28445485
15895528
60231505
93160421
86816484
47454463
98948424
31605571
51970956
45469584
60883292
11265073
36655507
8982905
77434278
4720265
26286111
6229555
91954156
34873149
65193240
80738517
4851639
40972939
75830196
18721609
29657810
73605892
8006204
84849407
15089530
73893742
1484723
11588348
62128484
74017909
51412470
99753749
53283779
6989628
44658395
3608795
33423133
54045326
21805131
60411330
5072844
1981995
55843251
53132635
47524845
85580739
97302765
96605053
66980811
89982690
40909762
19476920
48870612
39811193
48955310
59927282
31611223
84440305
30051933
27228110
63981234
74277263
56987083
43736074
58961263
17142538
45247300
13758199
66865297
1281109
34229512
9341577
58440784
54695968
48106359
97434916
49222475
29433992
27210454
88595295
82153646
24292857
62888638
42887060
69206070
14116706
93773846
63753108
90141642
77872781
40475091
51093466
52531576
49166442
62983658
20162719
34817336
60130571
15108698
61512976
10547040
65270548
19430408
97551631
87777598
1144351
85544702
81048264
51992175
23192664
77467827
98670684
91855487
80274923
88302288
94979532
36413902
4054489
97045634
43509015
18975387
62227055
88431137
38073018
56082496
88696538
38288151
70477852
87530924
38957690
94109372
96423758
98265530
80693820
63898405
52983183
14111855
4732070
73607034
66952773
19392627
27251179
85444397
16773454
19894314
25529508
37631732
44389841
38547115
93940553
14992727
73801901
76496089
9314056
62783534
94380278
60088604
25623667
22698982
51906296
61704413
46335055
70034653
86786237
21211585
39080017
83912935
93914904
49630092
30408996
87412558
18601307
31747225
55426460
33691613
27840674
91781464
11954272
50203842
95796009
57787198
99832683
20955647
22744657
86861496
36983795
55051642
32458923
13726366
87946181
5917704
29004273
4977411
89800137
3113492
76126006
53790222
53945172
4598033
81952181
75767068
33819569
76639577
38536351
90274956
1150036
97940418
25557216
19079297
56734744
58609299
57356308
94367992
36081135
71131369
14312207
91405741
54208293
78969847
93735378
57081089
66292101
50010943
15037579
94196891
96334611
83983902
68719642
15458869
98309594
88784198
89295365
71845127
7479500
58035690
2404197
1596218
96183838
70152347
72336991
88678970
79623696
9560236
58390147
87384937
19235921
33904438
59887359
44531278
55538468
70639700
75997354
42849202
65854734
90810535
90076832
92475429
70353300
87122544
28267067
7347012
92956213
42639213
97989570
42978903
85333421
81103924
50923807
13928272
21976078
88585745
49330396
62858702
71452726
35410595
8700705
96251690
60523846
95492914
13765046
71924297
32386306
24726297
24419821
92103141
45177479
43624278
41469289
41303826
62756995
42337530
24852121
3074281
97821527
91004646
98392522
59949801
88219473
67039874
54711984
97388725
40775977
94966525
79228423
99387310
62357976
18402682
61127313
44909327
27934294
79794294
81516681
38147573
37810285
1514264
68152190
44135044
71467313
5053171
10891112
34496899
57344752
84961906
50350524
38518224
23565545
4828372
2863941
99035582
56232455
54719232
49007474
9203362
49611511
86485241
87318438
55883138
15322663
86408845
20492184
74007237
70453272
32096623
67840363
91526284
33322695
63451146
92940356
57950659
84283917
10706626
45650058
86102009
15286309
78630184
26338187
71777336
20117389
88144707
96875264
90179091
32036995
56049585
9857309
48968867
16181591
55362887
7887439
49897136
69941734
79537413
90749026
66699720
70031934
53562346
66527142
2934296
31793748
36399995
65716234
1283387
95836608
50763590
55602651
40827984
60346223
69307151
36083573
78648578
52967974
84997307
74820429
90772339
69304593
71656239
4848913
56756408
49850372
1219490
21340203
66028190
1905963
33072995
11624790
39249847
61610904
83150781
36913054
30351226
24545828
26962936
44318510
7157240
9361582
17979588
43252894
67876454
89106629
67874856
17328713
87046411
4208702
89668595
16622918
59566449
67220762
75715551
12715449
40007836
32512352
29650788
21093434
66014934
83581521
20276972
7981258
47239089
59032996
53459783
55067578
92349705
1633733
64173665
32849568
51481076
33981335
96154194
30303997
3438605
65287661
64245802
1261760
79638535
72929646
95881170
78413186
51851459
21760863
84524954
69826392
96747125
34327592
77089654
84111607
72130257
95715296
27523564
62395888
32459686
52972912
31998306
33278021
59578391
97863862
69348635
77818713
26568748
95483476
72170757
82612376
74325298
29401717
90057808
95348141
21847288
9883450
87016039
2962214
66597797
47431559
9990440
30510629
30693611
55306782
98887174
22527273
74365352
68095318
73428507
90910026
35401281
82730159
8514220
58385902
95842951
70776218
90738353
11075264
48882650
1515522
25507093
2107115
30293991
6202264
2558359
71650150
26916004
15136556
44678719
30409769
32363840
13337862
8542058
49176896
12200788
9631988
49376644
85439069
1431587
74250134
5777138
70459701
90048881
32717889
42496944
17276373
42458527
77218963
22111195
81435987
22944336
18790180
68768187
52088046
7761335
10832058
99124073
24780297
52181704
11776615
95395213
28400223
29933521
75311412
18126970
17047152
57479896
63890613
60911287
69830925
45888832
5889872
57690444
65514974
42601256
58170191
34206455
49257216
8686938
12885174
23440895
44600926
24689084
23872936
53597460
37554690
9868649
55040824
3182243
84278096
44416405
19433187
67661159
57042213
47047475
57690103
27717641
91363007
27475631
1250933
17913524
52622287
82770184
43649950
64080821
48161918
20396712
44314119
21628805
80205637
69055096
48923626
3379144
64783143
68134345
74774558
55103098
36710043
61596427
78821949
97357868
5254288
55392848
41455736
9598857
60563405
43731437
27962052
74586395
28858420
28054466
10480435
69586710
4004985
67788264
3102244
84506650
22970514
93193975
51339578
90919314
23239874
46505501
45985378
75021458
51130927
68397251
49521896
16017288
43263977
77179373
50969535
92545058
83327255
34144987
16392217
49665804
69120746
37225545
74815963
84172530
43839016
83862941
84491296
37291101
99607863
50599186
67782587
68232608
8165557
47696213
75834425
96645603
53473657
84866130
47790568
5620477
54959466
93240061
5251509
26140755
38217105
23451633
66270892
49030776
94517203
15213644
32105711
91199411
16745162
19370035
96774847
96340765
10718957
51588516
10310914
74183553
17097683
34612243
99152876
65621029
26996801
1976770
73629837
74927612
60611505
9415393
33591698
70182406
1684742
73655315
74827301
1275362
31472536
62075513
53301946
28309413
49937991
96101261
83665460
81209634
34624894
27574129
57724810
20950996
99485689
7876253
87478113
6650307
92235045
42476233
14994238
23600099
14086080
34273994
58861527
83842520
93479230
82747036
17471789
96306080
91356849
77071779
44913324
96928611
86794925
88859610
46489710
48780860
91927563
93288535
27961878
82175765
39710713
65808500
88037380
83237327
74344212
12374236
33549003
49348947
39350594
61474438
80906537
66410647
22988451
27094500
1560776
15398951
76084346
75136773
85587408
83804082
42948117
72117463
44698293
96569464
69014427
72660605
31712913
20177815
42491813
25307150
97184293
94042605
3226721
19131550
35323233
29804126
90408792
55276042
63698117
45616322
59421479
37598963
72738983
46086691
1859802
52207242
64921959
54142099
67902398
12347628
14226176
5045969
70005114
16220313
99316093
44051134
42111442
81958487
51122244
60842962
5445172
33034204
13017726
99934602
59142344
86985916
78475938
11830426
9374632
89958891
6008103
14224130
32786549
9137422
9482512
73584038
41094972
86557093
43337810
70588126
58917082
53528204
49545407
5919227
35486861
50010477
25465681
83415188
47995570
78677082
74312306
6201504
58135300
78926827
34460956
67980237
15808008
86871113
18343063
66006285
3719820
58305799
16601311
3606042
79943681
96075715
77994131
97330250
25381765
99334183
3185231
30758386
1323987
37659986
78305826
22150839
69957308
67946358
51341122
87094329
95208756
43857641
33081787
36321589
85427061
91028558
20675328
63875606
42172835
94150280
13312555
95687925
19852278
35770642
63034490
32142152
42866396
50164725
72659101
17162878
4248312
68515531
12635469
16321752
93697177
37773481
29594305
90204159
9549210
33044940
28248264
47540230
68316988
91820244
17045663
63176891
35073252
57191410
56762813
60962227
57614132
15069089
24247903
12692899
37754096
74034478
27369560
9351122
32334346
15956741
50816307
16417926
72671458
93702070
69744972
38514790
71107802
63450125
2730201
39711911
20224588
83303470
33683199
8915447
89643571
60040252
33690750
18360186
22943539
68196896
15012435
54611031
41222665
35804659
38882529
92235516
94025061
16823830
96765097
69414168
27483027
76587394
68243207
54440576
78636575
36347295
5748773
26045631
22929379
74079557
53483496
35702826
90253206
88724091
64906772
99621375
34557224
81538470
93887573
29585726
65472932
43365126
33012315
37333285
48275662
84085025
47865918
30309065
9307842
73263220
64477806
87585071
7174309
10198586
68563054
45480958
68591086
3477959
34006345
15290669
36307875
8424930
23876938
68494664
33279158
89962998
40346935
39250317
38385311
25767101
88925501
19928166
35656759
1205041
19211917
2830696
13630914
93206767
51420532
84743443
75154988
30485784
22685360
83096571
37664015
25795736
43363240
55883490
16501737
36150336
53870028
50717289
98724824
59507541
34625755
86440881
18274704
70121994
54135850
31833211
94442648
54799124
26371775
99726082
92146798
95956253
16582702
14958272
36351901
48775448
43263869
82442293
42458916
95148244
90915651
61013260
48435859
67020050
88927430
11087773
66323847
73797656
86624411
18149369
66558337
67446604
5758937
12439725
45443554
71056877
24985702
57780009
97514240
59808941
12828545
99069704
63206142
70214474
72275075
39119845
95448296
19951082
3220321
99610017
9333980
12789695
40586995
88372361
87401247
48067415
84247228
93282048
70725471
72443613
84767308
87023558
83480839
48326747
45450045
72663796
66505795
97017845
68536573
94383437
87971151
55820752
62253519
37241077
23064830
19569819
88080731
97125282
22211448
14213954
74798663
10992540
18965830
91723662
25899512
87271503
88193355
87646513
72933344
30980472
42636256
52941398
54045467
64338451
8051987
81763782
86303117
53511994
71582053
77942548
39808145
99867865
64221232
96764127
49582368
22648575
98983601
59164613
64740796
58078088
44500405
84981941
36636504
10029768
89195452
30592946
12695355
12841891
73168660
96100940
17726652
60422984
9685837
73840783
12714402
59629974
62061956
42007427
55586774
54302154
51868125
55159713
57909157
7128546
28277983
27576209
62943648
58735726
48419917
71276189
7495157
47015626
15105054
91895866
10192704
61058809
62469823
2292361
84097683
30078060
11011366
5078781
25038347
90630302
41855323
10195130
18743420
87856981
30604688
24647716
91571274
86697173
13779760
66875039
48255083
64221994
13710263
50976455
95794836
29687122
8613625
52953127
85095229
29950871
92429897
48370987
59164548
52477116
28706660
13595136
28559617
86071828
24224160
88901316
75894292
34076077
89114418
2162816
6490888
50281738
48429298
8682978
99681856
89676097
49044126
78760140
54020195
13735574
44129680
81515248
7069560
53532401
34317381
95905339
16145509
68281683
2526500
18148192
71349461
47148302
18399784
65863636
58291110
70093231
95683673
67472150
35213066
55826547
78502693
51468882
86452846
34663839
18149377
14635834
50179801
60132886
39344227
74335929
45884127
40456104
21239537
78536721
87763465
84913791
92083578
9767788
22539960
32135848
54520733
76168229
30953162
30912471
55603073
2417146
93044370
10166053
41645546
34365577
8343472
64017925
15993172
60754861
44692430
16112588
11236041
15352494
83305567
97270217
62416002
1634718
40743148
81386913
52632018
69024626
89230636
25010154
49060343
87966086
97522768
28137359
14219108
81402006
78188153
87002002
38626439
52453907
89757098
38468693
79546931
16893710
90596453
15332501
54064738
19501340
71692115
96684501
16523602
18284233
61061945
14775930
42429952
91382746
47363803
60447709
16394113
37774861
60476339
61867917
54649580
89672624
81812968
40906899
50542931
30809888
74238090
24311878
24950148
48746320
1293494
8814885
48277908
26546763
76087803
46877733
89484674
97151248
46700135
77669733
41761816
46407094
51620319
30055859
80978508
79739123
13270311
76121194
87102823
25821294
94059942
80776669
15017176
29185133
34383090
18915541
74406033
97993068
32602088
20132135
56096976
70316678
25952340
93145430
40012537
86027590
32575160
75178232
41917983
35566189
77413248
70281769
98743884
5598988
5925760
96713418
5080353
39017790
38485036
3301981
75678838
97049428
15572079
70441732
31312770
63703953
62775018
85519562
97899400
84725922
8844017
15482193
26769522
56324603
13040077
75355882
35768486
43867611
66363277
91888215
1433186
78395946
36747144
1667207
89006586
25604410
41846007
80992242
95568369
62710661
78657615
17590823
7084233
50918748
12365325
2576214
23671066
64896338
55898188
93472742
62739836
36546653
96134126
79790734
95859757
41136268
2074989
30480910
21602778
90427486
83220428
64516955
44666151
92710126
42746633
37773190
61493581
49638012
90802211
10194756
70972995
87039249
85642468
95406747
18062127
60016888
40646644
99478481
87049317
1722826
54981819
93952879
4579937
67621686
78028777
15853736
10435222
16182807
27301110
36206218
30305812
93995441
12190661
7167057
39248167
89581413
69971743
14244784
67903206
34312314
4447744
20306351
3346141
17364472
75212739
39769504
67682594
25169902
81793067
11010614
13811305
85742884
25876138
53967059
30671390
69056099
65032422
90455238
77064680
38919009
56010762
72347095
42145927
11598502
29074613
81408392
11369676
99246276
83288755
16537336
20936185
57961707
6319747
42621467
90964615
23031915
19672175
11943692
72150495
3357109
29404694
9517245
54282125
19277341
59385553
91706874
80266011
68865263
28969260
82371802
93114007
29720342
77799682
43002386
93749241
5242077
83798322
97618782
16822723
16240732
29527089
65844977
48653838
90578055
15582111
69876519
43908734
91607335
80670933
25680496
69671993
10298745
45419442
54180889
78172393
44679085
55479462
17011359
73153968
36023326
57372999
57886386
20174365
98727614
83800965
31894339
1972461
2695222
61985325
88231826
64439660
62618378
98332464
85104061
6378348
51091814
79037744
16033523
36569882
87761355
62887991
20853846
38945472
76728379
78760578
86376324
79348970
19617214
11532099
43658482
97471999
89507300
52047187
24659629
91406295
94365067
54166114
80415968
82313585
87581613
41898443
8627484
40273400
89072329
70567307
53598748
83207220
58821751
34357177
41437468
7831492
89133304
34729942
35221145
48691806
86153219
53468943
21761832
87403440
73558302
97939346
19809014
70677284
31951434
21057332
76011978
2209287
83759639
27749149
33004124
51565912
95676533
80680039
56405935
40473778
72521692
61965121
87194100
67671692
71221690
61870160
98873017
26640947
20419447
57865490
43250728
39333127
2807382
24484932
70230445
2388172
34823987
92171334
85852466
12733790
24616012
78954040
66960251
6142939
44951046
41063223
29314113
83348356
65838011
49154414
9501284
97591742
78729740
91102672
84179088
28970594
33778504
58107185
29359313
97409394
41579073
94489973
52271861
67832009
45308989
79012669
27828343
46879455
16815935
98285631
4269040
32266616
42242545
56239566
15165534
47899282
99296369
39844852
87991276
92498353
7010310
9678489
74906670
48993780
22201922
51687009
69721510
17971816
77033192
94966658
60811268
51819538
91682600
27166838
36341923
45132127
13029980
2956271
50092120
7197510
66695858
84522979
24243409
55846949
6432427
10301933
24874405
12473400
2499994
51770990
71374856
20419085
67552367
36735947
65390376
31713159
32437779
72704958
49224566
86277247
50115577
40490001
94377513
13992280
77031727
4531026
20433636
67966172
46648492
67731772
36693868
53679919
21578232
93930760
84955479
58744070
12720670
45766198
78663503
9312460
66800932
28195863
7730506
46237923
30670872
85786943
90062117
64798605
65343104
97843934
89439209
48407890
45482011
76267922
7443418
12822125
15007326
69712765
59832651
22148072
42010641
7277637
61065566
46365313
65146159
49440892
69653883
49139532
85191781
25515903
27089677
48549789
57409511
69664198
71611814
64306787
99419595
22264952
21824914
11420745
5125697
80048056
25407269
49583988
34438131
64132334
16598049
83669596
16020077
54561515
4716313
68048417
57015542
6786313
73345807
79722108
66238358
28639362
34556735
17027958
60370229
12873373
79124320
17113662
7895241
47062397
56891897
61633674
27122419
12152471
93949401
47213620
27492832
62191483
48806250
26040065
36906113
25749545
95454137
4985693
90558943
72464657
34786635
85082635
81700377
44646576
17142815
80247835
19401584
58009938
98732914
81115127
24027934
54927480
44885436
26588749
65295058
32258719
25046063
80613817
74840028
46913168
55703861
17696159
29900932
8822171
5190107
51392742
52779007
34103801
86352132
42702457
53507896
34510945
71258238
40032521
20557984
38119707
37641965
36807775
44533045
64380587
74949288
60564495
62038301
63800394
95850718
81203303
77322213
13488056
98865894
28126929
98403056
23861685
37448075
11923442
20177396
55131220
20825291
97157781
98753631
22583028
18565944
84086938
89295565
66817989
25186285
60348458
34791922
55668500
10486629
64629318
61217979
95189550
78093800
47697974
96935885
94036888
44015420
72474371
19630565
78006754
87206316
48895962
7925833
86505038
10181533
68986875
54106646
8141745
28978728
87955293
41058153
39924265
80977396
35257090
50977084
21201295
36206546
62539244
5943426
5144865
29171435
12476757
6728860
32277363
29026187
76526769
89535637
32061380
39572847
41342583
45901446
30870292
16876016
63343581
89688642
24539768
27615123
86211080
84161926
65190520
7634737
99112659
81129474
17362317
64879452
81748921
18091790
60480328
73276611
93887091
69213531
90682950
91272443
99333998
18340294
11426295
55887313
86675998
39618893
58913305
89440814
18014704
32249004
47896456
61436148
11227907
14574697
99213651
26098893
90070010
30095006
63424981
40297846
46523572
69154428
89687249
44134776
71930386
93856095
13412500
87047266
21385467
71948447
98917129
4023095
88294358
68785397
87315158
70766374
75344752
55549723
31655084
39605649
42475455
62546467
4859777
46744078
39698276
80517418
37980022
71018771
69104858
77666843
1578705
85271504
61029083
95586710
92419780
53776892
30441070
43980869
6429840
18618081
97474327
65248023
81555645
19025831
51396843
55112165
83908342
63292497
58192486
54799740
9489463
53292596
17094631
33978931
34385082
46298074
91817959
77802181
22317287
26833453
66348273
58951399
77775026
2652938
29407940
10596642
36641227
83467973
20123475
15664329
74673980
77876734
84112761
63018355
50750613
54398172
52757418
17164660
62799034
41505242
35102444
90558815
93976320
32189868
54007358
99055996
9527839
59437155
32575905
36220620
58469230
87067705
1283866
3574438
17824009
97139299
14807416
28699437
57965833
97830878
94415718
70773801
87497591
57471598
30997239
26506195
47309978
7033793
12305171
54428048
1785185
14349883
3381595
16760625
60854069
79459705
79357974
50334883
6772287
13587623
17422427
50545631
63239966
59551871
75562229
95693813
32107093
69886840
72215566
40112677
61455511
53911347
23064925
90902036
35553393
25972117
84695586
11892461
94134092
2424989
1018651
60447057
35444991
36358443
87482886
64417426
51930543
34162651
12398015
49960075
44591955
85545924
26618570
16353911
29390282
46037540
55575882
52939984
66469011
9227208
87256757
70993027
41116523
69640905
73835130
37344669
14959756
87179562
53108517
32415037
4296458
58116181
66404019
38304150
7195096
7799845
80238989
45545786
39571357
42865214
88697677
53288234
45791413
49821284
76345597
39443375
73342780
60902278
42950579
49889476
4262682
5639792
67091177
1485138
2380120
44456287
67047838
13466532
33460837
86104484
89116614
27191367
21876887
22755929
2896171
63705611
14050177
94852377
39863880
31689653
66637740
32599081
66907015
29771772
78194171
65041790
42177812
68707340
8891346
48843005
92031380
60878115
97971870
68366210
27607667
13563599
85694047
3994705
50128143
40393609
18847969
78086589
30302610
52668277
69598709
77346824
72033022
43119590
2245943
80177228
60245981
42181316
36473095
64499038
98208008
69001596
69601585
43311840
71286014
85839110
60497603
67307168
53314875
80486389
32017820
20020555
12425862
6140231
28609769
80639550
79359099
98691208
10497007
67225917
42469887
86981602
1199546
7494479
23660168
57925999
41558228
55430403
30830242
93928515
41357237
34032671
16503361
35188268
68813630
65368926
42870261
91544159
80994972
9512969
41898961
65687687
15887788
85907691
61892955
82523135
51642325
5508810
40718371
76959110
41429301
31282624
65205839
10837626
98535320
3149569
76867254
67628768
43480539
7840523
17069238
8234739
37720464
91325695
32696550
1384879
10160363
7610791
62231814
43731005
99885323
27574105
3667043
1121909
51776350
95918849
32785364
47980231
76901637
59885186
87985292
62872515
54037710
66962027
86473266
58551462
72073574
25339977
50194748
16810148
80424583
83182653
32388015
33693663
13256976
60771593
50205698
7871259
22714645
97256714
93168019
6261875
35877385
82425775
46092336
16213283
60652140
87775728
97397832
93290145
88841421
24271361
8695060
55955419
85460240
98296680
86449721
97806846
71315121
78539405
89034887
79771391
86037751
20051961
47259364
48045538
52756137
75407649
37815608
71374907
61443107
19801909
2997184
86846036
46453000
44470291
15128978
43062126
91728967
8233303
59495080
46923587
81682610
60342093
86175351
63926150
22611363
61593671
18358696
47489934
65976262
31311452
21948122
62142169
86959627
52484569
98582346
89691064
97829595
40182843
86966246
10436791
97954801
30413026
7121798
21973442
36998461
12548768
90826447
69068903
65812088
18992610
95908563
21473916
95033217
89776388
40449765
67906106
79266448
14508771
14175349
30283835
79052392
51229476
93122714
45784188
73705558
85559502
15021393
82231845
65216718
30148106
13270670
43828062
6802887
85888104
62272664
13270971
17648225
78690277
84073199
4953898
30945557
18324459
65032017
20002356
50289638
35374810
93914046
37746356
90967274
34407631
2793018
7260873
72105634
71994080
39275167
20649874
7223024
93467241
57232687
3004129
7174051
48268862
14600499
30248450
22707503
91066530
79630423
74500775
90444595
21309199
67176921
90625067
22030940
41498478
31247618
34248132
97586755
72471262
87034913
61649503
55883243
14826221
25261537
3662765
43468636
50457402
92709884
35357409
8307731
15499180
62977401
53211585
73315828
29251219
46287178
97927161
90204138
58596020
98393114
52485571
33409139
16189317
69195892
21698532
40796747
6924399
94282230
48081533
65826230
11997297
76182999
50387337
25756783
37051177
87518299
83400373
90093266
63550044
60872301
98314507
22467841
12662686
51390266
51463713
13713921
41993214
55189729
3371898
31965989
38073665
63887090
8714948
53123698
55942385
33919512
73669764
20171292
14388346
24095617
96350824
39500930
90344605
57209530
17873206
21756316
29029217
92374740
59539124
80640798
21710165
39043841
16236806
37997273
61737933
66152376
1198400
46919465
4199983
88187098
69678911
25098655
61593457
63543958
26669811
2427432
74974913
39100841
92141338
58514480
10121642
18632206
21325777
78631562
31815456
20924924
14118382
27344175
55625306
55143753
67110926
88116303
43717567
13183217
88686808
69197819
85769459
3270789
18239808
15288727
31980167
42485732
59958418
31841057
48179075
20589575
27882572
10726487
16709907
43145090
2097885
57274141
35275802
93563373
14209984
60979173
65626664
49406594
93821712
12925117
86489101
6779078
93553949
68086115
10900983
32448866
17513570
86227240
35846882
61170956
85374338
89024526
62961799
61811137
25383043
41140558
35951517
93564744
36776176
58017146
83432857
58840966
28630507
88200496
36254728
64379065
76162474
47398749
18439308
1240077
32944135
70163793
12057426
17179172
68947686
90498735
70704927
65755274
47075832
83494883
92651812
93510581
36407518
60474703
75473049
61529970
1576167
87570086
4487346
12379132
2050484
82274005
75168396
47475549
35288247
94396559
90545459
90427755
12856992
36744134
21938772
77341137
5715567
8823028
90252576
75640493
26861777
20341405
61858031
23809250
83125021
42042083
57013997
47994780
7328409
98137426
28312876
22163475
12324694
43415063
85840008
24866235
66362318
41220080
48676462
70189102
26663598
57036915
20369552
60659687
45390045
98554646
89600340
97234245
88163591
29500172
23041761
55062814
31057520
32577908
72828965
77482744
52770451
5371336
82855104
58173399
25404744
84874770
27530639
75644913
12078910
89608319
27934180
2637948
66277921
34847002
53792991
76385042
36265262
43081624
30797520
45170255
9590260
69263874
40985156
81586914
17687468
47019401
21097511
35857185
83141587
66724088
4550580
51801194
11303678
56495291
84911170
82463839
76945426
21533938
43290948
56808734
88431247
34892131
93097953
85129435
24130187
50284448
78355492
15774149
87461417
99297359
42026840
34996561
4847728
73132281
73115090
47623484
44622397
17045381
36577435
27595464
17522266
92054588
25696513
75673670
87036295
55593054
2973226
9044795
53575968
61247093
93684822
10253074
78142755
73167380
92744688
27782534
29964676
61831712
55211704
74535340
28944049
82426861
94120119
1999853
28065483
52293717
77703857
70560158
46178718
37438780
12478643
17762093
81769343
25663925
96520383
74792834
61745813
11739567
29552922
43972799
20117243
89048705
73316555
48953696
51018966
14730017
96526080
5432637
52759003
76636207
91686489
81387988
1864530
45096901
81215164
46908118
38919819
52445679
1055887
71774788
96245266
71660494
38273951
20423705
75280084
19837832
47169478
50162559
38474762
13120065
41216004
65842078
48094318
26068782
54753115
59120799
70228269
85877759
7326809
69344330
4878908
86105641
59364194
60885912
90439559
82977807
70257597
41436184
17180888
56912826
25236215
33078741
18031562
48713810
94532189
62850901
88565046
25515442
55493981
60139713
42217925
18396036
41672048
88771414
4622565
81067644
66049018
96621207
65097107
10184104
98818849
30697283
43704056
47057778
22981537
18047051
53585345
63760852
26670082
37382058
15100529
82438101
63813225
11499335
39247432
26177941
30851254
94782402
86089583
46592008
59872339
9428466
40652286
44110754
85554318
45189704
18083406
85616243
96615421
39692414
3340263
75536211
85586443
83841591
79093242
70852031
95729987
10567675
51885724
16803779
10708506
66021415
93932852
39601981
76630889
51981939
78108959
22475143
37127829
49187218
60411002
10607491
85633759
89894907
67239600
68186624
51975666
54293104
20944263
29615801
19698475
73129832
43198812
26374755
50276426
33354494
66952894
32466521
67264943
58694268
55861382
91871735
66745927
92773204
69010988
53574354
87821425
58668804
26429008
23781223
79133921
2393310
56100203
84840962
71053338
43048102
90533863
90121089
86956074
3937281
89071388
91961543
60794121
83672879
84261609
38938357
43384416
72174432
69150076
24719114
19897692
73813491
17644297
28942109
21944143
66228024
22289167
95530612
25519915
34422666
32024615
12389100
73842647
55028049
36527344
79507896
72724022
4866382
47010146
91920396
56604596
31596920
30479493
85066959
16134515
41727680
23469932
98333702
3596788
79755182
18183264
72442990
65657780
53329787
53069968
18714679
63057667
57044425
12186146
30071620
89725237
38640756
82805239
64963213
55378265
54347902
53564213
60360365
40618270
67892691
78368107
82984085
96532805
9058129
60291297
97527023
74870153
3201619
98769237
98432572
8823077
36326952
33728442
98326256
89175101
14225653
52596626
77003108
62940498
58091700
42843094
80812063
49426644
35715764
10266587
52072666
50844067
35066971
15947602
5445526
25136183
74516155
76603006
21395315
79672068
43206633
68466213
46641209
2139619
77709799
17165462
86237708
76632838
96581823
99041565
3870670
65750754
29589492
93560929
8578809
36225402
54801502
69141071
91128491
36504642
32813171
89147196
1085374
88996030
87958834
87032020
61748595
38311767
91126506
99202430
4154368
33049844
59309543
86793729
84305746
48959802
44075408
5219260
27971970
17807568
66696921
11377333
18247265
20986895
1126238
68919572
99351867
12408160
91707636
42308075
62184979
78281354
92590937
15174499
33082696
85520376
48805936
32477376
93751262
90349897
65616632
48321329
60085279
58578483
69213063
58490426
72776159
25399432
11531274
84531183
89446091
63125947
91618406
6793948
36198345
18379620
92584968
62505175
86721861
81266439
71375951
99111355
1581166
20967513
44473177
21234388
81031295
14977584
5324388
92098662
59875114
56869816
91450756
24376918
80555445
52794319
49011266
18408762
66241817
7587453
3038646
75910556
41637130
70525953
39393440
66001355
66798109
13182354
83758153
89830167
78448004
9155434
46638648
24992924
36655726
19870938
47788601
2214852
93038372
82542458
22705524
15537596
69345641
24722632
58593806
2606678
26830252
61609887
81229786
56528388
19888579
74907281
85544697
42374059
88475236
79737696
75399386
75463675
65759980
64914592
27904288
18737014
81965814
87231335
10050072
74918275
89710516
99624987
1785214
21827932
41333143
87596934
93110333
8008013
21165319
49614929
9597256
11536614
95211079
23113300
98968338
86534535
46123187
97617019
56139715
96764530
37458960
79916738
37912379
25950579
36300133
35960076
92432872
5933201
92800189
8564458
22755518
11751413
79026680
94479306
60254938
18728963
83176155
73958478
3875382
94430056
33211947
89193508
56999902
98831746
62781585
91608896
10434108
60582268
8471455
44500684
47992696
62794491
73257769
43879325
74192970
21028740
57618930
38008260
5872378
24357618
77176612
19004688
9205740
25313906
92434139
6236491
10522506
37167743
18455678
87798892
49347431
54615790
67032209
18623468
7112999
24922845
55212772
30783818
64234137
20985581
27162558
44097481
31447698
88582483
99908133
85614641
6709043
12045395
92029750
93016200
28031343
34572224
4698192
35377362
86665371
44885623
35686731
49816760
29824528
94288978
19329429
67981114
42056321
70410234
54508311
66490743
5170501
39900924
63977620
80278514
62431428
5940643
24693392
32210158
62800756
87297200
92118700
67267220
6717163
4854459
40241091
71056572
59468919
12467304
57224921
30168162
3218961
80908799
91288360
90177792
69863365
59418019
26962199
46947689
89334684
65986786
54889679
67102449
4334569
39763130
8011551
6706155
4498133
9704369
89026735
75741423
58691136
50712569
8219461
51070379
55195286
45387653
47307257
47023814
51563922
33019656
71334269
91248835
57014500
98661515
26258732
70535299
53029012
56185709
65101628
17492708
29255544
59595370
44970039
89475751
4036353
5270485
85524048
96493022
29038123
56337124
32840953
60710891
50355103
10773852
65668110
33695339
81906926
98895538
15771555
74442394
75897304
46320126
31549252
2027225
96392235
47708694
72505590
67115298
82525761
19067946
49310759
78572652
29413550
65217223
30577455
74361787
81196447
44815690
59224528
96446778
40514789
81170508
77882015
15537371
58925306
76182266
1874230
75603730
63428405
35462449
37069986
69781265
93282924
19683592
36931605
52536431
40105790
49724797
14801771
51751937
96372176
38901478
92567784
38639171
33124898
82474647
88268859
80026609
86487594
75925465
12343959
38790277
54405722
58262496
48777857
80007122
35871425
59115596
38844147
34922247
51787894
71525934
74701992
35308260
39529394
53334070
23987496
7721359
8317963
12975969
31843968
27960716
34446590
45776421
45479612
33097970
67844687
63916057
54986025
60176574
54391855
77187960
30529939
68524609
22209227
56802061
69899178
85639604
31341480
39145137
73990456
42836855
6420545
15277687
19008509
73061233
54453375
24597795
50690649
23348607
97886205
31106119
3871761
84546128
4560863
18225719
40458110
34178313
12707448
30617949
43225181
18387798
29817639
74102227
67143610
12218530
61089488
90881578
21066932
65651280
80329014
85519087
11850155
59363765
67402947
89009163
57516195
8885819
63686362
72802264
85958857
89834023
68104651
83492518
61645494
56312496
83579929
32730583
18724113
22641231
46414230
40134276
21407204
72633426
99375253
42220338
43271136
20109239
35482896
15914511
50757070
61599907
21604414
57529735
81694103
23672653
73341582
47675163
48264864
95872878
92491170
49997511
81326115
52780605
73618065
40532302
33227282
79535134
54195013
10197496
44420202
43938583
84246632
20044743
21143349
53311589
45394842
73891165
9415256
95293200
44139049
7737438
58072769
62402292
52644337
17311140
51330354
67807963
26159616
32330991
99211064
44892929
7125338
95987896
90576011
82056697
57843833
15478314
39254770
55561596
63733350
70905190
98739141
58738578
40176217
91757303
66564677
67031671
62784780
22345313
81046900
20248836
24411595
22046078
88173753
82726655
88937385
84132579
16771608
94816467
17349854
96190137
75023776
55875638
57142839
64021128
29299365
85291561
75523161
66173592
94396379
87149276
9104303
34770334
15658560
3884986
65807575
95575076
33375240
57945125
97429396
40621995
47939074
45512968
80057932
27874456
83149297
75928970
20335192
11172201
61046781
67325483
18153682
79469627
23181940
52468605
65789097
53282802
78974220
78136626
73736971
86647584
45047332
98451757
47004205
21400256
25743718
95901689
12341238
53691464
27025486
39468100
94257454
88308595
63747348
75837047
7630432
97041733
10572012
56296894
12685669
66839523
76247510
15799287
41150827
50471466
97686466
55188019
89868206
47429957
6642864
18301277
5642285
4167321
9590237
43765376
90822072
29050131
6679474
26733255
55769692
17113282
43268691
85684842
37641981
66114571
58481462
57640426
15349842
30201572
2401029
74176617
83352240
51501523
70845934
47571158
93424420
2744558
33518833
95558785
90517558
93918460
21036908
10408080
41546660
13003747
11108903
86738860
69376820
15170815
19892109
26307570
16175312
67973357
47000124
53516860
86292993
19408893
95261297
16409669
47551379
52163714
93928034
19050062
10715130
94897727
67929226
56328945
37473948
89246998
87617411
65735537
13411116
36827337
75757948
41512870
61960452
93045538
19086093
25658084
3584222
87754041
9784823
69572543
28781627
55454592
84640333
19557636
74768971
67800195
99157198
35028799
57388799
49905143
87496173
39593231
12889618
39854391
1628311
59993368
5141352
69747230
74950352
83900516
67862883
96421232
10001475
43981736
92432333
90222773
83550527
81004160
69983449
40678471
23593198
55604034
73707836
47494574
77567526
92822880
18008088
79205857
32534166
33788357
59047968
69199607
3171525
45305732
86831679
6395734
74848493
78943181
37093591
93314125
81434830
41425244
50366561
79080411
92167260
81915571
57961636
90975222
61442081
61643095
21970478
70903111
10309230
65597504
55690705
3667659
63169750
10522460
50404759
40575208
62489732
51126031
5609450
86798187
76030516
81943696
7141953
63219190
5593305
50443405
18269128
68793445
77490840
75901013
18380807
79973513
2378709
39369473
25143229
58437800
70936538
54871210
65941851
33573587
31016957
74596195
64341489
35489688
13438374
72223557
66167773
45775922
73337905
88431723
22267877
89978298
73839767
53804914
23233596
2375700
84068053
74866208
71592180
23424869
88496974
44693522
93729906
30916295
99343960
96074652
61519303
20154029
64011503
2004833
10611408
35475378
92417680
80489170
50281535
26333535
41874420
28006298
19970561
4606163
83630445
82104372
29878321
34271620
92077195
94762907
23649428
59399859
16237956
45769626
16850914
54420493
97290684
79126935
81133190
1473680
99335354
54108116
71185763
7815505
25556534
15640804
66429524
79002396
96242116
13901606
81425367
42804795
94768364
3947993
86429478
41891496
78314336
99765009
9802055
67365916
96905978
77750300
43408187
31883903
6040186
27465188
34372683
42842037
21058529
44424769
82299709
71427229
66204155
84673100
68727982
39380669
82575166
9190383
9604140
8873306
16903634
13770663
57430829
30964341
77961122
39444552
17232265
25313772
59817225
32810491
55700945
56563078
23795018
52332780
72196745
31916284
70355662
48186973
69776878
17692080
64301478
30226295
35091448
50276364
13463908
12851953
47962941
68006176
63581364
23031321
9289546
9241607
25986821
46299946
66961348
73200028
35639314
73151024
68741824
31610989
61570424
81261322
47975095
49037678
88973365
15760360
16634303
1482085
97901618
43974786
82177101
36008356
56213011
40337785
48766660
24648248
80507081
70787426
34370716
19846968
31403879
22078242
8005703
68896340
32319618
75269691
47562637
66126230
90955028
57860693
83614321
59438236
51113307
14350723
59809893
31737537
19989939
87721324
9879933
65976342
34826602
92247712
10191502
80624823
20957351
71338578
14415321
79757749
40039708
59597287
89643481
19078277
55890829
46047843
76213374
85268661
71405161
89748693
70544671
42943804
42916733
66284455
98711987
4305283
91388898
81100915
10716144
31476860
67755647
73450399
34679611
18337572
89040387
4652248
42769146
95535488
1596194
45838213
11734010
48604464
99186093
43756018
67783852
31066382
6157500
18669105
46322102
66389372
31009092
18513041
12265434
71833397
1446290
33307486
27785384
15972435
38124877
91729776
57014155
54057120
7225555
52502079
51126474
92469202
39180548
52816207
1499986
14454460
37851360
96284094
52723600
22354769
83467987
39445645
48575898
15773105
25878214
61870184
10856430
38383961
2882677
47134082
25864082
7459984
54750869
47775098
94601189
33705874
35318502
12008613
78589183
43801069
37668283
24044215
69173752
41388099
11077697
29472386
17783202
55121068
21418016
5516897
28326716
91365129
75517827
34192545
25036526
94563081
66182462
29013668
31050532
97573870
25945063
24516109
66781559
62525618
81048163
13041274
95941984
68350149
92796611
83180996
18691286
52483379
1165493
86025784
75826413
54821984
63716255
38076140
49446077
52128578
41017957
4461896
93126465
36831450
7022863
32165284
56025752
48530238
88662784
53401389
5865960
36235242
74526157
83951614
21804470
73470945
80615812
75625181
30482451
61028613
54065558
26234043
3725150
46207902
65800835
37253187
64635455
74424619
30975666
30873251
93274214
16908948
94172095
73080479
4610386
26797056
2245649
61274653
19582580
3094328
27158923
21148886
78760897
55765163
78905218
41565518
74926091
67337376
2100299
60185866
74568507
88455020
34624368
20288960
19339907
75892926
3391337
22714765
69529256
53273109
27215546
46457732
9823063
70466780
30052617
9973316
68140343
77835360
53884091
66494102
15459016
16104371
45543735
60769254
35082860
52210817
59437461
44997065
30435583
93409288
65537563
86247845
55039156
98360819
9592911
58359098
33059533
99390642
71799035
80492303
56858299
91608160
37124785
6925730
31619671
11758299
65932150
33289978
50194648
60973431
20689806
68380173
43571914
57017655
56833139
32142580
44047549
30679878
29899134
56038810
8337651
25606722
9378002
49647238
12730856
62715008
70206276
97970548
73719015
89010274
7667008
5451028
26379604
95760540
9717912
82407748
18907767
67036141
11644580
11652827
30995778
42365774
99705878
50868741
30385370
4070603
73018199
3393274
66202623
53057380
64112876
10839671
40690908
76497726
53060479
70815302
77248419
32650697
55236818
13131064
50208709
80439094
12855671
88518854
18512552
94295883
65826465
48681681
56332087
34312905
74470373
97788177
84000635
28035399
57911718
65381415
44048076
34332029
58875087
84531747
93928731
59349934
63507782
57563312
89325892
20108967
61909875
16052377
58749255
70921799
60597124
45843608
92123475
13110405
44240648
20645437
29339228
29287807
72807400
63629093
37687994
66198324
56221203
62896426
21628375
62782089
98053510
56539726
41231051
8737959
74742474
33001247
72147790
26825288
53662558
36882877
55890006
93332134
34369461
24818411
78212625
24492088
45900566
51928280
19132199
11214635
46799520
5959426
37166729
71486578
33846764
34592208
92146494
77884582
74696215
82652430
27474404
47785110
98726308
72497897
83935096
96389440
84944318
38159688
53082540
7315643
30892885
79540550
20429387
45783823
90451287
57709666
7601793
97428015
28371352
82821152
2415619
22762209
73910005
42655824
6980178
88549049
45279811
70025395
52705157
41026083
62026378
61498238
74567228
91539332
11159929
20260746
78936019
12521778
6052228
12974533
30938727
67767418
46130116
20242402
75995674
51214353
40713673
40095273
34601245
57840161
92900422
18159105
35922427
42897637
28860785
5458036
75509166
14231464
76684671
5573389
68368805
85640269
59067682
89627994
59165591
29816670
77783774
60638003
83998545
15338109
63300581
92949846
38285836
42951323
80512693
77114800
45656360
32794046
43193407
7620985
28276772
80172955
39117077
11513650
52707624
58304578
58073661
85974389
65136413
18010842
97269291
14965552
12926846
16855485
36243952
29593378
90610465
67609366
27734063
6613675
4799993
14360100
92132553
9345345
83792069
42730444
7955376
67673362
20909158
99970365
85885928
96767488
3751200
19074552
94779048
16025900
66758709
69514228
63477202
42873311
15112420
19502684
29415554
44973401
51033595
99225004
2432171
52279757
10853887
78032555
93187374
80751568
94700458
35771802
37918972
31039528
23518898
14197134
46254678
88644811
51788235
12520379
35918983
73615238
28574419
84564391
61934211
27436035
26402375
51570147
31063475
25582962
30563634
65340269
60229987
4088480
86239246
85658519
47292608
83472609
58807053
50882947
45271217
81784968
15134503
45490930
95680204
33630349
20857169
68039290
44051541
70330238
86454938
32104491
83543812
35847192
83338712
24585670
63984188
78019157
40284194
51565413
60748081
21704715
80163602
21885696
34883466
12977570
65918286
60004219
20364631
86254494
89161173
55517619
41262850
99594990
63615814
89847217
8964481
34049869
67915083
65621969
38982689
16209562
40464314
55945008
30959443
1891987
84996310
27663113
56704291
10640091
82173866
12871078
16043283
42043872
27070776
92105547
39381655
36673337
27225217
49819768
87275447
18837575
68183233
64264867
58920492
55852935
10578342
37326220
97115364
21745240
1635896
98561299
27794327
96329577
26203947
22989903
98515471
44967494
17477388
87499633
68439923
15239530
56837580
6698906
60411603
81703517
39681510
39022006
98520304
93470067
12218982
20352560
25613054
70818446
87992611
86670167
24758942
92483642
84167963
25543320
18662805
48817517
96448496
65509192
48033454
71695030
24296024
60455342
87897245
35412475
14674958
84901335
44155182
2304541
86721638
10531805
47935273
38836306
23904262
18842685
82398472
55385381
92763671
96960605
67178436
23387586
65574746
59891425
25428796
37857976
78666272
25696495
6288340
22312835
22444653
73011306
25621185
26909194
44301678
10576900
96849933
29426040
94554500
32286031
54589667
16158912
75684657
59034003
88190381
34098684
23698538
34278536
90415137
99274653
83522704
73899826
74738048
7523898
4853790
35333237
93562671
79933458
45707253
93886371
24499443
82775833
89001354
78729135
74547570
42845693
27405283
27302578
61096127
92307458
3077822
23604345
56232408
38428268
20982312
79773702
42989976
2987878
40871176
68375292
27040417
83014792
50817973
88783179
89002270
46605359
19036747
94211689
7348308
60333414
49734309
89012860
51331206
98706421
68573710
31318801
5885148
52128635
68409328
64990700
84250759
87841555
2469383
19677023
13773481
94443205
6322043
10299931
57271165
11651319
67430227
18212374
17689974
85319372
13844091
84341629
26236231
97483940
96801564
9063511
75875957
96331643
63152001
43620129
52415385
1983663
12841273
17404280
70138334
17194417
19889534
34680406
38467845
46278796
93859628
38740307
37313004
61359482
99810665
36233030
23005131
61367063
33673417
67164890
91889981
89063171
48666033
73702517
44238069
66282578
88869028
21132525
97357688
79521680
38883471
37434015
4048989
25752805
5171754
64802047
60784115
62954800
21928346
90848421
65581836
62718606
26132898
27817753
67044794
87790008
61665092
80141965
62536266
25539609
12022755
74605969
26740020
95249328
62510289
57733539
3357976
3908905
33932612
75814238
52998420
7073402
60434846
53483366
45923271
27609394
92443660
53053776
34622267
61091791
82365667
54369579
19940994
70635827
13449772
78670044
90574689
6108351
72948525
7543047
91575341
10426838
82361730
92314933
44087019
10968758
33522125
62806000
18357257
83237476
5065418
59861304
42921484
30582810
81629870
18529112
54733156
56468831
59161831
68818441
48346789
55971802
7671544
70416174
54644595
48252711
36963240
90533660
41082017
85915989
68013756
94008044
56222131
3356193
6364751
39020291
18064081
27868703
26065359
75972532
57969335
65516020
48525359
17363640
36595336
87394188
33642419
22073232
3716544
72606973
48881303
88073867
93655908
26830979
75902490
23679976
94348820
7169583
93291425
50705031
46459959
71927944
59770986
30665936
54914144
48910968
98087994
28646125
19147864
61047634
79406269
16127765
36868520
75381129
80333407
75322350
92225511
84177663
95615720
1492772
72416354
75177158
84999427
63400304
40806804
93252497
61127717
1944622
89331470
84037584
26860147
48385613
68637963
52206475
55373092
88948202
44240306
48207205
90322143
18065631
6401886
41784241
51166770
16221643
93855327
82900265
46762615
7648525
11177719
19070015
79330625
2913665
98260328
28444939
57917994
37700285
79858641
30293259
37693163
55169814
48591280
93659411
46844793
79584273
28353343
60033132
33360758
70968224
72108807
79366265
43811587
61718064
9762313
60627097
27724288
47591357
24498575
72249256
4882940
93171676
86417669
16163087
7173059
41096244
96648679
22966170
43762546
76345646
98688608
62658562
22953801
3444556
85741887
95146512
70273075
93723209
55454165
6072279
27897628
91598799
25291220
62713652
22153671
65453616
90486393
1933680
32063027
29470215
27900736
13313994
54562847
15769051
60208832
63727668
32855689
62652110
87086101
10894403
97975715
76448523
43442600
55501677
43154245
98959138
51126675
68363900
86558821
36206906
85911697
12462912
92046307
91674197
32406029
89052393
93514154
53804880
12334646
80690107
43833667
87248885
76185630
9162663
78275768
62440210
62970832
81917624
58871040
60905895
54415291
4232765
14768191
87916735
68869735
26140288
23539247
71568859
40742751
48755576
12124932
22737961
22541299
8989524
4732503
74326827
73579447
57068665
13483052
78343702
51240509
24970748
49003577
73624229
73191604
91255810
10163506
83749407
56288590
56619218
3389469
7394161
41230812
9223082
58188984
46162296
73558037
54732523
6444137
95703638
81635328
82068380
8497955
96748203
78799341
64217823
51713054
1631743
57519478
4445147
72965909
44369297
45276400
48961836
62311251
47319518
39205701
61394605
81083160
85784600
70774968
19456960
40996353
84265701
15986624
44731038
54834766
71345550
66390572
43848287
71085123
57767398
14068371
12357956
92960124
80416871
89845564
97447155
7645937
52824398
67467001
8066994
33109742
11553323
4246665
99343486
52658340
75887082
96813741
70797035
65045241
17035374
55588733
94394099
15433969
54893659
1431424
54751863
19764197
98543882
65820824
71484403
24554877
67107891
20965508
85493250
9567328
12116336
2996307
35057641
70601993
35366012
85219007
72802072
58956851
23486703
3534821
25785144
61264722
30729252
17246365
6938870
6977238
70762443
3329195
57985599
14146721
83232762
64275113
81638663
82036270
55893837
26327072
87935742
73104113
13142695
96089386
10417627
7186885
85928308
18493266
26549458
4107541
76149854
46742870
15898840
17405320
70259399
13531615
61978276
67610012
5774176
46492775
91445858
22719072
21641413
74246286
17069002
31176822
74081488
98217214
3331871
43495818
46607641
13432134
17356758
9461253
50653217
46558667
42669746
22221194
1128033
77722227
31410654
29812628
66177372
49656757
68651335
79242828
11373330
89295190
95795605
36449713
85193936
17865960
65977412
9473398
79189500
60264905
93991536
21190955
89306591
79664118
20282097
54254652
84703294
22536657
51097529
43769399
19889531
73258760
37999238
51025975
93218162
36044543
69115101
28446423
62426327
78894379
26580564
45671902
15992081
26530609
29666552
27268106
72618449
34912624
57769848
26503959
23986958
89974261
92737442
37763042
89378203
30153390
93601051
24098371
75482421
95887104
88428288
46938209
50122471
30234001
5495537
45225253
43052318
3264771
16143753
28699959
25561567
16634084
4179626
84979856
33699264
50225403
69087022
38341694
30564601
23063894
42622718
56784064
91153145
22768272
53218035
88932133
84751683
38549855
63011407
66919949
40807942
98522706
89193359
13987839
18525455
91693572
46130632
1864722
9013971
19793539
98977862
56257089
42292786
29532147
62991899
26065167
87221049
58190633
98250402
27879131
54982759
21876279
74250765
71744115
83712313
32005067
61842732
53008063
51306823
57610427
15923676
50316116
35372060
31211221
21500547
34685537
28358330
64614524
84880618
26733266
76584990
58384961
55960054
50011300
67102344
22562037
31638898
73628076
85719158
80446170
54411841
67116425
91874403
27524356
17692879
50057221
20713870
48272221
19922748
97004652
54650734
48513097
93829118
89405398
13321947
89273791
64588705
89657470
76118460
50111248
33850642
50601152
84590259
64002838
56757704
84180114
75916578
3430441
17721227
59152583
19259754
83010015
10626244
16178635
45779053
73060847
6580449
75521182
23758331
74739516
75318390
41752134
36818619
97214619
17996177
32111340
99006907
9620509
69809588
9220601
47134572
77188878
53896890
11782239
55651464
36152699
23106711
68299116
82726954
77863030
5687017
71216667
32848393
77565675
79753146
73319699
8242387
17689697
70737676
25155895
40270585
25318409
28746937
39324889
47601895
21384276
62342039
82228873
36706285
23167276
21571560
46891788
75436513
35436802
34393603
4991983
26044415
50678018
15422935
92178127
83945646
18840117
40458877
54452520
56446787
7209816
81814811
48690654
17453555
63831568
87262222
97883100
38806842
19817969
29825452
9405285
16185233
10386986
76336220
92837004
21694417
46190307
34020298
1694226
9427281
94297993
61610075
75642795
75579791
82542294
75959651
96855288
74299882
31302803
81102340
49181720
62397466
53896786
92500545
24667708
79678894
54643229
51955530
21775007
30865558
67260228
32461506
14846172
72169518
58265888
49003525
17635569
13695786
20200265
69824260
80083091
14081203
33633176
81087237
81803224
74459028
86523256
85680248
67197678
48075299
14535956
33279363
33254537
67515636
79873088
11896873
57965281
11958373
16924458
92085993
20897765
85904065
7712250
40053883
23747441
98799622
59735130
60968415
50032825
60293004
71180413
37238418
81395853
98550666
63476620
24109997
10123527
80942479
37477735
19375435
75314421
17089139
60645985
56199258
15369519
22790804
73714646
72914228
93851918
85066533
29158134
40215360
22404304
76208310
48788871
44537525
11383356
75424110
58565219
14200364
84341324
1976049
63797257
69643564
71726359
82960126
42446423
26028579
46838416
66729996
21631347
13090028
30263828
16982071
56375119
89714455
79534277
38685452
13086206
8827245
12712884
54197085
41738322
54260884
67168981
37165783
41421319
76946469
25164569
58978424
96045616
30231089
71125643
13967315
18642791
63969429
79243617
33618449
2010736
4939848
92942474
69339035
84722025
3585006
52564541
4554606
51433458
89330360
8667669
45374611
26351585
76289694
37462844
21682347
72849846
89221121
88263467
49322195
68461695
68989669
25214255
66429893
78740279
42293464
31996963
35244185
78847547
47837039
88495693
63023723
40623405
12396841
22680507
20997247
85595842
40035006
